SK_ID_CURR,TARGET
100001,0.03172302
100005,0.09951071
100013,0.014019186
100028,0.037085608
100038,0.16473335
100042,0.032255452
100057,0.014283276
100065,0.04869563
100066,0.013532263
100067,0.09067071
100074,0.09364785
100090,0.05443038
100091,0.19881015
100092,0.0791435
100106,0.07053319
100107,0.16710843
100109,0.062294267
100117,0.035369985
100128,0.07945572
100141,0.016631441
100150,0.016901502
100168,0.009452214
100169,0.046246976
100170,0.09987143
100171,0.07150504
100172,0.0795644
100184,0.07269173
100187,0.086124845
100212,0.06415026
100222,0.0548624
100223,0.020198049
100232,0.012456069
100241,0.1589545
100245,0.021778723
100253,0.031889055
100256,0.09730457
100271,0.010210071
100278,0.28060365
100280,0.011758871
100306,0.16051014
100311,0.16113354
100312,0.03244347
100330,0.13938653
100331,0.0325838
100352,0.11309272
100358,0.07247813
100367,0.021118704
100382,0.1678038
100384,0.0869377
100385,0.06986162
100386,0.03588342
100399,0.01978441
100404,0.10285105
100416,0.017868668
100422,0.09717003
100426,0.020886984
100438,0.033947702
100444,0.10855648
100445,0.21945935
100446,0.08083047
100447,0.015331665
100450,0.066444956
100466,0.012717894
100483,0.01769302
100484,0.031971242
100494,0.055155136
100510,0.13699898
100512,0.0093829585
100517,0.04662084
100548,0.041392524
100551,0.030589975
100552,0.06624564
100553,0.036483515
100561,0.107429795
100568,0.597866
100569,0.01631288
100591,0.09040278
100592,0.02119515
100602,0.09023994
100607,0.04703536
100613,0.083262034
100617,0.15032168
100618,0.092025414
100622,0.084180124
100625,0.09556239
100677,0.20049196
100699,0.026653737
100702,0.37447476
100711,0.0766501
100729,0.14353085
100740,0.29520038
100744,0.17456526
100745,0.048550226
100747,0.12659292
100751,0.19659725
100752,0.047453895
100753,0.27800742
100754,0.15788119
100760,0.032139592
100762,0.079321705
100763,0.042493217
100765,0.012560909
100770,0.085714735
100772,0.035157412
100777,0.047660813
100791,0.018157063
100792,0.007971427
100797,0.025806235
100823,0.029087149
100826,0.022301631
100830,0.031673383
100836,0.32464743
100872,0.122851886
100910,0.056494422
100913,0.15355153
100918,0.074846596
100931,0.009098565
100952,0.052613486
100953,0.058482617
100965,0.19154105
100970,0.036147803
100982,0.17522463
100983,0.24986817
100984,0.040657256
100987,0.05907465
100997,0.071345866
100998,0.12426012
101002,0.073148295
101005,0.16053635
101008,0.38598454
101020,0.071801774
101021,0.024309706
101024,0.09664861
101025,0.22338526
101026,0.0473586
101031,0.014485612
101041,0.018508304
101051,0.005954105
101055,0.08259792
101056,0.3429151
101057,0.063860424
101064,0.028113117
101079,0.12949726
101087,0.023947831
101090,0.022534784
101092,0.11713492
101097,0.085690916
101099,0.022009773
101107,0.10037676
101118,0.063969105
101125,0.07107463
101126,0.020659158
101128,0.011440455
101136,0.11542339
101140,0.28247193
101149,0.12352767
101160,0.08281695
101169,0.20897047
101181,0.027873145
101186,0.01549243
101190,0.07805046
101193,0.10105349
101194,0.14238025
101198,0.15064566
101200,0.015206299
101204,0.04455041
101211,0.06889704
101213,0.09304008
101223,0.062098734
101225,0.089262396
101237,0.13603319
101243,0.071358755
101244,0.19628805
101258,0.022964684
101259,0.22017816
101268,0.110561386
101269,0.0186769
101271,0.101520024
101279,0.033732582
101281,0.0755655
101287,0.023763508
101292,0.042210203
101294,0.03585984
101296,0.084371336
101297,0.015970336
101299,0.0237818
101301,0.042744286
101305,0.07956583
101308,0.12701173
101318,0.013218939
101327,0.29546916
101329,0.0155573115
101332,0.034629174
101337,0.06390361
101343,0.012266156
101345,0.0207057
101346,0.015298343
101353,0.01731927
101354,0.10926304
101355,0.17060503
101356,0.017786538
101362,0.045241307
101363,0.2993114
101365,0.01600763
101366,0.08733199
101367,0.23406357
101368,0.022164728
101374,0.14216459
101380,0.015863925
101383,0.021886151
101398,0.017104642
101399,0.23932649
101401,0.22489643
101412,0.05259111
101426,0.10839962
101427,0.3772028
101428,0.24954088
101429,0.27120444
101434,0.032017797
101440,0.1310872
101448,0.07234046
101449,0.059630033
101465,0.024848573
101467,0.021508984
101472,0.0695256
101478,0.13820702
101497,0.0520122
101504,0.071995325
101547,0.024660429
101548,0.12076601
101555,0.0802392
101570,0.01855139
101572,0.056953847
101578,0.043391086
101580,0.20684953
101588,0.12172176
101602,0.028353604
101610,0.07150083
101614,0.04671229
101616,0.033713672
101643,0.117742375
101644,0.06092412
101649,0.039386645
101650,0.104593754
101665,0.010549752
101667,0.09218688
101669,0.037829373
101674,0.08669543
101675,0.019616162
101678,0.09412347
101682,0.055358384
101686,0.06311108
101697,0.17211471
101700,0.41786745
101711,0.03244398
101714,0.034254834
101715,0.39207113
101728,0.023466181
101732,0.073287025
101757,0.13296467
101758,0.04448871
101759,0.07247398
101762,0.015442109
101764,0.07151877
101780,0.2934088
101784,0.013979635
101789,0.0143808015
101816,0.11120118
101819,0.030627234
101827,0.013487652
101863,0.066172406
101867,0.05290488
101870,0.016483482
101873,0.3025815
101878,0.08562625
101879,0.060859878
101880,0.015818851
101887,0.041331593
101897,0.024951313
101901,0.07175021
101903,0.22266576
101920,0.017040214
101921,0.04018472
101922,0.08403014
101961,0.08943517
101962,0.009062918
101971,0.03726456
101976,0.33431748
102002,0.11731216
102005,0.03450542
102007,0.29363504
102017,0.013149581
102019,0.32687682
102029,0.02120612
102051,0.1713902
102052,0.0055549587
102054,0.015300887
102062,0.064919576
102067,0.2212302
102068,0.07499288
102070,0.04487658
102090,0.08850774
102092,0.05780043
102099,0.12694311
102100,0.05230486
102112,0.12132064
102113,0.031102095
102122,0.20135811
102123,0.04945598
102125,0.052602567
102126,0.288747
102146,0.04506431
102147,0.1406606
102151,0.03441902
102158,0.13748085
102159,0.027740704
102162,0.040305026
102165,0.04297453
102166,0.0150509905
102174,0.026085682
102193,0.18482122
102198,0.0433377
102205,0.09599389
102206,0.01050503
102218,0.022496786
102221,0.020341218
102230,0.05029485
102238,0.04385649
102248,0.034970675
102252,0.23516953
102259,0.04511827
102262,0.106441036
102273,0.060658593
102286,0.11639996
102293,0.010127294
102294,0.03341964
102296,0.02721089
102298,0.0716369
102303,0.017593894
102309,0.05557181
102315,0.030107409
102340,0.04549068
102342,0.08421184
102344,0.052441742
102346,0.0871566
102347,0.0093628885
102374,0.042713735
102380,0.010539409
102387,0.02402559
102393,0.037506185
102403,0.01589723
102413,0.060614076
102414,0.007659134
102415,0.04009526
102416,0.112481676
102439,0.03662534
102441,0.030013334
102443,0.009768505
102444,0.055108164
102445,0.117878504
102448,0.037335522
102449,0.042998943
102450,0.16102302
102456,0.012088848
102458,0.08234733
102459,0.03856207
102465,0.0133511145
102470,0.18425207
102471,0.06372443
102475,0.11924924
102476,0.14774527
102506,0.09956431
102509,0.030289784
102519,0.02251078
102522,0.03317242
102545,0.038235057
102549,0.047326587
102562,0.009280272
102563,0.020359788
102568,0.18091704
102582,0.056254495
102592,0.012197787
102597,0.16081601
102605,0.02548541
102614,0.030138575
102617,0.15775304
102634,0.05964531
102652,0.042201933
102655,0.009037242
102671,0.068693824
102694,0.21614206
102701,0.040248707
102703,0.012293292
102704,0.017541176
102713,0.0049098115
102720,0.16254038
102731,0.0497906
102733,0.031025397
102749,0.022069106
102755,0.065951854
102763,0.040628448
102770,0.073180065
102772,0.114841156
102799,0.30106887
102838,0.023471149
102854,0.031920698
102862,0.13188836
102863,0.025533807
102867,0.010055914
102868,0.006498898
102878,0.042973325
102887,0.029533794
102898,0.39917195
102904,0.10085942
102912,0.04991069
102919,0.030910766
102927,0.09175374
102932,0.09062787
102933,0.1036373
102935,0.016431153
102958,0.0922458
102969,0.106452785
102971,0.033777956
102975,0.04812918
102979,0.06621604
102982,0.007611796
102987,0.08994332
102989,0.036063634
102995,0.1025745
102996,0.028108168
103000,0.041567694
103001,0.057639997
103004,0.045000352
103010,0.013883343
103025,0.21380907
103029,0.051100757
103046,0.09808346
103056,0.035028074
103062,0.12019719
103078,0.016371451
103083,0.018022558
103092,0.046106167
103096,0.08341501
103097,0.16334954
103102,0.26809436
103112,0.0577525
103132,0.045788907
103144,0.13943395
103145,0.10768934
103146,0.013429076
103147,0.12541945
103158,0.011002046
103171,0.08303823
103173,0.022034997
103184,0.032385137
103195,0.19816373
103196,0.05047927
103206,0.008325674
103230,0.1997003
103231,0.1648744
103232,0.038095035
103239,0.062242124
103240,0.124649405
103243,0.022506924
103252,0.13329716
103258,0.03724749
103259,0.17585199
103279,0.02172211
103280,0.005692783
103286,0.012047643
103287,0.44204247
103290,0.024548804
103298,0.030305987
103315,0.01316784
103319,0.044679433
103334,0.13617656
103336,0.075774536
103345,0.043591212
103368,0.022511672
103371,0.15424348
103377,0.0413676
103398,0.014666687
103404,0.058390252
103408,0.20767514
103410,0.060819156
103418,0.016847141
103420,0.24610682
103432,0.08451983
103433,0.020794695
103436,0.02385153
103440,0.028780574
103453,0.0865664
103459,0.03545552
103460,0.03287831
103461,0.009014736
103462,0.041918993
103473,0.11557939
103474,0.030898305
103475,0.19498676
103478,0.21965098
103480,0.117330045
103484,0.015490639
103494,0.085045084
103513,0.07782205
103515,0.08910673
103516,0.24066988
103525,0.13974674
103541,0.38227123
103544,0.014106709
103562,0.25659817
103570,0.39054647
103572,0.18651792
103574,0.01608839
103575,0.046334557
103591,0.08307442
103594,0.035009846
103609,0.06671149
103613,0.06569803
103614,0.044769157
103615,0.066232115
103624,0.044247497
103625,0.19050024
103628,0.2575829
103629,0.012773407
103647,0.05028448
103648,0.051544633
103651,0.033801448
103658,0.0092464965
103668,0.046548694
103669,0.02959703
103676,0.050412413
103682,0.07226065
103683,0.03934241
103689,0.020181943
103725,0.029205922
103733,0.10320932
103744,0.015662994
103762,0.067137085
103771,0.3488257
103773,0.0038835264
103783,0.05962904
103784,0.06842849
103808,0.007691137
103812,0.10073015
103813,0.09093258
103814,0.067373544
103818,0.13069376
103824,0.028452775
103828,0.01219488
103830,0.1978747
103840,0.02043671
103842,0.21550976
103847,0.20499153
103848,0.059846684
103851,0.027549842
103854,0.11654118
103857,0.13135095
103861,0.0073685944
103862,0.089132056
103865,0.033227533
103870,0.008427059
103876,0.021338161
103891,0.40103003
103908,0.11968838
103914,0.087492816
103918,0.09745044
103940,0.017745854
103963,0.09255409
103966,0.09973522
103971,0.20418894
103980,0.10627052
103984,0.083213404
103985,0.020337848
103998,0.24624714
104019,0.010035954
104026,0.025749551
104035,0.10332887
104044,0.054407842
104045,0.054634117
104047,0.1796671
104051,0.017845329
104058,0.08471403
104063,0.02033839
104066,0.15753205
104087,0.019011486
104089,0.109571375
104095,0.031866953
104098,0.10738479
104104,0.0316164
104110,0.2732349
104120,0.050229944
104122,0.036678445
104131,0.037565064
104132,0.10884543
104135,0.04688486
104136,0.017048905
104149,0.0712146
104150,0.0599305
104156,0.4618222
104165,0.11518945
104175,0.022737296
104179,0.046449676
104184,0.11695681
104206,0.019856635
104216,0.33531362
104230,0.18198377
104257,0.028097767
104272,0.012548276
104273,0.07975937
104278,0.026618004
104294,0.1480029
104295,0.020618139
104297,0.019495366
104298,0.061326
104308,0.05900851
104318,0.02621277
104319,0.08523943
104320,0.16640645
104327,0.09821098
104334,0.07543898
104344,0.057609234
104350,0.021504268
104351,0.08408149
104354,0.03098138
104369,0.122870125
104376,0.07381452
104381,0.026677443
104384,0.07115268
104391,0.020505207
104394,0.03736082
104398,0.2794594
104402,0.014709632
104408,0.054120615
104409,0.020550024
104410,0.3942327
104412,0.055431217
104417,0.10675341
104424,0.06761096
104426,0.021214936
104435,0.052683692
104445,0.031200368
104458,0.00821282
104460,0.04681085
104466,0.0122078275
104472,0.057523064
104473,0.07443489
104479,0.016688013
104480,0.015966905
104482,0.077380426
104499,0.013392906
104501,0.0066637998
104502,0.016937947
104506,0.13166
104510,0.007403757
104512,0.05153511
104520,0.22528942
104528,0.106105365
104529,0.013438752
104541,0.049051914
104578,0.027614947
104584,0.032701448
104588,0.06818994
104602,0.14295495
104610,0.033870738
104611,0.14054097
104618,0.064554304
104620,0.046174772
104622,0.021380378
104624,0.049357288
104625,0.13285793
104634,0.06886099
104639,0.12761559
104646,0.0482765
104647,0.059507754
104652,0.02310932
104670,0.13910878
104677,0.013968007
104685,0.09973888
104691,0.03128737
104696,0.0757031
104699,0.00888233
104712,0.0744904
104714,0.030385634
104717,0.09454704
104718,0.01968158
104740,0.0394105
104741,0.03569309
104743,0.004191686
104744,0.022969214
104747,0.048455026
104767,0.06044385
104772,0.14306723
104776,0.2368689
104779,0.019267984
104814,0.028412532
104815,0.016300933
104830,0.06597889
104831,0.08262743
104833,0.035636757
104839,0.019344687
104840,0.020899452
104860,0.21677697
104861,0.023604866
104866,0.062078368
104870,0.017808218
104877,0.07112689
104878,0.009743895
104879,0.019782834
104880,0.041014224
104899,0.026345016
104906,0.039505392
104907,0.10645818
104913,0.110721886
104916,0.06983229
104921,0.078075506
104930,0.028392164
104931,0.34475535
104936,0.032038163
104937,0.0804976
104942,0.017105822
104943,0.05134257
104969,0.08682493
104972,0.2746897
104988,0.12610202
105013,0.036501713
105015,0.01530887
105019,0.062565684
105027,0.052811313
105030,0.074401215
105035,0.32351756
105041,0.01807127
105051,0.147565
105056,0.027931137
105067,0.57271636
105071,0.11667659
105072,0.021932712
105074,0.08511274
105091,0.050593868
105101,0.03993718
105103,0.036733486
105134,0.06341628
105139,0.03149652
105142,0.0986225
105146,0.093416855
105163,0.034324415
105168,0.06760872
105172,0.024201619
105176,0.361074
105195,0.030787747
105196,0.26884064
105197,0.01659784
105203,0.03170154
105223,0.060101233
105227,0.14528647
105228,0.016786002
105230,0.22101219
105231,0.23246247
105239,0.045678478
105242,0.077277094
105244,0.030861987
105245,0.06185028
105248,0.025864903
105249,0.064098775
105266,0.11611097
105271,0.22974567
105276,0.08243012
105282,0.022601496
105292,0.10028138
105297,0.008457851
105332,0.079244025
105333,0.02825825
105343,0.08899119
105344,0.037293635
105345,0.10283563
105357,0.057071306
105359,0.06368077
105366,0.051245283
105367,0.050190356
105370,0.007613197
105377,0.03584252
105390,0.034199536
105399,0.008776296
105403,0.08706368
105404,0.05052843
105414,0.030515157
105417,0.106866784
105425,0.15485364
105452,0.058883946
105454,0.14327939
105456,0.08019493
105470,0.038802978
105471,0.01648121
105483,0.16141628
105493,0.103751466
105508,0.08063149
105514,0.040194727
105515,0.016024802
105528,0.38427478
105529,0.019439302
105531,0.06429835
105532,0.04286801
105558,0.010933145
105574,0.009844723
105578,0.011180024
105584,0.28241232
105595,0.14334849
105617,0.12023206
105618,0.041373815
105621,0.032845356
105625,0.10121307
105629,0.056406755
105630,0.014327768
105634,0.02731551
105635,0.02202082
105641,0.07376874
105647,0.11253582
105648,0.08728282
105655,0.030911524
105657,0.02556705
105672,0.10576308
105678,0.1534581
105682,0.13758013
105691,0.045661632
105692,0.026525414
105706,0.047730356
105712,0.023116626
105720,0.03550784
105734,0.013316612
105735,0.041205406
105736,0.18287514
105737,0.011669872
105738,0.16238643
105740,0.17210746
105744,0.059525955
105747,0.049423285
105749,0.16968638
105754,0.08656808
105758,0.042207785
105760,0.057960663
105767,0.095067106
105784,0.09805878
105791,0.022078123
105802,0.22189613
105807,0.2027576
105809,0.014933331
105816,0.062272012
105817,0.022780763
105824,0.06703856
105832,0.06858028
105856,0.0155903725
105865,0.013478885
105899,0.29818457
105906,0.024614416
105916,0.06342172
105923,0.04642357
105937,0.07769748
105965,0.017884843
105966,0.050835248
105968,0.11211031
105973,0.016602954
105976,0.123700574
105978,0.06800591
105979,0.045549527
105991,0.09220135
105998,0.16107105
105999,0.01942981
106000,0.24141288
106001,0.027526902
106010,0.14889918
106011,0.02865884
106013,0.23470642
106015,0.015219307
106026,0.012400049
106032,0.022074891
106035,0.3556113
106040,0.07029553
106041,0.2217142
106044,0.028150966
106053,0.16278942
106054,0.011295931
106065,0.21525401
106081,0.033339314
106083,0.06322929
106087,0.03408558
106090,0.19492623
106101,0.016136112
106102,0.033208027
106109,0.036859065
106116,0.066082805
106150,0.010281083
106155,0.12967634
106166,0.009182008
106176,0.17491008
106189,0.02908321
106199,0.080973715
106205,0.13494004
106206,0.12867965
106211,0.02800686
106214,0.0390614
106216,0.048669428
106217,0.04046773
106225,0.04388695
106249,0.036381446
106256,0.11401163
106258,0.041347183
106261,0.036506034
106262,0.16034353
106264,0.017229693
106271,0.03626292
106276,0.02560993
106277,0.12104747
106286,0.09240548
106293,0.021141315
106295,0.08805025
106296,0.025219351
106297,0.1099532
106298,0.036229834
106311,0.04275904
106314,0.06142106
106320,0.035581514
106334,0.0569908
106346,0.15921284
106347,0.02027736
106349,0.03851815
106354,0.040085442
106360,0.02680338
106373,0.13431145
106377,0.081622355
106386,0.15286954
106387,0.025092453
106391,0.016076831
106401,0.29183283
106411,0.098294504
106413,0.35107243
106426,0.0746578
106427,0.06725533
106428,0.092797115
106434,0.037584584
106438,0.051758066
106440,0.03817563
106441,0.02648729
106452,0.079917565
106453,0.05969354
106454,0.021738911
106457,0.15527295
106484,0.04182151
106488,0.16477752
106491,0.12441461
106514,0.06003315
106527,0.074250884
106528,0.050523102
106529,0.0064815353
106534,0.13126093
106550,0.16386752
106577,0.02467116
106585,0.0830193
106590,0.012133788
106607,0.044444997
106610,0.08398832
106611,0.045225248
106612,0.037854176
106624,0.03924691
106631,0.005736523
106647,0.35161844
106660,0.16948307
106674,0.037241004
106687,0.02407493
106712,0.044808418
106713,0.061121814
106717,0.055861935
106720,0.047510337
106721,0.10342118
106724,0.10365093
106735,0.07726298
106739,0.039248347
106740,0.054671355
106754,0.06250492
106760,0.2261249
106761,0.060461204
106784,0.14350262
106787,0.05667171
106797,0.021468127
106798,0.08400472
106802,0.18234944
106803,0.11649721
106804,0.28052193
106805,0.013785117
106810,0.14549936
106812,0.24707176
106813,0.07896085
106817,0.14972465
106822,0.06053519
106823,0.01558718
106827,0.01514474
106841,0.07793482
106851,0.2996321
106852,0.0637673
106853,0.15961426
106854,0.4027573
106861,0.056044333
106873,0.070464
106877,0.03299677
106878,0.01973684
106881,0.11022205
106900,0.020096596
106906,0.030123606
106907,0.14429733
106914,0.16967295
106916,0.08003594
106924,0.021450829
106931,0.039843325
106936,0.05726609
106937,0.089075424
106938,0.015439491
106939,0.07523465
106943,0.07334093
106944,0.20067476
106967,0.07218746
106980,0.076429054
106986,0.081593744
106987,0.020991234
106990,0.020376151
107013,0.007604822
107023,0.048002537
107033,0.04100953
107037,0.08533959
107048,0.0296515
107071,0.034517508
107081,0.005759848
107113,0.1373423
107130,0.045322265
107131,0.013999525
107145,0.088133164
107156,0.14380813
107219,0.044658925
107222,0.09239952
107223,0.3378452
107232,0.12851855
107245,0.09082262
107246,0.067077056
107247,0.10579139
107256,0.015786562
107259,0.0136009585
107260,0.013476008
107279,0.15815856
107280,0.056697227
107281,0.033366226
107285,0.06515422
107329,0.012840238
107337,0.08192885
107349,0.081380695
107350,0.01917376
107351,0.013065545
107359,0.16281383
107391,0.13732004
107394,0.026203413
107395,0.017381128
107406,0.028875753
107416,0.0806758
107417,0.033618193
107418,0.086218774
107419,0.07802362
107444,0.003247445
107445,0.036966734
107446,0.12759009
107460,0.14234333
107470,0.057334807
107475,0.086425304
107520,0.010559049
107526,0.12251657
107527,0.01865151
107530,0.005640844
107532,0.09289083
107534,0.0831445
107535,0.08070859
107554,0.20956859
107556,0.019632477
107559,0.086078376
107561,0.00978341
107564,0.049954675
107566,0.011668431
107571,0.053852476
107590,0.190698
107602,0.08887609
107625,0.060960162
107626,0.5775414
107635,0.013213542
107636,0.08952848
107645,0.024866682
107652,0.1776472
107655,0.047068477
107668,0.06164039
107670,0.021419842
107677,0.010484247
107680,0.21590737
107683,0.16639698
107684,0.008203363
107691,0.04221605
107692,0.05154518
107703,0.023664476
107709,0.0120217325
107710,0.11072265
107721,0.26129067
107725,0.2416894
107727,0.042211957
107739,0.01738042
107740,0.0643943
107741,0.088207416
107747,0.026427021
107765,0.3248288
107768,0.011985659
107775,0.10021601
107782,0.289472
107790,0.028825652
107801,0.029589072
107807,0.029396595
107811,0.025769614
107817,0.094817124
107826,0.03497943
107838,0.19406097
107839,0.04547486
107843,0.10054565
107847,0.088425994
107849,0.17956616
107850,0.13866673
107867,0.14491837
107871,0.08288444
107908,0.031017033
107913,0.049212296
107927,0.019073939
107931,0.04031695
107955,0.03157601
107962,0.12750444
107977,0.066390716
107978,0.063136436
107993,0.019686865
108010,0.066676304
108016,0.06102398
108018,0.20607837
108027,0.13556814
108045,0.30866122
108069,0.118472695
108082,0.017711893
108089,0.10492424
108092,0.015069104
108106,0.021367827
108112,0.073454425
108120,0.080917984
108122,0.29024276
108135,0.033092372
108170,0.016472014
108171,0.07978474
108177,0.0096033225
108180,0.058144614
108183,0.035871483
108184,0.025855444
108185,0.042103276
108192,0.10729305
108195,0.12618664
108196,0.11697857
108218,0.0313868
108219,0.11334971
108243,0.073243216
108249,0.013580469
108251,0.01896504
108274,0.03746945
108280,0.32407886
108289,0.041659363
108292,0.04462935
108295,0.0644471
108327,0.021759313
108332,0.057960197
108346,0.03812134
108349,0.16149308
108353,0.06728169
108362,0.08195037
108363,0.039933722
108377,0.37261045
108378,0.11784618
108381,0.021186795
108383,0.14429969
108390,0.11603059
108407,0.018407075
108408,0.04054865
108411,0.040493023
108412,0.034114327
108419,0.069150224
108436,0.21379732
108437,0.20765847
108438,0.08072213
108441,0.034260537
108448,0.013753744
108449,0.072087914
108466,0.017810527
108467,0.14575376
108473,0.045119286
108474,0.09289026
108476,0.033374052
108479,0.02276475
108486,0.004812536
108493,0.040022783
108501,0.02946026
108506,0.27653074
108510,0.0735164
108511,0.030335106
108514,0.03322901
108517,0.017376363
108519,0.11309272
108522,0.0074126697
108548,0.16978726
108554,0.09281094
108555,0.09536224
108559,0.096692964
108562,0.023642799
108571,0.05848393
108572,0.026490597
108579,0.07280967
108583,0.022133771
108584,0.011664676
108592,0.033365987
108602,0.023742046
108609,0.035929363
108613,0.12583819
108616,0.057731796
108618,0.08145416
108620,0.017570669
108643,0.02178022
108649,0.033059385
108654,0.18025911
108655,0.009887214
108656,0.03508595
108667,0.07333614
108668,0.10703616
108682,0.063707955
108690,0.057441905
108691,0.046026144
108692,0.1306449
108695,0.05864818
108699,0.028588666
108710,0.15792751
108718,0.19798997
108739,0.19591652
108740,0.013904288
108741,0.014259269
108742,0.049007423
108763,0.00927808
108767,0.16562237
108769,0.1138024
108779,0.2590171
108788,0.02868174
108801,0.02476215
108802,0.049539167
108810,0.06317926
108811,0.017485712
108813,0.04568746
108814,0.12155365
108825,0.05037377
108826,0.10016498
108830,0.08805406
108834,0.060999114
108852,0.018926056
108887,0.15061732
108901,0.10506343
108908,0.022198293
108910,0.042459756
108920,0.042818118
108922,0.015634958
108929,0.11780132
108930,0.025747381
108937,0.082076065
108938,0.02305826
108943,0.13113628
108948,0.0195542
108953,0.072460294
108956,0.08985505
108965,0.015915142
108985,0.17697003
108986,0.107464686
108987,0.025744228
108990,0.013723661
108991,0.03241767
108993,0.29690588
109000,0.122355856
109001,0.076151595
109012,0.3144574
109014,0.049903736
109015,0.19760849
109021,0.028497664
109037,0.049021874
109042,0.19146784
109044,0.048832823
109046,0.44559786
109064,0.0049583334
109084,0.0748183
109086,0.03697933
109092,0.007719016
109093,0.1564659
109100,0.108911745
109101,0.017041035
109110,0.026775645
109114,0.19484894
109126,0.19880792
109152,0.08075248
109162,0.055363234
109167,0.03350258
109168,0.06682872
109169,0.01653696
109179,0.068281956
109184,0.081607915
109191,0.08588438
109192,0.05897227
109193,0.015022712
109196,0.060296755
109206,0.10708338
109210,0.013917258
109244,0.12518969
109249,0.027625851
109273,0.02863316
109276,0.32211506
109281,0.048833743
109287,0.03331789
109297,0.059237003
109298,0.04244851
109306,0.042409163
109309,0.1227494
109321,0.19261676
109328,0.1555689
109336,0.030279925
109342,0.042447813
109346,0.018490305
109347,0.080420166
109348,0.15958738
109362,0.15804245
109363,0.020334035
109367,0.034818042
109370,0.0058200564
109393,0.09254864
109405,0.029153956
109413,0.09717398
109414,0.32131228
109421,0.0223062
109427,0.0804351
109428,0.02644494
109429,0.13003694
109437,0.017573144
109443,0.026406908
109461,0.039209194
109468,0.086420804
109469,0.010764752
109471,0.13113277
109479,0.05825008
109484,0.010087353
109501,0.07605279
109505,0.043866664
109535,0.026089268
109539,0.011126892
109544,0.07145366
109545,0.013362237
109551,0.1669768
109553,0.03298375
109555,0.04278895
109561,0.04960633
109580,0.036190514
109583,0.31572014
109593,0.1358131
109604,0.07558382
109620,0.047035966
109635,0.013824303
109637,0.45936748
109638,0.06872617
109642,0.030351954
109649,0.027916577
109652,0.044133328
109656,0.021069316
109663,0.04742945
109696,0.25777355
109700,0.14463519
109709,0.07959863
109735,0.019234955
109740,0.03809649
109741,0.045030817
109749,0.09121411
109764,0.0172627
109771,0.059540402
109772,0.013899105
109773,0.17921586
109798,0.05050235
109802,0.19750354
109804,0.04621508
109813,0.051419735
109818,0.07041499
109848,0.03821005
109850,0.021518916
109851,0.038397778
109855,0.023662418
109871,0.35097787
109877,0.06272033
109883,0.008076743
109886,0.011507243
109905,0.069629125
109936,0.30712184
109950,0.06839085
109958,0.08258439
109959,0.052045118
109969,0.043309506
109971,0.020497791
109984,0.02794934
109985,0.23282297
109988,0.047681887
109992,0.06795229
110005,0.059196707
110009,0.06622085
110011,0.21274905
110014,0.042103313
110026,0.022737922
110042,0.03831036
110058,0.010875417
110069,0.081514165
110080,0.033784542
110087,0.04570142
110091,0.03721822
110094,0.044693347
110098,0.14009501
110105,0.046237756
110117,0.042073324
110136,0.14677721
110138,0.0988885
110149,0.07954402
110164,0.10569084
110202,0.0700502
110212,0.012304194
110226,0.008400405
110236,0.014026043
110249,0.016240578
110257,0.069387585
110258,0.012455112
110277,0.013713719
110282,0.05084505
110284,0.033982053
110286,0.05270694
110289,0.02057286
110304,0.007970987
110319,0.050776757
110324,0.096118145
110326,0.016385878
110335,0.10909324
110337,0.1111544
110338,0.054925222
110343,0.019213585
110345,0.02575362
110347,0.14391151
110355,0.0048311935
110359,0.04291864
110360,0.106814496
110364,0.0841571
110371,0.13317496
110372,0.020660605
110376,0.05890216
110379,0.14516665
110380,0.043794528
110393,0.06570808
110401,0.22929703
110406,0.02284236
110411,0.0557133
110416,0.022960648
110420,0.0069871736
110443,0.024170406
110465,0.05308819
110468,0.034921303
110469,0.13786478
110471,0.20529938
110487,0.23494916
110491,0.124119945
110504,0.078380026
110547,0.040743187
110550,0.010354759
110559,0.23022093
110578,0.08280725
110582,0.11972083
110590,0.028939532
110598,0.08396417
110601,0.19090478
110602,0.021245522
110604,0.0522217
110625,0.29384598
110626,0.12314716
110636,0.18419242
110637,0.06794495
110638,0.13169114
110646,0.032170493
110648,0.021223936
110652,0.063416414
110681,0.040025715
110682,0.070648804
110687,0.1366786
110691,0.011604011
110694,0.032083012
110695,0.040396813
110696,0.15038729
110708,0.014746623
110710,0.016264547
110717,0.049448416
110730,0.044708896
110740,0.045802794
110742,0.044840265
110747,0.038149077
110761,0.057056554
110766,0.012315743
110769,0.02231163
110774,0.07820122
110803,0.020682814
110805,0.028253607
110809,0.26080182
110827,0.07758066
110832,0.02500314
110839,0.09512153
110859,0.14729248
110861,0.011771007
110863,0.1690691
110865,0.075986154
110881,0.11688495
110889,0.029317528
110891,0.021418178
110894,0.019077692
110895,0.18028142
110907,0.38137504
110914,0.10740195
110933,0.009649466
110934,0.00704315
110937,0.031607687
110953,0.019730894
110954,0.1440126
110958,0.13257548
110970,0.122340456
110974,0.07971092
110977,0.35769945
110989,0.008570862
110993,0.42149132
110994,0.23471384
111018,0.008791537
111019,0.01963755
111030,0.060407702
111032,0.079001054
111041,0.0390991
111045,0.034339283
111048,0.0050850837
111052,0.041384425
111070,0.33707935
111084,0.12686038
111091,0.10071577
111104,0.009447689
111108,0.07054043
111112,0.024931129
111127,0.005257983
111142,0.111140035
111146,0.16127673
111165,0.05859729
111168,0.018368904
111169,0.3859436
111172,0.031988617
111173,0.008036392
111174,0.20732848
111175,0.17956798
111176,0.054214276
111177,0.09972159
111180,0.013409657
111182,0.018224273
111192,0.016525464
111194,0.093191944
111196,0.17642686
111197,0.028558906
111198,0.019675571
111205,0.06322962
111207,0.04355339
111222,0.00896222
111228,0.045127127
111233,0.030976454
111256,0.020376224
111258,0.007386578
111262,0.025770769
111263,0.1648448
111267,0.010000405
111269,0.054214172
111276,0.024617061
111277,0.18614876
111279,0.08446751
111290,0.012280289
111294,0.0099423025
111295,0.08420073
111315,0.16167155
111318,0.046627995
111327,0.0241533
111328,0.08780698
111332,0.10100665
111338,0.013275829
111343,0.17204824
111344,0.028490253
111345,0.39845958
111347,0.03356266
111356,0.015724257
111359,0.121826
111367,0.03175303
111368,0.009985375
111391,0.26026598
111408,0.005797794
111412,0.1095887
111419,0.107105665
111422,0.026733495
111423,0.36667696
111439,0.034975044
111452,0.2692976
111456,0.0562084
111467,0.032214943
111478,0.11346658
111482,0.028691467
111488,0.1345616
111503,0.04072856
111510,0.011985343
111512,0.01368566
111518,0.071411945
111532,0.09947077
111537,0.0074033784
111541,0.09621285
111544,0.098081894
111550,0.010026479
111554,0.12440903
111560,0.1658002
111566,0.036865275
111567,0.16479804
111592,0.028169118
111618,0.116929576
111620,0.08483466
111627,0.015969744
111641,0.20166162
111646,0.31972983
111652,0.03791459
111657,0.020374905
111664,0.042278383
111665,0.058641348
111669,0.020151174
111673,0.02520133
111687,0.007049412
111688,0.031721365
111689,0.022351757
111694,0.08850874
111695,0.043515287
111698,0.02968646
111703,0.0087050535
111709,0.0109387105
111712,0.027103167
111715,0.070282534
111724,0.04653921
111730,0.01378432
111747,0.027199816
111760,0.039353266
111761,0.027471855
111763,0.04324889
111776,0.019744335
111777,0.020498682
111781,0.030867122
111793,0.06516171
111804,0.50476146
111810,0.10365349
111816,0.05877918
111818,0.070678316
111830,0.020817855
111832,0.028034443
111841,0.013278472
111842,0.045441885
111843,0.06636147
111846,0.07711612
111848,0.1640188
111856,0.020843912
111857,0.010273789
111877,0.012374848
111882,0.024387514
111883,0.0704146
111891,0.011729031
111893,0.021610271
111901,0.023763275
111912,0.046363004
111913,0.028191676
111955,0.025714053
111958,0.031250868
111960,0.11039082
111967,0.05150581
112000,0.072982706
112003,0.108337924
112015,0.23915204
112019,0.3440012
112020,0.023337012
112028,0.031164337
112029,0.042622395
112031,0.06681273
112039,0.045598257
112042,0.01780709
112049,0.0051221834
112052,0.14488854
112054,0.01037258
112055,0.017478798
112063,0.07433043
112070,0.024492297
112071,0.06728608
112080,0.020250527
112083,0.019641314
112085,0.03380601
112089,0.064785354
112098,0.24459338
112100,0.045997314
112105,0.082206696
112124,0.039317686
112126,0.06564124
112127,0.02685947
112128,0.02583624
112148,0.03703602
112149,0.026916986
112165,0.13362122
112170,0.04228943
112171,0.04962451
112176,0.085437976
112186,0.02032648
112199,0.07224182
112203,0.03432048
112214,0.106316514
112215,0.018226095
112216,0.054177936
112224,0.09019461
112225,0.026660461
112231,0.32670113
112234,0.083880804
112235,0.01990896
112236,0.08302859
112254,0.17657061
112265,0.105386205
112271,0.036484476
112284,0.020217754
112287,0.058775503
112295,0.15068321
112303,0.17022344
112307,0.062100317
112310,0.011442084
112312,0.10853069
112313,0.0149809
112326,0.07675617
112333,0.018326202
112334,0.02870888
112339,0.03506458
112347,0.11372299
112350,0.1130194
112356,0.1551403
112357,0.071050376
112359,0.0900893
112360,0.09804244
112371,0.24279618
112385,0.031496778
112392,0.045440763
112401,0.16091813
112405,0.08026335
112414,0.22049296
112429,0.054226164
112448,0.024713943
112467,0.09296637
112468,0.11936608
112469,0.097066365
112491,0.17245178
112500,0.13105266
112510,0.31341466
112535,0.16960302
112537,0.051571075
112551,0.036080606
112552,0.049863603
112556,0.07432393
112577,0.04264609
112590,0.06571774
112593,0.0281105
112596,0.20412734
112601,0.018895676
112604,0.1302477
112622,0.016049143
112655,0.03631779
112663,0.010987824
112667,0.0075129485
112670,0.031975906
112676,0.044514146
112677,0.040689982
112679,0.014828396
112683,0.042441543
112688,0.031880938
112692,0.055983968
112696,0.25375977
112702,0.014148216
112709,0.0149658285
112720,0.046529494
112735,0.029115157
112738,0.08153752
112742,0.020401463
112748,0.011575655
112749,0.017054932
112766,0.027958209
112767,0.025791692
112769,0.033688802
112771,0.16692628
112775,0.07964598
112794,0.06366044
112795,0.008700853
112796,0.023300007
112815,0.03669116
112817,0.054428637
112821,0.06329351
112822,0.10499819
112829,0.15861577
112831,0.18859746
112835,0.0459667
112838,0.027506152
112842,0.044954546
112844,0.21534356
112845,0.011601675
112846,0.03447443
112847,0.027058804
112867,0.0720466
112868,0.044508222
112874,0.049119238
112879,0.020923179
112882,0.103818946
112886,0.12022645
112895,0.07095539
112896,0.11355547
112902,0.03956657
112904,0.024218628
112917,0.38888618
112932,0.083140716
112944,0.043033894
112946,0.09438905
112947,0.05003341
112948,0.031979937
112966,0.091189094
112967,0.013842335
112971,0.07670481
112973,0.0827853
112974,0.02222049
112978,0.09414862
112988,0.02251537
112992,0.2270176
113003,0.024678703
113004,0.049342074
113007,0.28378174
113020,0.16996203
113025,0.16977817
113032,0.008627861
113042,0.12714459
113047,0.030625237
113066,0.035431333
113067,0.20158564
113071,0.11180243
113087,0.11133943
113108,0.01355085
113109,0.026556103
113123,0.027550979
113128,0.48642832
113134,0.07518121
113151,0.07503851
113175,0.20490225
113181,0.015825594
113188,0.22388984
113191,0.06445834
113193,0.23175025
113201,0.15607809
113209,0.04118152
113222,0.053063467
113248,0.012374474
113272,0.14082865
113276,0.008773696
113287,0.009803501
113302,0.04279594
113308,0.1551765
113316,0.1503714
113318,0.072112046
113320,0.024426175
113322,0.33415052
113325,0.1162297
113326,0.174805
113332,0.1221388
113346,0.33362323
113352,0.010527736
113361,0.02077159
113362,0.015373633
113365,0.025646538
113366,0.030321755
113368,0.028223826
113382,0.009500689
113385,0.03591332
113390,0.12172196
113391,0.04399272
113393,0.13149548
113396,0.038316105
113397,0.04722806
113402,0.04447489
113403,0.047362033
113405,0.050489422
113406,0.065289326
113410,0.55430514
113413,0.03181436
113418,0.034499872
113419,0.018013641
113435,0.23606089
113438,0.11080386
113447,0.017330838
113458,0.1385465
113466,0.06926422
113475,0.06108796
113482,0.102100775
113490,0.031242596
113505,0.032235704
113508,0.05860001
113520,0.023961322
113532,0.06938087
113535,0.039258763
113549,0.03618672
113557,0.16095193
113558,0.02905576
113561,0.04048616
113566,0.059810888
113569,0.07957497
113574,0.026207445
113576,0.19947052
113577,0.055961672
113585,0.026607659
113587,0.19299848
113599,0.093743466
113601,0.02879302
113602,0.03141358
113605,0.04389977
113609,0.115643166
113611,0.07575458
113616,0.07577617
113627,0.52559906
113631,0.15330264
113643,0.04847538
113652,0.17308173
113657,0.014346272
113659,0.011493589
113672,0.06530989
113680,0.04679565
113692,0.076557815
113694,0.026738957
113695,0.13045493
113701,0.036711387
113733,0.02389781
113738,0.03250183
113740,0.09006354
113742,0.015505868
113777,0.009393388
113783,0.14230831
113788,0.037674412
113789,0.07192681
113791,0.16241334
113795,0.102311864
113799,0.076900646
113805,0.013738799
113820,0.04442966
113822,0.030001255
113824,0.029039763
113829,0.08279093
113832,0.01202878
113833,0.097657144
113841,0.018407032
113849,0.064823814
113862,0.16741572
113863,0.13956426
113864,0.02955485
113870,0.017516244
113875,0.038434565
113882,0.020774325
113887,0.12946384
113894,0.04541595
113909,0.019621812
113930,0.14771219
113936,0.11259145
113939,0.0399083
113942,0.056713756
113943,0.31776437
113945,0.136957
113947,0.011563445
113950,0.021034641
113951,0.12897831
113957,0.07820594
113966,0.14587836
113967,0.08526373
113977,0.042684276
113984,0.1531913
113986,0.08828881
113992,0.019618317
113998,0.011618221
113999,0.25431287
114003,0.04816787
114010,0.040456727
114011,0.28350624
114032,0.00918751
114047,0.06511935
114055,0.052241575
114056,0.3219667
114064,0.28885698
114065,0.047898125
114067,0.07409088
114068,0.013167649
114075,0.029028364
114076,0.072740614
114077,0.0099227065
114094,0.032908414
114095,0.01204342
114109,0.10865649
114114,0.16462936
114116,0.014279182
114127,0.023305058
114158,0.0445167
114168,0.14885561
114169,0.16179612
114171,0.0915146
114180,0.33105522
114193,0.008278567
114198,0.034712482
114201,0.029267315
114202,0.21081565
114207,0.07335312
114210,0.16140427
114221,0.03355209
114222,0.05742354
114227,0.15784962
114250,0.018039225
114253,0.07328215
114265,0.08103935
114267,0.16350938
114273,0.39672038
114280,0.2850332
114281,0.071291134
114283,0.41109806
114291,0.26710922
114310,0.21247546
114316,0.008546039
114326,0.005727001
114327,0.030287825
114339,0.031031992
114352,0.02531783
114359,0.208454
114360,0.036310773
114382,0.16521151
114396,0.1865144
114397,0.04401203
114415,0.08841031
114425,0.053543165
114434,0.033971284
114456,0.14915349
114463,0.020705102
114469,0.008261387
114476,0.027221965
114480,0.005568892
114482,0.1764114
114492,0.009071589
114493,0.056301754
114501,0.042344
114506,0.11718495
114510,0.02113134
114515,0.22962783
114524,0.19062243
114545,0.09926934
114546,0.017483523
114560,0.042890467
114562,0.0885461
114563,0.01930847
114566,0.12934618
114599,0.030697558
114601,0.006737646
114607,0.15098318
114612,0.012257823
114622,0.10507518
114625,0.33396372
114634,0.07556382
114635,0.037823882
114641,0.0076778247
114644,0.0514884
114645,0.033120625
114651,0.015425921
114653,0.008023466
114654,0.049218576
114667,0.027105477
114668,0.30295986
114670,0.026314754
114686,0.124476224
114688,0.17123218
114690,0.07015014
114691,0.006129023
114700,0.02818493
114706,0.01213867
114740,0.054804586
114741,0.064203165
114755,0.009179272
114757,0.012432523
114767,0.0529327
114772,0.23347723
114780,0.10254833
114782,0.045127608
114791,0.017735343
114815,0.11821636
114823,0.048636325
114835,0.02044597
114838,0.010934795
114840,0.016570449
114842,0.06519541
114844,0.1389593
114850,0.19208756
114853,0.010174199
114856,0.27434894
114857,0.047483683
114858,0.08739453
114864,0.06531671
114871,0.027430542
114875,0.027822599
114879,0.04089726
114893,0.028651588
114912,0.116188824
114922,0.054999154
114930,0.010078525
114945,0.019660264
114951,0.006200182
114958,0.05312091
114962,0.049443766
114976,0.050011296
114978,0.055415515
114987,0.054746706
115002,0.018688207
115005,0.051722065
115023,0.1707391
115030,0.00912009
115033,0.11014383
115034,0.059513867
115038,0.0060545197
115046,0.06075768
115049,0.07257264
115055,0.054612644
115059,0.053308953
115076,0.034623284
115078,0.035397742
115081,0.057956383
115085,0.020399185
115096,0.05020493
115101,0.03618309
115114,0.035423916
115119,0.039431736
115121,0.027458515
115122,0.04553393
115144,0.037053652
115147,0.07846359
115151,0.016156549
115172,0.019052615
115175,0.06998724
115183,0.014854701
115185,0.14879583
115197,0.07709746
115200,0.041860566
115207,0.035389505
115217,0.0039163413
115230,0.05692391
115237,0.014048554
115246,0.013156587
115251,0.020054772
115269,0.05516831
115290,0.055912137
115299,0.03435664
115309,0.13757788
115310,0.049516868
115311,0.011694299
115312,0.020086585
115323,0.009215664
115324,0.024976367
115341,0.27546892
115342,0.03356517
115343,0.012490335
115350,0.082639374
115354,0.045840457
115360,0.09517971
115368,0.019297525
115373,0.04943005
115396,0.26320398
115400,0.11711706
115401,0.045299914
115404,0.012147393
115405,0.14142351
115406,0.021932552
115407,0.012785246
115412,0.008735147
115413,0.047805663
115415,0.03850284
115423,0.021029554
115427,0.16938318
115428,0.008812113
115439,0.08964891
115440,0.10318734
115447,0.057928108
115450,0.04834356
115457,0.061949555
115459,0.07143591
115463,0.040555477
115473,0.117907815
115477,0.019881833
115479,0.022150548
115480,0.080422364
115481,0.036999993
115485,0.09655842
115489,0.039913416
115495,0.02803209
115500,0.0403345
115521,0.09361078
115572,0.008640166
115580,0.008862676
115582,0.03885903
115586,0.013921957
115587,0.12037331
115588,0.047101017
115591,0.09160301
115592,0.020048464
115618,0.013020613
115619,0.07068693
115621,0.4791184
115632,0.12166262
115646,0.086794354
115658,0.06461107
115671,0.044771858
115680,0.0880108
115686,0.060106244
115688,0.010270459
115705,0.10474298
115707,0.014063851
115708,0.06610988
115726,0.26093432
115759,0.046189718
115773,0.008084945
115777,0.007937528
115778,0.1445451
115781,0.014417277
115801,0.538733
115804,0.06557758
115810,0.047506258
115812,0.13871618
115820,0.28139296
115827,0.03320003
115831,0.08800267
115841,0.039314
115846,0.17883922
115852,0.013681272
115857,0.013277404
115858,0.11395415
115860,0.040697433
115865,0.01984706
115867,0.12632923
115869,0.052374195
115877,0.04602048
115904,0.0801413
115913,0.023807105
115916,0.018058551
115928,0.04136575
115932,0.030613448
115933,0.046306007
115937,0.3590474
115938,0.032880332
115957,0.042129956
115958,0.05929985
115969,0.010218748
115980,0.11093879
115984,0.012029438
116006,0.050918028
116007,0.124113105
116008,0.10890749
116009,0.12128996
116011,0.021388527
116012,0.07300837
116015,0.38091803
116025,0.09819311
116047,0.028230352
116052,0.05833784
116068,0.021615919
116077,0.031780902
116084,0.009061406
116089,0.016662296
116093,0.019908123
116097,0.07501101
116102,0.105754495
116118,0.04779585
116119,0.010344377
116125,0.06289771
116128,0.037064336
116135,0.010885603
116140,0.14647742
116141,0.022430422
116142,0.07013692
116153,0.06419804
116156,0.014379241
116157,0.036831625
116167,0.020537628
116168,0.13418673
116175,0.033242926
116187,0.03589532
116189,0.12054421
116191,0.12253041
116201,0.16414987
116210,0.08714541
116213,0.04966522
116215,0.17273968
116223,0.035918545
116226,0.0194599
116228,0.013763088
116241,0.012881361
116247,0.023749761
116266,0.03019273
116276,0.3591298
116287,0.0070243827
116289,0.06904305
116292,0.060988415
116306,0.020390093
116309,0.018182553
116312,0.018432422
116313,0.06299781
116335,0.026085569
116342,0.04804156
116348,0.02236938
116367,0.02690778
116380,0.09029991
116383,0.17640701
116389,0.09687056
116395,0.07545983
116397,0.042964492
116398,0.26379314
116402,0.14657411
116404,0.04481907
116406,0.03354542
116424,0.09580524
116428,0.0075875036
116436,0.02206197
116440,0.03207377
116448,0.035504762
116458,0.013772282
116466,0.037181687
116469,0.025643576
116473,0.053095423
116474,0.058205
116479,0.056987535
116480,0.021913053
116491,0.0058339564
116493,0.01757929
116505,0.074253775
116511,0.015886601
116525,0.027775947
116535,0.050646972
116544,0.030594649
116546,0.008547021
116562,0.030412273
116565,0.036241625
116578,0.024705064
116579,0.030845042
116580,0.27994016
116582,0.0098879095
116584,0.01079386
116586,0.022141369
116596,0.01974265
116597,0.08042928
116598,0.0386279
116604,0.2954052
116608,0.014072053
116609,0.064234205
116613,0.04050591
116614,0.063968964
116615,0.0689928
116633,0.07990922
116637,0.033395927
116643,0.0257567
116647,0.08404257
116656,0.042151533
116659,0.053935777
116662,0.052464876
116676,0.064226836
116680,0.05339021
116681,0.03456571
116683,0.1325068
116684,0.030629266
116712,0.03831599
116720,0.05422632
116726,0.108195305
116729,0.021095946
116737,0.15452507
116745,0.024179978
116747,0.0615078
116766,0.010315956
116781,0.032059908
116783,0.03763102
116787,0.020965211
116788,0.26007408
116789,0.0041034315
116801,0.015140942
116803,0.03431471
116804,0.12352069
116806,0.045658525
116815,0.052568607
116817,0.04077118
116825,0.06390374
116828,0.01464907
116829,0.0095155
116853,0.1343993
116854,0.12257157
116859,0.07317589
116860,0.118437834
116865,0.034334894
116872,0.20572843
116880,0.1745144
116882,0.05098752
116893,0.103661776
116896,0.042896878
116906,0.009990208
116908,0.057554442
116925,0.004934163
116926,0.18670158
116948,0.046923798
116949,0.082102746
116955,0.06559525
116964,0.040592555
116974,0.054794468
116976,0.23121959
116990,0.022832388
116993,0.046254348
116994,0.20312066
116997,0.1726692
117003,0.010187553
117007,0.04801389
117011,0.048239417
117012,0.070582815
117019,0.011222888
117021,0.011145418
117030,0.105137676
117036,0.05333903
117043,0.1172493
117054,0.026239635
117070,0.05000527
117077,0.2614827
117087,0.043738157
117093,0.066193804
117105,0.025529234
117112,0.06887881
117129,0.31800327
117135,0.18743767
117138,0.14727995
117142,0.036045864
117148,0.22098462
117157,0.107432105
117170,0.015823083
117171,0.019642888
117172,0.087440275
117178,0.119516924
117186,0.049604803
117187,0.10969667
117193,0.15616316
117194,0.121431574
117199,0.012000338
117207,0.02314217
117211,0.048394617
117216,0.25670397
117217,0.04583537
117218,0.028859545
117219,0.03190565
117224,0.03205231
117225,0.01125814
117239,0.08133034
117242,0.03153437
117249,0.12024628
117255,0.075640865
117257,0.15276308
117272,0.011302835
117284,0.2549872
117287,0.041284237
117293,0.019455388
117298,0.46794006
117299,0.034180287
117307,0.0131742675
117321,0.037916023
117323,0.036844153
117326,0.040316563
117327,0.13243899
117341,0.008303224
117350,0.06904623
117362,0.16410586
117375,0.028281583
117391,0.14412425
117392,0.03884465
117396,0.1422948
117399,0.059077285
117400,0.05033615
117402,0.033346307
117406,0.13624834
117417,0.4351865
117418,0.041980747
117425,0.1539919
117428,0.030359969
117443,0.055689946
117448,0.018895956
117449,0.0050899494
117450,0.19845653
117463,0.033670392
117467,0.029904008
117478,0.032177888
117480,0.21326278
117483,0.23836078
117484,0.068559125
117495,0.062925056
117498,0.0051944638
117501,0.08719029
117503,0.15038909
117520,0.37901407
117524,0.102153085
117525,0.11712597
117526,0.15944584
117527,0.045357723
117531,0.018235432
117545,0.048904132
117547,0.2869446
117557,0.061913766
117563,0.047756556
117564,0.06598297
117598,0.2346081
117599,0.060736954
117610,0.028532444
117614,0.0465895
117616,0.23763482
117623,0.04952986
117625,0.33858842
117633,0.019372545
117634,0.059274074
117639,0.09678469
117652,0.013398711
117653,0.18402003
117660,0.08269165
117661,0.008157958
117662,0.049314547
117676,0.050708167
117677,0.23966992
117681,0.026595268
117684,0.13812973
117707,0.03020934
117736,0.24702705
117737,0.08919745
117741,0.06568607
117746,0.10305166
117753,0.2174388
117755,0.03995497
117775,0.05043689
117784,0.13688448
117786,0.037232727
117791,0.045470674
117801,0.09954845
117805,0.031295333
117816,0.019090502
117824,0.08680569
117835,0.07347888
117837,0.023947971
117847,0.051078852
117853,0.072116815
117854,0.05354292
117886,0.03448105
117900,0.021158013
117920,0.4373982
117924,0.03413917
117925,0.1857299
117934,0.024581106
117957,0.08676488
117959,0.13210522
117967,0.18583201
117969,0.14179946
117981,0.024323856
117982,0.021485709
117996,0.13864414
118000,0.24665467
118018,0.11257312
118025,0.07668755
118026,0.41838044
118044,0.044557974
118045,0.20951582
118048,0.02266512
118055,0.039629065
118058,0.0135173695
118060,0.23292051
118066,0.0050653494
118071,0.034812793
118072,0.116012566
118082,0.04139978
118089,0.06959988
118106,0.0333583
118115,0.04275466
118127,0.46947208
118144,0.10625969
118150,0.022560725
118151,0.029997619
118157,0.27645865
118162,0.012366015
118163,0.024288243
118166,0.024740385
118181,0.039450333
118191,0.01943519
118202,0.2838947
118205,0.081603676
118214,0.03961044
118251,0.13971917
118264,0.2274968
118271,0.29797038
118272,0.08479172
118276,0.16544943
118287,0.3539635
118291,0.01160895
118292,0.029279863
118294,0.019480787
118305,0.055585235
118312,0.0544661
118319,0.03450329
118321,0.010086706
118326,0.26011238
118342,0.18865834
118343,0.018537367
118353,0.062438153
118354,0.020653298
118358,0.048340052
118359,0.06513795
118365,0.15413901
118367,0.01610623
118368,0.031057382
118371,0.04383571
118378,0.07242737
118379,0.08453382
118383,0.01711827
118386,0.058093388
118387,0.02089597
118400,0.06080057
118403,0.08838527
118428,0.09481182
118440,0.109552845
118459,0.03187709
118490,0.024557114
118491,0.04952229
118492,0.06506463
118498,0.11368985
118499,0.057689644
118509,0.09332213
118518,0.035763178
118531,0.10170399
118532,0.022666158
118546,0.003745499
118548,0.033998594
118558,0.13340928
118560,0.15875845
118561,0.034887854
118562,0.24074745
118564,0.06714483
118569,0.072292686
118578,0.067391254
118585,0.045187153
118591,0.018786214
118592,0.08851574
118594,0.039633755
118611,0.009218852
118614,0.037182473
118622,0.036437932
118641,0.095115095
118642,0.04218903
118650,0.022132482
118666,0.041488603
118696,0.10691375
118697,0.019637672
118710,0.015748052
118717,0.06253679
118720,0.0143679725
118735,0.012212917
118747,0.027116138
118750,0.055997312
118789,0.04846276
118791,0.09089451
118803,0.15998837
118804,0.06954577
118806,0.24752755
118809,0.08270371
118823,0.043420587
118842,0.05394334
118871,0.4045338
118874,0.19581057
118876,0.063384034
118886,0.08419378
118888,0.117117636
118889,0.019428402
118894,0.12018053
118898,0.014164515
118905,0.23647015
118911,0.010975415
118915,0.03205292
118916,0.11825657
118925,0.043437872
118926,0.08466897
118929,0.04611655
118935,0.023226866
118947,0.071750335
118951,0.014718728
118953,0.054289132
118960,0.054012556
118973,0.09259088
119001,0.051956017
119003,0.24132667
119009,0.05798551
119011,0.027597865
119012,0.07792865
119014,0.06841666
119025,0.017254464
119047,0.10441274
119049,0.018680818
119057,0.06710215
119062,0.01827253
119064,0.018299002
119069,0.12981077
119079,0.008199834
119088,0.006114149
119091,0.3803286
119095,0.10943118
119104,0.08382559
119108,0.24833813
119109,0.04084539
119115,0.056070194
119125,0.017472764
119146,0.06339659
119148,0.046025682
119160,0.2700166
119164,0.44189182
119169,0.084323145
119179,0.09350712
119187,0.0494984
119191,0.023347354
119205,0.006888163
119207,0.06790592
119208,0.015345868
119217,0.07047365
119230,0.023941224
119232,0.07661375
119236,0.23338893
119238,0.049690228
119240,0.20055026
119250,0.096458174
119251,0.11080409
119252,0.03146108
119266,0.026795786
119267,0.02404494
119270,0.08443905
119272,0.16574425
119276,0.063518144
119281,0.0108984355
119295,0.07366714
119313,0.11733043
119318,0.029939543
119321,0.07256044
119340,0.0509341
119341,0.011241179
119344,0.09931911
119348,0.04316923
119353,0.025937786
119361,0.0417026
119362,0.6804855
119376,0.18063788
119383,0.08341953
119391,0.15848437
119394,0.06549065
119395,0.050851285
119415,0.017079104
119430,0.16458082
119441,0.0072440235
119454,0.09317148
119468,0.052430432
119474,0.30003265
119492,0.021468323
119496,0.165175
119500,0.1193411
119501,0.13554136
119510,0.049117256
119518,0.022733845
119524,0.1907649
119533,0.078595355
119540,0.09460745
119553,0.014916884
119573,0.026770834
119593,0.06707968
119594,0.010423309
119595,0.3595226
119596,0.052406806
119607,0.21635821
119609,0.033736717
119616,0.04378332
119618,0.12877016
119619,0.40018502
119628,0.061289847
119630,0.016074177
119632,0.034078717
119648,0.44362828
119671,0.0579426
119675,0.06425812
119683,0.12218294
119689,0.024729785
119697,0.06927294
119698,0.25987217
119702,0.22899203
119709,0.02674387
119715,0.0068554296
119718,0.007128789
119719,0.25911787
119731,0.18017074
119736,0.12018752
119745,0.13084576
119749,0.031578414
119751,0.050517384
119757,0.21229629
119761,0.03627264
119762,0.086570755
119771,0.11722201
119778,0.048138086
119784,0.031598594
119788,0.023903705
119802,0.0065831947
119803,0.16097583
119806,0.101782426
119810,0.024214465
119811,0.102840625
119813,0.13587181
119820,0.11290448
119821,0.4247815
119842,0.056045238
119843,0.020130109
119844,0.02955041
119861,0.014437732
119866,0.028335584
119868,0.04209311
119875,0.113451995
119896,0.26822045
119898,0.006551454
119921,0.03598835
119922,0.043849822
119929,0.05079277
119934,0.08389753
119938,0.055548087
119947,0.016625555
119948,0.39633736
119967,0.10593934
119977,0.033994686
119980,0.06777779
119984,0.083462656
119989,0.10129505
119990,0.052843273
119994,0.08122107
119999,0.12774074
120004,0.02553426
120020,0.09085017
120030,0.017377693
120036,0.03858319
120050,0.2657795
120051,0.2991047
120053,0.14288574
120075,0.057269387
120076,0.02088636
120088,0.02269488
120099,0.038175944
120101,0.036059506
120102,0.01630514
120108,0.0071711657
120145,0.11608216
120146,0.06488569
120154,0.044435874
120156,0.05401766
120165,0.061355814
120166,0.03374709
120176,0.041364644
120179,0.18850216
120182,0.0137468
120198,0.026235383
120205,0.13533498
120208,0.0837109
120214,0.019146299
120220,0.09020894
120227,0.04310197
120233,0.099342056
120240,0.029140024
120243,0.014228183
120266,0.06299028
120268,0.1926257
120280,0.06952692
120281,0.073376946
120284,0.021284685
120298,0.01632443
120304,0.057404187
120306,0.08531116
120320,0.07711902
120325,0.037556987
120326,0.05924221
120335,0.17649147
120341,0.019063246
120343,0.028921852
120388,0.020225145
120390,0.047126826
120404,0.008803541
120405,0.08248508
120408,0.16203456
120415,0.11538933
120421,0.32348004
120422,0.062444333
120433,0.035357308
120437,0.1936177
120440,0.029196944
120441,0.06810913
120449,0.13549194
120457,0.08982873
120459,0.029059911
120460,0.012976852
120463,0.12995312
120464,0.029938934
120470,0.13348603
120488,0.18943404
120535,0.019788567
120538,0.030941127
120539,0.2417886
120541,0.11566626
120562,0.02251005
120570,0.03529808
120580,0.0685276
120581,0.070465684
120591,0.3315111
120593,0.11575879
120598,0.019856112
120603,0.020037683
120607,0.22490366
120642,0.021771658
120647,0.055837143
120649,0.010120313
120664,0.017691223
120665,0.009383238
120671,0.12131953
120678,0.028282337
120679,0.03676971
120680,0.2146034
120681,0.059616294
120691,0.13713759
120696,0.023759907
120697,0.18902858
120713,0.11566579
120721,0.1417065
120725,0.042477176
120734,0.23399997
120740,0.24455038
120748,0.1628903
120755,0.043829057
120759,0.012192358
120761,0.067774594
120764,0.10614626
120770,0.091551065
120777,0.01748875
120796,0.012926629
120803,0.04051312
120809,0.05917122
120811,0.02549279
120826,0.06866532
120829,0.049644526
120832,0.042251274
120840,0.18126747
120857,0.07821954
120885,0.03390157
120891,0.025010342
120894,0.017708324
120905,0.15145771
120913,0.045230284
120914,0.032702435
120918,0.0122051025
120921,0.03564074
120923,0.049164783
120927,0.18110278
120928,0.15053876
120934,0.2742546
120936,0.048856482
120942,0.02268344
120946,0.052221663
120947,0.05315906
120953,0.038202077
120955,0.012473332
120956,0.162264
120977,0.07703973
120980,0.28840423
120981,0.021964546
120982,0.004619461
120991,0.19707754
121011,0.061051138
121013,0.014936769
121018,0.08383229
121020,0.017382978
121037,0.011340705
121038,0.008795161
121039,0.02872691
121045,0.21895176
121046,0.011656334
121059,0.17750515
121066,0.1672194
121078,0.24429524
121080,0.182578
121081,0.03990968
121086,0.1443095
121099,0.10458245
121100,0.08386109
121107,0.09045925
121108,0.06827398
121111,0.04051743
121130,0.07445646
121131,0.15890117
121135,0.26612926
121152,0.011360894
121156,0.014833538
121160,0.07850824
121162,0.25677383
121175,0.137539
121181,0.027148526
121186,0.022918386
121197,0.005302878
121201,0.23351258
121208,0.025735594
121215,0.10305876
121220,0.3115376
121225,0.18217492
121227,0.015583223
121228,0.17199379
121243,0.13563143
121258,0.1682323
121259,0.04513511
121265,0.014890422
121279,0.029152958
121280,0.11458465
121281,0.15475895
121283,0.016448531
121288,0.03491057
121296,0.014383438
121300,0.07815017
121308,0.10600729
121321,0.099707566
121323,0.03100855
121332,0.020956716
121334,0.028706726
121348,0.01641945
121350,0.02105939
121351,0.07606087
121363,0.01301407
121379,0.12822524
121380,0.052198235
121383,0.04874134
121387,0.080397084
121414,0.04595428
121416,0.02369808
121422,0.111448616
121423,0.014251564
121427,0.0910129
121431,0.012026491
121438,0.026348641
121460,0.10486682
121479,0.0062590325
121482,0.07801726
121483,0.10931901
121488,0.069052875
121489,0.19652243
121492,0.05181123
121502,0.017220313
121503,0.014845395
121513,0.026673965
121544,0.04491104
121545,0.035225563
121546,0.015680235
121552,0.14905402
121553,0.041123502
121556,0.09812419
121557,0.062102523
121583,0.029818412
121588,0.03176574
121596,0.16270915
121597,0.02959925
121612,0.01795018
121618,0.026402766
121619,0.022162177
121621,0.035506386
121622,0.02265933
121626,0.074413754
121628,0.039418403
121630,0.43680975
121631,0.04615046
121632,0.10563332
121641,0.038529016
121695,0.05316007
121733,0.31242225
121754,0.04606372
121762,0.1495969
121765,0.0060925386
121766,0.01672544
121771,0.024194498
121772,0.49455896
121778,0.32615963
121791,0.035001446
121792,0.035375703
121822,0.114444576
121825,0.16833407
121832,0.009229375
121841,0.05484909
121846,0.02640244
121850,0.060796686
121851,0.023502449
121853,0.2614046
121857,0.053678658
121862,0.045497183
121863,0.013076181
121875,0.016731817
121881,0.07656756
121896,0.19575176
121901,0.009264892
121908,0.09265155
121909,0.13592899
121916,0.045906734
121919,0.048703108
121921,0.06854926
121933,0.06345362
121947,0.047029972
121948,0.17374636
121963,0.18786938
121968,0.028272467
121970,0.017997717
121978,0.08793398
121991,0.15079135
121996,0.06361984
121997,0.3513894
122000,0.12707044
122015,0.06623007
122017,0.056997832
122027,0.16368704
122044,0.014559827
122047,0.08428841
122055,0.18629502
122065,0.05719138
122069,0.01855588
122074,0.0824105
122086,0.06554035
122089,0.06297243
122099,0.00770212
122102,0.026771568
122118,0.059286427
122124,0.021618161
122125,0.027381249
122129,0.01091136
122133,0.07666937
122135,0.07801114
122136,0.05230425
122142,0.07223985
122154,0.02652654
122158,0.13963224
122160,0.019957928
122165,0.011633925
122166,0.077079885
122170,0.02963169
122175,0.011451349
122192,0.08202439
122207,0.017523646
122210,0.04838211
122215,0.025474427
122222,0.014135259
122234,0.33302665
122235,0.013251104
122236,0.030133884
122248,0.35770747
122256,0.015833216
122257,0.0058481335
122258,0.053004324
122259,0.0063547096
122260,0.08479723
122264,0.03262391
122266,0.18614219
122268,0.030942779
122271,0.13237436
122283,0.04280882
122286,0.009493767
122288,0.00882795
122301,0.032109983
122313,0.014931999
122322,0.032943875
122323,0.024837127
122324,0.03499892
122336,0.057471734
122338,0.18095966
122349,0.020796832
122351,0.06268385
122354,0.037160426
122358,0.04266975
122376,0.1997883
122378,0.072165266
122387,0.02950822
122392,0.09267854
122405,0.1679949
122409,0.05033969
122411,0.12475583
122415,0.07913089
122416,0.09898766
122425,0.3857391
122452,0.19751066
122453,0.24965079
122456,0.060863283
122458,0.18880044
122465,0.05426648
122468,0.010946452
122477,0.01079934
122483,0.02292882
122517,0.24190329
122521,0.26118928
122537,0.01249969
122538,0.060868286
122552,0.14994824
122557,0.094365455
122561,0.030591035
122568,0.09023076
122573,0.13704368
122583,0.12185188
122590,0.07784087
122609,0.029435696
122617,0.013040482
122621,0.057029266
122635,0.20703235
122638,0.07041175
122639,0.08787655
122644,0.017780066
122675,0.06123887
122699,0.14338444
122703,0.056261074
122706,0.036221497
122712,0.070796266
122730,0.041100614
122731,0.0151607655
122736,0.029931014
122741,0.053306043
122745,0.013971441
122751,0.27199653
122768,0.03613074
122785,0.14010526
122797,0.104440436
122812,0.116729945
122816,0.02277699
122817,0.020555995
122826,0.15357581
122838,0.08849416
122845,0.014385553
122848,0.094522424
122850,0.013148912
122856,0.008746703
122862,0.07016112
122869,0.2673712
122871,0.076368555
122874,0.37001383
122875,0.029738966
122885,0.044452157
122901,0.065522864
122902,0.021530943
122903,0.12609857
122904,0.032262847
122910,0.041998837
122921,0.037324302
122925,0.024045942
122964,0.02383946
122975,0.04960262
122977,0.048577305
122984,0.24335453
122999,0.02481615
123004,0.34111506
123009,0.116739355
123012,0.047806572
123018,0.028417319
123025,0.15979944
123037,0.0066192485
123038,0.0627704
123039,0.03610703
123045,0.042851705
123046,0.0072876215
123051,0.06376522
123052,0.07766007
123056,0.18567903
123061,0.05673056
123072,0.10121621
123074,0.037584957
123086,0.07983095
123087,0.039306268
123091,0.14668632
123094,0.02304787
123105,0.06563055
123110,0.047130268
123113,0.08844388
123114,0.13509555
123124,0.014364644
123131,0.019853856
123136,0.35782045
123146,0.02440208
123147,0.03865119
123155,0.079002775
123163,0.026353493
123182,0.053799458
123196,0.074299395
123200,0.028623752
123204,0.03137682
123207,0.010774353
123210,0.012585761
123215,0.12147662
123227,0.0038783243
123234,0.041134726
123239,0.122282974
123249,0.110712275
123252,0.045085452
123255,0.00965241
123257,0.019195972
123260,0.03139156
123263,0.1706794
123274,0.05442286
123275,0.118523195
123276,0.019782284
123292,0.020122506
123308,0.039757714
123316,0.032834746
123328,0.010678005
123330,0.08676361
123331,0.06383306
123334,0.1777008
123343,0.0043914295
123344,0.051283773
123345,0.027840499
123352,0.07248332
123356,0.018543119
123365,0.101535864
123368,0.041293796
123376,0.018859573
123381,0.032360993
123384,0.07500028
123389,0.041844875
123401,0.13812353
123419,0.01567917
123433,0.0904568
123438,0.10270985
123441,0.15201393
123456,0.13013272
123457,0.10479869
123476,0.011215974
123477,0.057957556
123489,0.16453983
123490,0.028593512
123496,0.19878429
123502,0.11395233
123503,0.14496027
123513,0.058388874
123515,0.050281502
123530,0.084994
123532,0.047823746
123537,0.032718603
123539,0.10402541
123540,0.08589326
123546,0.034954038
123547,0.20779079
123554,0.10138415
123572,0.031602122
123574,0.17343156
123575,0.12781586
123576,0.009221565
123584,0.031969324
123586,0.09156158
123591,0.040740214
123606,0.054246753
123607,0.043774635
123615,0.015525082
123616,0.19833909
123619,0.16049668
123621,0.048049275
123622,0.011177109
123633,0.048765503
123635,0.13381901
123658,0.089889824
123659,0.034389775
123663,0.16886766
123666,0.052214418
123670,0.050361674
123678,0.037957102
123688,0.111747496
123707,0.010261432
123709,0.13853373
123720,0.07830141
123741,0.029108552
123751,0.099233024
123759,0.0634197
123765,0.15540239
123766,0.10846358
123793,0.13369927
123794,0.037309986
123809,0.08824782
123837,0.02452413
123839,0.02000238
123843,0.07318454
123851,0.08123201
123854,0.08762926
123860,0.011164647
123863,0.103955515
123879,0.06436504
123888,0.18238908
123891,0.05017832
123912,0.015776755
123942,0.03203746
123952,0.1718127
123953,0.029210566
123958,0.08261516
123966,0.012811724
123977,0.02323154
123981,0.0106296195
124000,0.008401998
124023,0.02155295
124026,0.009422456
124027,0.046406727
124033,0.060680665
124053,0.09899873
124057,0.026459502
124065,0.11672493
124074,0.017290555
124079,0.12599953
124095,0.038535565
124110,0.13391231
124138,0.012938175
124167,0.17617597
124168,0.10269461
124175,0.017066263
124176,0.2150976
124181,0.061250944
124195,0.06547983
124197,0.016072245
124206,0.0098291505
124225,0.02448667
124230,0.071526065
124231,0.09697782
124253,0.11019306
124257,0.119076796
124263,0.059663773
124277,0.03978821
124285,0.02502637
124289,0.010866618
124299,0.27049395
124303,0.062765814
124309,0.36902633
124316,0.11426808
124319,0.13753244
124335,0.123077355
124347,0.22937402
124359,0.11652336
124362,0.010810415
124363,0.16054039
124389,0.020281093
124390,0.026992807
124393,0.23279619
124401,0.47084856
124406,0.01912113
124407,0.04824909
124416,0.09493243
124423,0.02911875
124429,0.04555331
124431,0.12373019
124439,0.009395661
124441,0.024477104
124451,0.07922546
124454,0.02314762
124463,0.37016833
124492,0.041557625
124493,0.106110185
124503,0.04058565
124506,0.082360044
124514,0.051874105
124516,0.0074414634
124519,0.005853764
124520,0.08551469
124539,0.032499753
124545,0.20195523
124546,0.08570403
124552,0.077866174
124553,0.24432598
124555,0.008862681
124575,0.019885182
124586,0.055952813
124587,0.01379748
124591,0.38838363
124595,0.052239865
124597,0.16999774
124625,0.09106959
124628,0.07347236
124647,0.1598315
124648,0.020864291
124654,0.08606567
124655,0.043209765
124656,0.0332317
124658,0.09109236
124674,0.15065672
124675,0.021089999
124686,0.060850788
124696,0.16332904
124698,0.01589596
124702,0.08427412
124704,0.07218154
124705,0.022568516
124719,0.014128377
124732,0.00633821
124734,0.10433132
124737,0.027323991
124742,0.12065536
124793,0.036744513
124816,0.35516387
124820,0.011629645
124823,0.13992651
124826,0.016874293
124829,0.026627302
124844,0.13578503
124850,0.020705454
124866,0.025325662
124868,0.020800833
124874,0.07683426
124875,0.04946805
124876,0.017567351
124887,0.079312496
124893,0.16227357
124901,0.0154421525
124905,0.24742289
124906,0.07431323
124931,0.07310082
124938,0.019408269
124940,0.30475512
124947,0.06101773
124948,0.062397886
124949,0.02818188
124971,0.12248385
124974,0.063304536
124976,0.049255654
125004,0.1153565
125025,0.07173005
125029,0.118259445
125031,0.04288273
125037,0.05690913
125046,0.019325819
125052,0.011236172
125053,0.014325222
125090,0.080826946
125093,0.045191534
125100,0.016820868
125101,0.031092318
125104,0.16910537
125111,0.057958554
125133,0.048902858
125144,0.05538582
125145,0.049751986
125149,0.094792716
125157,0.058252357
125158,0.32049766
125164,0.030750733
125167,0.014539522
125170,0.055311713
125177,0.026633464
125185,0.18260868
125190,0.05137834
125196,0.1041476
125200,0.1689995
125203,0.14239752
125215,0.02586894
125221,0.0418145
125224,0.010719172
125227,0.090077944
125252,0.03420541
125256,0.023286516
125264,0.04532625
125266,0.0664019
125267,0.038329665
125268,0.6313165
125270,0.019907933
125271,0.042622656
125276,0.027316492
125290,0.020724902
125300,0.06197558
125311,0.026745414
125327,0.043969233
125338,0.027567452
125359,0.032180198
125360,0.034814958
125366,0.017140916
125373,0.1854806
125376,0.2476546
125384,0.01735778
125387,0.22258368
125388,0.04319698
125393,0.038032815
125394,0.21557681
125396,0.0050997506
125397,0.008379026
125408,0.09986582
125409,0.105254315
125414,0.3892747
125423,0.04844269
125425,0.08147373
125436,0.051402595
125450,0.09275275
125465,0.023063723
125471,0.25148186
125488,0.019388134
125496,0.06465549
125500,0.11339821
125505,0.03394109
125507,0.02993219
125519,0.03325791
125521,0.19834445
125524,0.11820585
125531,0.18468736
125542,0.08272138
125552,0.01132409
125560,0.06541367
125573,0.012034381
125574,0.058044393
125576,0.041897904
125592,0.0138234515
125604,0.13662478
125622,0.037341002
125628,0.03066031
125649,0.043398906
125668,0.11724288
125695,0.03391891
125698,0.018881777
125701,0.16184807
125705,0.14719523
125709,0.08402561
125713,0.012310314
125720,0.10938637
125727,0.22197175
125747,0.02702396
125752,0.057029612
125758,0.07931906
125772,0.10593772
125779,0.5613067
125798,0.050684217
125804,0.060844805
125814,0.024988258
125817,0.017896313
125835,0.009538658
125838,0.040621758
125842,0.045581646
125852,0.26093382
125878,0.015180115
125886,0.06970692
125896,0.13288626
125924,0.06605088
125930,0.035991613
125939,0.017155817
125957,0.057357464
125961,0.045532778
125972,0.0261886
125973,0.2283818
125975,0.010817638
125983,0.012607379
125984,0.47266266
125990,0.05727959
126016,0.04902275
126022,0.045202646
126028,0.11617266
126047,0.13600428
126048,0.062152326
126067,0.04083687
126068,0.011513406
126069,0.06758029
126088,0.10931708
126121,0.016079532
126123,0.02266032
126125,0.019187786
126136,0.058547985
126159,0.043409824
126162,0.070555955
126165,0.082926996
126172,0.09290688
126175,0.186856
126178,0.008919494
126184,0.011991154
126198,0.11457434
126202,0.15830031
126203,0.022436822
126205,0.016044129
126214,0.068321966
126231,0.2172288
126238,0.06236001
126242,0.044641603
126252,0.015701978
126263,0.09945522
126265,0.116012104
126267,0.07902529
126274,0.01418075
126299,0.02580934
126307,0.15362072
126310,0.13154118
126329,0.11311585
126331,0.07958648
126340,0.016805442
126341,0.13585109
126348,0.075923495
126349,0.0073120515
126351,0.010536172
126354,0.02088518
126366,0.02144366
126370,0.01200299
126398,0.05759373
126407,0.03383124
126409,0.28289178
126431,0.019705964
126438,0.061993916
126448,0.038048495
126462,0.023935106
126464,0.07678939
126468,0.018117705
126472,0.08602488
126473,0.02031748
126479,0.092913516
126484,0.108477615
126486,0.018101014
126488,0.034005187
126490,0.03252019
126494,0.049792342
126506,0.053763654
126510,0.08263695
126513,0.05357755
126526,0.2144007
126533,0.042130206
126538,0.061072793
126549,0.18074273
126553,0.053908702
126554,0.041360278
126555,0.06525795
126579,0.06641936
126584,0.037730943
126594,0.008439436
126595,0.022608053
126596,0.20609236
126602,0.098233856
126611,0.031186635
126614,0.033880565
126636,0.019143475
126638,0.024293588
126651,0.14818949
126658,0.08352047
126674,0.00788131
126685,0.01363935
126688,0.119798705
126689,0.025197323
126707,0.3973858
126715,0.056947555
126716,0.010483426
126721,0.2278454
126722,0.03703766
126732,0.06658586
126738,0.06460931
126743,0.05329886
126744,0.0449324
126752,0.017550841
126759,0.054381378
126763,0.2153631
126775,0.09016516
126778,0.17409806
126784,0.029728215
126791,0.035783507
126792,0.042381376
126804,0.16364829
126816,0.1668213
126817,0.02609225
126822,0.013419484
126832,0.053311527
126842,0.03740991
126849,0.011513727
126850,0.027161261
126861,0.029340675
126871,0.013434511
126872,0.102953464
126880,0.04523541
126888,0.05275784
126896,0.018712988
126913,0.08414703
126918,0.033641715
126954,0.00882269
126961,0.027803613
126963,0.017451182
126965,0.20219196
126968,0.234735
126971,0.00929779
126981,0.10322779
126984,0.13813142
126985,0.121736996
126995,0.18751855
126999,0.07456364
127007,0.04685434
127015,0.07768025
127038,0.041536104
127054,0.035792764
127057,0.014758551
127062,0.14414527
127083,0.05854876
127098,0.057301033
127102,0.017562611
127110,0.019529317
127111,0.04820901
127116,0.02949048
127126,0.018070579
127135,0.01466145
127137,0.020049104
127142,0.022275891
127151,0.03414355
127155,0.04960505
127156,0.038767796
127160,0.058527514
127169,0.08306353
127174,0.06285065
127175,0.05623899
127177,0.041760024
127192,0.004728138
127193,0.047027078
127196,0.016801836
127197,0.103657566
127204,0.03533847
127207,0.02606094
127215,0.01623382
127226,0.073306896
127230,0.01956519
127244,0.045248985
127247,0.021312166
127249,0.025594749
127259,0.29788792
127299,0.088986605
127304,0.037905224
127308,0.1507086
127309,0.04039026
127313,0.04892055
127316,0.013588125
127317,0.04488721
127318,0.02245732
127333,0.04674985
127334,0.008707173
127336,0.006830696
127346,0.12448435
127370,0.032758012
127375,0.13055107
127390,0.05568233
127392,0.07588817
127398,0.056020934
127400,0.036187746
127402,0.068733275
127407,0.04540781
127412,0.016185991
127413,0.038432784
127415,0.018395975
127418,0.1943655
127425,0.19594172
127432,0.013448965
127436,0.014446088
127448,0.02269293
127449,0.078873366
127463,0.15531716
127464,0.16799062
127468,0.033163093
127481,0.013606754
127492,0.25786707
127495,0.015766155
127496,0.055405505
127501,0.051298644
127508,0.03064027
127531,0.026599377
127554,0.03944843
127562,0.015829323
127565,0.011145731
127567,0.01344982
127582,0.070676625
127593,0.06729753
127595,0.033857416
127614,0.03346849
127627,0.052806567
127630,0.031620957
127638,0.213514
127639,0.05651837
127641,0.050019894
127643,0.09964087
127665,0.036921863
127674,0.010087687
127676,0.11201871
127693,0.088130616
127701,0.04167735
127702,0.108227424
127709,0.11592401
127720,0.058398023
127733,0.07156634
127739,0.062309045
127753,0.046682976
127756,0.018594977
127757,0.26518095
127777,0.12359281
127810,0.11830591
127811,0.0797745
127821,0.13025574
127835,0.09657421
127839,0.02310247
127870,0.124977954
127878,0.17063835
127887,0.1645778
127918,0.10811162
127919,0.10378282
127920,0.07019701
127932,0.038202506
127933,0.13104081
127953,0.05155891
127955,0.028446158
127957,0.021152534
127961,0.078722544
127967,0.37141374
127970,0.11871996
127975,0.07602712
127985,0.016736446
127991,0.022964936
127997,0.02181873
127999,0.01458837
128004,0.01293154
128005,0.07103598
128015,0.1345211
128018,0.024521172
128044,0.071676776
128046,0.026366495
128047,0.070960924
128048,0.1607088
128054,0.024603143
128066,0.12624367
128070,0.010726143
128071,0.08581368
128094,0.15305361
128095,0.019160459
128099,0.20158759
128116,0.011684962
128130,0.039490215
128132,0.07789663
128133,0.42585042
128140,0.007333056
128154,0.07175557
128156,0.23004995
128160,0.0146547835
128165,0.22391815
128166,0.025653621
128169,0.02301983
128171,0.028505407
128177,0.035875756
128178,0.016955733
128182,0.011438067
128191,0.13002566
128199,0.13584459
128213,0.044517096
128214,0.033364695
128216,0.0392095
128217,0.22721146
128226,0.088193476
128229,0.03952014
128232,0.122370295
128246,0.029457692
128273,0.0752901
128274,0.045652274
128283,0.036607657
128284,0.07227282
128294,0.15770532
128295,0.0859061
128297,0.060422726
128300,0.026103938
128314,0.03245373
128317,0.029199533
128339,0.03252898
128340,0.013745429
128342,0.040356
128343,0.048628107
128364,0.086187
128368,0.13869311
128377,0.023391133
128380,0.0127865095
128383,0.057633743
128407,0.022492588
128409,0.0102773
128423,0.03733214
128428,0.015454031
128433,0.0374853
128438,0.12040741
128439,0.16059957
128446,0.01692355
128447,0.027470091
128450,0.231154
128455,0.124891944
128457,0.100441664
128464,0.06744118
128465,0.05665576
128471,0.04617173
128474,0.12826142
128483,0.048873447
128514,0.040347047
128516,0.04101502
128519,0.06324905
128528,0.037843555
128529,0.15541112
128536,0.07473057
128541,0.008516254
128542,0.03575683
128545,0.010489992
128557,0.022334576
128560,0.17868596
128568,0.10319586
128571,0.042322967
128578,0.016969776
128582,0.08658259
128588,0.13324934
128597,0.1424765
128610,0.14721003
128619,0.23589167
128630,0.062163018
128680,0.044465408
128684,0.06630327
128687,0.052840315
128699,0.2643952
128702,0.06317719
128704,0.04728415
128710,0.14554606
128720,0.06211698
128724,0.03794757
128727,0.058332756
128744,0.10469793
128745,0.033542693
128760,0.086639106
128766,0.19116709
128770,0.034672417
128782,0.16617097
128822,0.009512345
128830,0.19576627
128836,0.069581345
128845,0.07706871
128858,0.012943104
128859,0.053895485
128860,0.058233958
128874,0.12636463
128880,0.17255506
128882,0.061085794
128883,0.17748198
128884,0.021263413
128892,0.07886109
128905,0.09234061
128910,0.103350505
128912,0.08005292
128915,0.016495537
128917,0.11369236
128937,0.015740043
128942,0.048550345
128945,0.027081393
128957,0.037918285
128962,0.012694719
128970,0.02154038
128985,0.059946217
128986,0.036087133
128992,0.014208059
128994,0.043421816
129003,0.028835822
129005,0.08428492
129010,0.021200133
129024,0.13701291
129038,0.0142825795
129042,0.03837897
129049,0.02634912
129062,0.23002392
129067,0.16425912
129070,0.03152487
129073,0.02031901
129074,0.1002646
129088,0.046074513
129090,0.053002153
129101,0.50401676
129102,0.07318877
129106,0.12186448
129108,0.12803237
129120,0.036648247
129122,0.013203945
129123,0.34183386
129135,0.06951915
129141,0.043583054
129152,0.05776018
129160,0.06786061
129168,0.10971695
129174,0.037487175
129178,0.018737407
129183,0.15532352
129187,0.014751521
129197,0.120782845
129200,0.012617544
129205,0.13455068
129222,0.08040276
129230,0.031866733
129235,0.011657536
129251,0.027992712
129274,0.033436865
129282,0.01844734
129284,0.06359016
129298,0.046043735
129299,0.042808026
129311,0.02254035
129312,0.010710286
129313,0.025811402
129314,0.022039529
129321,0.12997437
129329,0.039221555
129330,0.13824052
129332,0.044481505
129338,0.04023554
129345,0.012745488
129349,0.07899637
129353,0.015578402
129357,0.061060198
129358,0.1629634
129365,0.0393154
129376,0.028143095
129380,0.022430554
129382,0.06984603
129402,0.12071856
129403,0.01776167
129412,0.03088734
129441,0.23091204
129442,0.048673924
129448,0.10364064
129466,0.045229428
129475,0.087938875
129483,0.030214978
129484,0.024162209
129499,0.02409686
129501,0.07215574
129508,0.01446269
129510,0.14389579
129526,0.06449184
129527,0.16816327
129533,0.05775928
129535,0.24891208
129536,0.33009648
129545,0.06863158
129553,0.061518863
129557,0.12081962
129560,0.050201174
129576,0.045806367
129580,0.054464906
129585,0.08397748
129587,0.026166556
129597,0.03363847
129611,0.054999117
129619,0.017585877
129622,0.17231917
129631,0.0703985
129632,0.13301906
129640,0.04033856
129647,0.060568813
129658,0.02861312
129676,0.018529754
129683,0.026868096
129685,0.020849781
129701,0.11017966
129706,0.23334736
129707,0.006984316
129720,0.039937526
129727,0.2226304
129728,0.015641235
129768,0.05665365
129775,0.0348194
129790,0.009505344
129804,0.063991934
129805,0.101559594
129813,0.008992258
129816,0.041886058
129823,0.17747585
129826,0.43710524
129831,0.019309906
129833,0.0060147974
129851,0.047987223
129857,0.22771889
129860,0.023115845
129914,0.0720105
129926,0.05902901
129933,0.058448028
129939,0.06436043
129949,0.017940568
129959,0.113145925
129962,0.266216
129963,0.10839817
129964,0.052806605
129977,0.021891357
129985,0.014528279
129987,0.013361282
129992,0.051610503
130002,0.05657368
130016,0.09377847
130045,0.10927226
130048,0.07961653
130051,0.040762264
130053,0.11112701
130056,0.010812143
130061,0.029633475
130062,0.036561966
130065,0.22241732
130066,0.07482404
130070,0.20712546
130079,0.103150524
130080,0.10326344
130098,0.024425192
130109,0.07656425
130110,0.049638037
130116,0.011545104
130125,0.32560915
130134,0.19420043
130137,0.04352895
130138,0.070373215
130146,0.028810674
130148,0.040673602
130154,0.0065525896
130156,0.05449314
130158,0.061262783
130159,0.032136418
130177,0.013182875
130186,0.19348665
130204,0.12933502
130205,0.030691735
130206,0.037424367
130211,0.04910049
130217,0.037039522
130218,0.026008429
130235,0.09487868
130236,0.20823589
130239,0.018937185
130256,0.061849345
130260,0.016673302
130261,0.10716441
130262,0.015222317
130263,0.08289724
130264,0.006187672
130266,0.19036193
130277,0.24420941
130278,0.018360045
130281,0.11692911
130297,0.029416472
130302,0.18744576
130320,0.057291176
130325,0.19006509
130329,0.0116835795
130338,0.30875343
130339,0.017673645
130340,0.136979
130344,0.07185403
130347,0.03337973
130353,0.12594593
130358,0.02199204
130366,0.04486436
130371,0.04576534
130374,0.05629989
130389,0.04469096
130390,0.08392442
130404,0.059369244
130426,0.059037972
130440,0.019560795
130449,0.31271362
130451,0.034529023
130452,0.08380387
130453,0.054666176
130463,0.059307195
130466,0.012521434
130467,0.02308935
130475,0.0427514
130489,0.11229943
130490,0.05044751
130495,0.10447994
130497,0.0327049
130499,0.0070947185
130504,0.058012646
130513,0.06123866
130528,0.025315959
130533,0.13169888
130543,0.061529476
130567,0.1528778
130571,0.042501416
130572,0.04961367
130589,0.048912354
130592,0.120537356
130603,0.06265995
130623,0.0326019
130641,0.058090176
130687,0.03825768
130690,0.0654416
130698,0.053704523
130707,0.14555803
130709,0.15709293
130718,0.1932952
130722,0.086696796
130732,0.037980024
130735,0.06504508
130757,0.042654898
130760,0.02492498
130771,0.059967726
130772,0.026634077
130774,0.061755374
130779,0.035059128
130795,0.053898234
130828,0.11588949
130833,0.014126332
130843,0.009081878
130855,0.16262162
130871,0.021120794
130878,0.09050249
130885,0.11178179
130889,0.14323673
130894,0.028918875
130896,0.0931785
130905,0.019480683
130906,0.04844788
130930,0.020086842
130931,0.10581638
130943,0.07932872
130946,0.0069611347
130947,0.08608599
130950,0.017583266
130954,0.042107716
130966,0.018664174
130983,0.07408197
131003,0.008225678
131005,0.007810895
131009,0.04689767
131013,0.060938936
131027,0.030135145
131030,0.22861765
131031,0.005153532
131033,0.01354384
131039,0.036577262
131045,0.10470856
131057,0.07137838
131072,0.004746668
131084,0.09010779
131088,0.030562356
131089,0.01663524
131091,0.07175564
131093,0.094237395
131114,0.18962443
131118,0.008148773
131123,0.06009322
131130,0.08512407
131144,0.020780563
131162,0.14030035
131163,0.022311468
131166,0.052829556
131179,0.13343012
131181,0.018623391
131183,0.20030503
131219,0.043876953
131227,0.015147748
131231,0.055456117
131235,0.17850465
131242,0.116696686
131251,0.06687953
131257,0.098065935
131263,0.027600316
131268,0.1744525
131271,0.022013126
131275,0.028647602
131286,0.077729754
131290,0.20508587
131300,0.008273714
131306,0.04294334
131316,0.05650456
131321,0.19178538
131322,0.032656934
131326,0.0059271655
131333,0.15645179
131335,0.13682549
131352,0.021165093
131354,0.0069581917
131366,0.14550656
131373,0.0917188
131388,0.0435048
131394,0.032920152
131404,0.17133847
131405,0.061593913
131411,0.012193128
131416,0.13217753
131421,0.035903566
131424,0.04939996
131426,0.1713867
131443,0.37815395
131470,0.1814547
131471,0.16963443
131476,0.016866028
131477,0.034789506
131479,0.4089212
131493,0.25479326
131495,0.13786785
131496,0.1316467
131498,0.25313637
131504,0.050649244
131525,0.11807398
131528,0.020565728
131548,0.027561745
131549,0.030750021
131550,0.05185354
131557,0.3714565
131564,0.020204129
131565,0.024841664
131576,0.0652671
131602,0.32069582
131628,0.114503585
131629,0.046974193
131641,0.08424669
131647,0.036296055
131664,0.019228889
131677,0.04641022
131681,0.05133991
131682,0.042038135
131688,0.21665487
131690,0.051520627
131691,0.019959033
131709,0.050241526
131713,0.0137525555
131719,0.07929947
131733,0.08973863
131734,0.062273912
131743,0.21284094
131747,0.040571835
131748,0.13860421
131758,0.008704087
131759,0.16761589
131764,0.055145238
131771,0.010910552
131788,0.037856467
131791,0.15381372
131798,0.06326748
131810,0.1283698
131812,0.019746328
131815,0.0951373
131823,0.05179692
131824,0.0057291817
131828,0.09607577
131844,0.06432202
131846,0.031075247
131848,0.025185397
131863,0.012593728
131864,0.036609918
131889,0.024688713
131890,0.07301617
131892,0.073810965
131895,0.040577225
131896,0.061219282
131897,0.020969657
131905,0.03455464
131906,0.076235704
131907,0.2302888
131914,0.024329036
131921,0.029397814
131922,0.035343304
131925,0.034944005
131936,0.041400686
131941,0.07083967
131950,0.026158826
131952,0.09920812
131959,0.31097838
131983,0.027436016
131987,0.10454694
131994,0.034657016
132004,0.13860318
132009,0.06905191
132012,0.02112607
132013,0.043978777
132014,0.25381622
132028,0.26841497
132054,0.05030503
132061,0.03183021
132062,0.1528086
132078,0.41107407
132082,0.0032961455
132086,0.047471177
132089,0.050426546
132095,0.111775905
132109,0.051320825
132110,0.090163596
132121,0.0051265517
132125,0.038733985
132127,0.18674856
132128,0.013798388
132134,0.03988326
132139,0.034469597
132141,0.014207472
132149,0.14450368
132150,0.03814711
132152,0.031864226
132153,0.12419303
132164,0.02483141
132179,0.2832865
132182,0.063004166
132189,0.013515214
132193,0.042242642
132194,0.01834188
132195,0.05350473
132208,0.17494354
132211,0.098640636
132212,0.082821876
132216,0.013022084
132219,0.019642163
132223,0.10568128
132238,0.07348261
132242,0.018132072
132268,0.014504548
132275,0.038264174
132276,0.03554822
132279,0.015923537
132289,0.20473634
132290,0.008865869
132300,0.22664872
132319,0.15713926
132340,0.008839267
132344,0.09593213
132345,0.0041978387
132346,0.22174783
132352,0.07354858
132353,0.032657403
132358,0.4216336
132381,0.03482678
132382,0.014636899
132383,0.11583263
132410,0.044503845
132419,0.021348082
132423,0.08130855
132432,0.06969639
132434,0.026744483
132440,0.12644467
132441,0.08690932
132452,0.010369556
132453,0.020436723
132456,0.07276325
132459,0.038666636
132462,0.026092116
132463,0.04196637
132468,0.26181108
132485,0.3436268
132490,0.013976848
132500,0.11612536
132521,0.10946969
132555,0.09829396
132560,0.00934077
132562,0.054357756
132575,0.03557721
132587,0.014744593
132591,0.059061468
132611,0.027008312
132615,0.037211128
132617,0.1674559
132622,0.3397277
132629,0.01305788
132638,0.033910424
132642,0.0313907
132658,0.04061243
132664,0.041530218
132668,0.019083237
132676,0.15698761
132704,0.09095706
132707,0.039673585
132719,0.043636564
132723,0.2524613
132724,0.056874182
132732,0.035112344
132754,0.054075133
132756,0.041801788
132766,0.052697185
132767,0.04347654
132775,0.05927321
132776,0.121026285
132785,0.08991128
132787,0.037601396
132793,0.061527457
132807,0.015931072
132811,0.008874798
132818,0.04292838
132834,0.02068475
132846,0.017668497
132861,0.023207126
132870,0.15459982
132882,0.011858371
132884,0.021858225
132885,0.13282728
132888,0.091867656
132898,0.0807509
132912,0.03092619
132916,0.19569689
132917,0.03241363
132932,0.13981996
132940,0.02917811
132943,0.01590828
132962,0.019796541
132965,0.18592297
132969,0.01069785
132974,0.08488574
132977,0.05382668
132978,0.046001885
132982,0.050587658
132983,0.0075240075
132996,0.016866501
133006,0.019686718
133007,0.014297637
133025,0.038556274
133027,0.07319059
133033,0.046839636
133038,0.037750863
133040,0.024423102
133041,0.018252948
133044,0.059735
133053,0.013582322
133063,0.041753702
133065,0.015981348
133083,0.049917948
133084,0.023784418
133091,0.12487269
133092,0.01558634
133107,0.056676783
133111,0.061996248
133122,0.014657325
133132,0.018355422
133140,0.2022935
133147,0.035372823
133150,0.010087439
133168,0.04635155
133170,0.017264178
133184,0.008742499
133228,0.022523688
133229,0.089010514
133230,0.016369838
133232,0.17130941
133242,0.09150358
133246,0.14228038
133247,0.04757577
133253,0.039640363
133268,0.09530944
133271,0.080614135
133272,0.040626727
133296,0.23382494
133299,0.13116992
133302,0.24834897
133315,0.097455956
133330,0.023475066
133331,0.050475456
133332,0.013496288
133333,0.03963728
133334,0.36137128
133361,0.31718916
133363,0.15297191
133404,0.005902856
133412,0.32590258
133418,0.06042497
133422,0.17751294
133426,0.22024702
133450,0.043269098
133465,0.030228863
133468,0.05865234
133469,0.019869437
133474,0.02207487
133479,0.05379241
133490,0.26908037
133492,0.020133344
133495,0.025998658
133496,0.019093974
133501,0.335898
133502,0.16877912
133511,0.020464707
133515,0.06388835
133528,0.09767124
133539,0.027332997
133551,0.055767875
133564,0.052904204
133569,0.03306461
133570,0.020790748
133578,0.04274298
133586,0.010330916
133587,0.1309514
133597,0.17902766
133608,0.010549423
133624,0.07895135
133626,0.092352964
133645,0.06269778
133655,0.028279396
133658,0.08316982
133659,0.02583726
133660,0.04345973
133664,0.01350424
133684,0.16964704
133685,0.010120342
133688,0.11138687
133706,0.027797954
133713,0.041722126
133723,0.017185751
133730,0.04755063
133733,0.019462494
133760,0.09439113
133762,0.099256516
133777,0.012543563
133793,0.016600229
133816,0.04213093
133818,0.047648564
133824,0.080469266
133841,0.16536604
133850,0.02344878
133877,0.10022045
133880,0.09953541
133887,0.02579785
133889,0.3383461
133896,0.07765291
133916,0.13161261
133920,0.026914682
133936,0.06648919
133939,0.0323946
133940,0.03090435
133942,0.06187372
133956,0.14240849
133957,0.048426583
133965,0.0480168
133972,0.097788215
133973,0.028764691
134008,0.02260226
134016,0.3068555
134039,0.036480874
134040,0.027100038
134045,0.10467731
134050,0.12239019
134056,0.2242161
134082,0.12236662
134085,0.26161277
134089,0.029574297
134102,0.07619594
134118,0.015806725
134131,0.018872516
134135,0.100500196
134137,0.08451292
134150,0.089189135
134159,0.03406029
134183,0.024734033
134186,0.10224978
134211,0.029508166
134216,0.024488796
134217,0.01749838
134218,0.020827772
134230,0.046988413
134233,0.19055253
134234,0.017584823
134236,0.19135818
134241,0.025599318
134242,0.024734206
134273,0.027243236
134277,0.016389336
134287,0.06438599
134293,0.03701719
134302,0.022885056
134306,0.23252325
134307,0.03451166
134325,0.026921514
134330,0.12575735
134334,0.07662316
134338,0.093815066
134339,0.032696426
134348,0.030650169
134355,0.0071708634
134369,0.20276384
134387,0.016872933
134399,0.11616102
134400,0.01958466
134405,0.047010463
134407,0.019240355
134433,0.05190688
134448,0.008085657
134460,0.032257996
134463,0.13408515
134467,0.04510993
134485,0.039117184
134486,0.2373166
134490,0.38317257
134494,0.081818305
134501,0.24661003
134508,0.020120583
134512,0.067042135
134514,0.00733348
134519,0.020911407
134528,0.063288614
134536,0.054423027
134540,0.10037427
134546,0.012442469
134549,0.11790273
134558,0.10070265
134560,0.17408898
134588,0.1253149
134590,0.04074665
134591,0.08458987
134594,0.02012183
134622,0.013543273
134626,0.021534972
134639,0.027757982
134649,0.10381074
134654,0.031108262
134658,0.023739183
134683,0.046933044
134688,0.2240827
134689,0.31282008
134697,0.07246801
134698,0.26586512
134718,0.023322392
134742,0.018780753
134751,0.076079935
134760,0.029936654
134763,0.0093749175
134764,0.091685034
134765,0.02729653
134773,0.036237765
134790,0.022573415
134794,0.029250039
134802,0.038650647
134805,0.010750172
134807,0.07211134
134812,0.05433151
134813,0.025593096
134823,0.1174048
134824,0.11338569
134838,0.14579146
134841,0.017779615
134857,0.023967506
134862,0.17229544
134865,0.04536304
134880,0.13650568
134883,0.17740597
134884,0.33310786
134916,0.014897403
134918,0.046484727
134919,0.09000322
134921,0.020501569
134928,0.117076814
134943,0.07438627
134950,0.0229193
134968,0.012107776
134971,0.14774953
134972,0.021346815
135011,0.069103755
135013,0.4342124
135016,0.011835719
135031,0.056208503
135036,0.0206689
135041,0.031032404
135052,0.022757592
135053,0.10716906
135054,0.11468312
135060,0.057443388
135072,0.04182057
135078,0.052017078
135079,0.032489486
135090,0.10970608
135113,0.02181386
135123,0.03955007
135128,0.09036421
135136,0.12036671
135152,0.030585153
135163,0.027853757
135166,0.0091476105
135186,0.08143115
135188,0.04243666
135194,0.023330905
135214,0.027601808
135220,0.02880064
135235,0.0091438
135236,0.017334208
135241,0.104530744
135243,0.05711254
135253,0.043381408
135258,0.18459348
135264,0.039945662
135271,0.027156144
135274,0.067973204
135275,0.049991906
135288,0.05316048
135290,0.05198039
135299,0.052043445
135304,0.1662506
135309,0.010076455
135345,0.1696403
135359,0.06481088
135360,0.14934705
135361,0.048931252
135363,0.100550845
135365,0.101915725
135369,0.102291
135380,0.010221923
135387,0.08771893
135389,0.07255946
135390,0.18308549
135393,0.033251733
135401,0.09136462
135409,0.19176033
135410,0.053957265
135412,0.015198459
135430,0.035294753
135434,0.015448859
135435,0.07199807
135445,0.10874122
135449,0.20814888
135460,0.07754641
135461,0.01735521
135491,0.0447149
135500,0.056267608
135504,0.02249424
135506,0.22534892
135521,0.13764925
135523,0.2610294
135527,0.060492527
135528,0.048606157
135530,0.3257388
135540,0.03573378
135541,0.52506167
135562,0.09623756
135578,0.016527146
135584,0.088710025
135589,0.19441247
135590,0.034959935
135591,0.09609304
135596,0.008282271
135607,0.012575905
135622,0.013972716
135626,0.17974119
135635,0.035394285
135636,0.086365834
135650,0.027880251
135656,0.038533073
135657,0.28658488
135672,0.12924336
135673,0.020330738
135678,0.14102672
135679,0.004024255
135684,0.11847821
135701,0.024676392
135704,0.06883731
135713,0.056079064
135716,0.12530817
135718,0.008588477
135723,0.021943623
135737,0.059033558
135738,0.012812785
135745,0.015002899
135746,0.1816213
135752,0.025622925
135755,0.05803864
135756,0.014653001
135765,0.013944488
135778,0.022289842
135779,0.05499234
135788,0.008766706
135803,0.06482172
135804,0.024355043
135809,0.0125435265
135811,0.18741584
135812,0.029801715
135823,0.1910264
135834,0.086756356
135838,0.015265615
135843,0.049014915
135847,0.03685612
135857,0.38057008
135865,0.016599761
135872,0.09377466
135885,0.14705259
135888,0.01787046
135899,0.07802407
135910,0.046267748
135930,0.05470923
135941,0.30095488
135943,0.13612355
135949,0.12227558
135950,0.051877014
135951,0.12140984
135954,0.1369499
135966,0.2288013
135967,0.05968669
135971,0.07687727
135974,0.14206144
135975,0.042226262
135985,0.015137387
136004,0.037002474
136009,0.049221173
136033,0.14572942
136041,0.08749776
136051,0.009946354
136057,0.03889427
136070,0.21794981
136099,0.012551502
136103,0.013108773
136114,0.09728146
136116,0.037336905
136140,0.04998089
136160,0.020291183
136185,0.066989645
136201,0.030182239
136211,0.15093611
136213,0.14326075
136224,0.1595884
136234,0.053654395
136244,0.049383786
136255,0.023993941
136257,0.027999595
136260,0.028740821
136261,0.10139962
136263,0.08413913
136267,0.032589108
136277,0.07590598
136289,0.037031427
136293,0.038136955
136296,0.026075404
136302,0.074338615
136312,0.03401151
136317,0.086063035
136337,0.28090128
136355,0.022090359
136356,0.44310084
136383,0.044184227
136390,0.044823367
136406,0.023471098
136416,0.020603258
136417,0.016159125
136429,0.18305919
136440,0.04655775
136445,0.20306908
136449,0.020188808
136454,0.14231206
136457,0.0057202764
136467,0.18456124
136474,0.12773415
136503,0.02844694
136505,0.15393196
136558,0.025871884
136578,0.15350956
136579,0.02024648
136582,0.027490526
136583,0.018297773
136588,0.04917471
136593,0.028787972
136605,0.19790915
136617,0.065565504
136620,0.051127966
136625,0.0402708
136640,0.06764247
136643,0.17815588
136653,0.08696212
136654,0.13695657
136660,0.021532098
136661,0.005120072
136663,0.119523026
136683,0.20440336
136711,0.13967958
136726,0.34830397
136730,0.1340051
136739,0.20021294
136740,0.21468349
136745,0.008837025
136751,0.1586468
136754,0.032375358
136758,0.082260534
136762,0.13190246
136763,0.02014875
136778,0.007473288
136782,0.03296026
136798,0.14502904
136808,0.29007933
136811,0.028555995
136829,0.047872256
136832,0.02205509
136838,0.027840085
136846,0.09000865
136848,0.06814298
136852,0.04328142
136854,0.037414365
136856,0.024762992
136862,0.45676222
136863,0.06803543
136885,0.030528903
136887,0.08858261
136902,0.11698854
136918,0.034479257
136922,0.05235971
136923,0.01965731
136929,0.1875859
136940,0.06780105
136967,0.12925047
136968,0.1111377
136972,0.09605877
136984,0.09238027
136993,0.3056188
136994,0.036375295
136995,0.027746582
136999,0.010387819
137013,0.044691976
137015,0.09847656
137023,0.08217553
137025,0.15449664
137032,0.026998151
137033,0.2613795
137045,0.09808937
137049,0.017957177
137051,0.12124405
137052,0.055869643
137101,0.18288589
137119,0.16045634
137142,0.09125007
137149,0.17246658
137166,0.018952996
137167,0.03146397
137192,0.018694678
137193,0.23695184
137194,0.08217916
137204,0.11350734
137214,0.011162299
137222,0.06914395
137223,0.071001686
137234,0.02381245
137254,0.008914871
137269,0.010469442
137284,0.060341183
137285,0.49741006
137286,0.42657125
137287,0.103380375
137300,0.14914902
137305,0.099404044
137313,0.08407178
137344,0.2754793
137346,0.08160637
137354,0.11282448
137356,0.23146698
137357,0.068177424
137364,0.11120517
137368,0.0050730333
137380,0.07609102
137383,0.048374955
137395,0.042703304
137432,0.020655407
137433,0.059481334
137435,0.027986454
137444,0.014473615
137453,0.042203225
137454,0.04304381
137455,0.1427723
137456,0.02854837
137457,0.14269224
137465,0.050217044
137476,0.028646525
137515,0.05575256
137544,0.10779342
137549,0.016099513
137560,0.05445387
137577,0.2101904
137590,0.020704603
137591,0.043791294
137592,0.07803239
137595,0.028811965
137614,0.08987101
137624,0.03930552
137640,0.0039831325
137651,0.1188646
137657,0.0118193785
137658,0.20466097
137672,0.0539096
137673,0.038592156
137687,0.2573688
137688,0.046939604
137689,0.015839905
137700,0.3026237
137711,0.05007557
137715,0.14641568
137718,0.05180748
137721,0.027246412
137722,0.21650021
137726,0.01738371
137739,0.18916114
137741,0.00415592
137743,0.097320355
137747,0.016644297
137761,0.058743183
137796,0.014361951
137807,0.06592156
137809,0.07130975
137824,0.050378244
137827,0.19544548
137846,0.06972949
137862,0.023163375
137865,0.014650164
137868,0.061679214
137875,0.009258395
137878,0.040180057
137883,0.076525174
137888,0.11610368
137913,0.050134104
137915,0.011175085
137934,0.08360093
137936,0.2266766
137937,0.12592492
137942,0.043127928
137944,0.13571267
137947,0.016846035
137960,0.07143109
137977,0.094699636
138006,0.04110189
138007,0.040130876
138008,0.03575627
138019,0.14507729
138021,0.01957541
138022,0.09709562
138025,0.17814696
138044,0.018670293
138046,0.043379046
138050,0.10075368
138068,0.057257567
138084,0.037562467
138085,0.02279212
138086,0.011248018
138087,0.010973707
138089,0.08781244
138100,0.07758057
138105,0.024912706
138107,0.020852497
138127,0.03078487
138128,0.031103859
138129,0.020744441
138131,0.017102784
138132,0.014402088
138150,0.025724752
138156,0.021372143
138169,0.17405508
138174,0.06643928
138177,0.04986532
138187,0.0890057
138189,0.036825508
138193,0.09052767
138203,0.022467712
138209,0.07277118
138237,0.066393495
138243,0.018950345
138273,0.010124193
138274,0.04910766
138275,0.009913665
138277,0.063276194
138285,0.025456991
138289,0.107225075
138308,0.0257266
138313,0.049214084
138317,0.03593455
138326,0.06302872
138327,0.16358706
138338,0.023110032
138367,0.029938402
138377,0.15867989
138416,0.016488794
138417,0.024680415
138419,0.020047426
138425,0.13747759
138430,0.10323071
138454,0.080929205
138465,0.034096036
138470,0.029428205
138480,0.027042292
138481,0.2199802
138486,0.043568376
138492,0.06290908
138496,0.13810603
138519,0.068722285
138520,0.06627561
138522,0.12662743
138545,0.0096861115
138556,0.102015235
138560,0.010898565
138564,0.03187597
138573,0.058829363
138581,0.11763777
138585,0.075242154
138591,0.04812634
138598,0.027540829
138600,0.028349426
138602,0.033407804
138613,0.24536227
138639,0.04136799
138651,0.021506391
138652,0.12170461
138661,0.24163872
138674,0.045965277
138678,0.36219466
138679,0.007784649
138686,0.039413914
138695,0.060668766
138711,0.05887963
138728,0.08467456
138731,0.010749138
138744,0.08074097
138752,0.39049444
138754,0.17177823
138756,0.07302511
138770,0.019253802
138771,0.25164238
138807,0.011300976
138818,0.0467894
138819,0.07743874
138820,0.046991605
138831,0.023918848
138843,0.03162158
138871,0.109812334
138873,0.043759488
138876,0.04650125
138880,0.18848279
138881,0.019311382
138882,0.04388961
138890,0.07382704
138892,0.011382322
138893,0.08514485
138917,0.018695638
138921,0.039785594
138922,0.2435039
138924,0.020747187
138926,0.032207422
138932,0.09287552
138946,0.07817282
138959,0.068873286
138961,0.024389721
138964,0.012496582
138968,0.10598803
138969,0.103704214
138980,0.1534098
138992,0.15611
139002,0.10331319
139010,0.0908955
139011,0.040996496
139017,0.098244675
139030,0.034253087
139032,0.06981085
139034,0.24906895
139039,0.087280445
139049,0.1576269
139053,0.014241205
139058,0.14215364
139062,0.07756229
139067,0.3516213
139069,0.28079897
139070,0.638001
139075,0.05243711
139082,0.03459132
139092,0.07363978
139098,0.09841788
139108,0.13724153
139127,0.127994
139130,0.1228248
139145,0.018264009
139164,0.06429399
139174,0.022149112
139175,0.09939114
139178,0.008282851
139180,0.010832628
139181,0.23973715
139186,0.038014293
139189,0.07223134
139190,0.01977871
139191,0.01627779
139198,0.0275733
139201,0.06685768
139204,0.077989295
139208,0.0042677866
139211,0.034354284
139215,0.063022144
139225,0.14588659
139226,0.018423468
139231,0.027457796
139246,0.1678284
139252,0.07028099
139256,0.028665852
139258,0.019465389
139268,0.037521154
139272,0.025471509
139283,0.030122472
139286,0.020209415
139289,0.06711765
139290,0.2566591
139291,0.047753572
139293,0.021399477
139303,0.034677044
139304,0.053220358
139307,0.29430026
139319,0.01850514
139321,0.073765196
139326,0.048278745
139327,0.17397307
139355,0.12606768
139363,0.047215648
139375,0.0472451
139397,0.06430529
139412,0.06479671
139413,0.012164915
139415,0.05953483
139416,0.11637674
139449,0.10896461
139461,0.08806989
139462,0.18268444
139463,0.21180348
139486,0.019859977
139493,0.09559851
139515,0.081319846
139516,0.053154897
139522,0.12596107
139532,0.052302107
139542,0.044950534
139545,0.03072411
139552,0.22894257
139553,0.1094757
139555,0.05263085
139559,0.0907871
139560,0.098318346
139564,0.027287131
139565,0.06795544
139567,0.0073851966
139568,0.020165449
139572,0.03978976
139573,0.07955523
139592,0.02981064
139595,0.24801368
139597,0.11018039
139598,0.073251426
139607,0.14335017
139609,0.06982733
139628,0.032771606
139653,0.06153204
139656,0.41676328
139661,0.035041556
139673,0.013318422
139674,0.035406765
139683,0.003754395
139714,0.08459228
139724,0.039327204
139737,0.23084246
139749,0.09935629
139755,0.0045882673
139756,0.08559056
139757,0.022411464
139763,0.1457284
139769,0.18367644
139774,0.19646929
139775,0.029816743
139777,0.025302395
139780,0.14663547
139788,0.25909972
139794,0.085521474
139831,0.1404312
139832,0.041798614
139834,0.039858297
139839,0.015919182
139843,0.18105336
139844,0.017512683
139858,0.22368222
139861,0.26567757
139864,0.2088439
139865,0.11410619
139874,0.052092776
139876,0.02362998
139895,0.020721912
139903,0.10503008
139917,0.03109895
139930,0.012709078
139934,0.065475464
139935,0.02814284
139946,0.025679499
139958,0.036821757
139977,0.057981055
139981,0.04066373
139989,0.010930387
139992,0.060318217
139995,0.03605764
139996,0.10705029
139997,0.0314385
140005,0.065842666
140010,0.24950454
140018,0.06057614
140026,0.051135786
140027,0.078030676
140031,0.025420208
140037,0.018266583
140039,0.010371102
140040,0.13562065
140042,0.02359004
140049,0.4181562
140084,0.05898887
140087,0.018343238
140096,0.018289112
140101,0.4135568
140114,0.04858191
140117,0.10599871
140129,0.11760818
140131,0.17418581
140132,0.023772828
140136,0.20102319
140144,0.017702546
140151,0.056234233
140172,0.02576305
140174,0.009861521
140190,0.07752303
140196,0.041751675
140200,0.017657816
140204,0.09210355
140223,0.032764032
140232,0.034997292
140234,0.050619684
140237,0.10747639
140245,0.15306816
140247,0.10959842
140248,0.050482027
140298,0.0112609435
140305,0.27767295
140311,0.02123284
140312,0.13405436
140318,0.08917965
140325,0.135117
140327,0.39253646
140334,0.0989907
140337,0.04465032
140338,0.014632264
140343,0.022218669
140376,0.045414254
140378,0.1886097
140381,0.03358278
140382,0.062819876
140384,0.024271574
140386,0.062161192
140390,0.037950713
140402,0.01104423
140406,0.0064656828
140425,0.045986548
140426,0.049841996
140434,0.009975744
140435,0.035227466
140436,0.2523235
140451,0.058196373
140452,0.048699874
140454,0.042337768
140455,0.026469246
140483,0.0982252
140504,0.082989976
140512,0.09555579
140518,0.011940699
140534,0.031425465
140545,0.011955155
140546,0.090571105
140560,0.032989006
140563,0.009132133
140564,0.18673101
140569,0.014674682
140577,0.0829408
140638,0.025630068
140655,0.064159736
140664,0.14721681
140669,0.03205588
140672,0.34960157
140682,0.046875574
140693,0.08749877
140700,0.026174238
140701,0.07824088
140704,0.020119136
140705,0.033892233
140719,0.0106061315
140749,0.176257
140750,0.028282575
140751,0.07527876
140752,0.031048216
140762,0.17559256
140772,0.07009145
140778,0.0976578
140779,0.035496354
140780,0.020495282
140802,0.017660115
140804,0.18981886
140807,0.214541
140813,0.016657759
140827,0.08253513
140840,0.018061804
140845,0.051907618
140847,0.13880947
140861,0.016022455
140862,0.11118588
140872,0.013916649
140879,0.022265628
140880,0.10643693
140886,0.07814488
140924,0.011352184
140938,0.00648905
140944,0.067679994
140945,0.30141962
140961,0.011355465
140963,0.03267693
140967,0.08462946
140982,0.12827806
140990,0.027007382
140993,0.03399229
140996,0.28643727
141004,0.046100486
141025,0.5512651
141030,0.016052961
141031,0.013253287
141032,0.07466429
141067,0.016474856
141072,0.07398264
141081,0.04816813
141084,0.22469744
141085,0.061008256
141089,0.04460536
141090,0.04436102
141093,0.054007355
141095,0.10608656
141110,0.024805225
141114,0.055285692
141119,0.24137595
141147,0.08753112
141150,0.20104785
141159,0.08249282
141160,0.19385761
141167,0.008966478
141206,0.05477486
141213,0.043589406
141215,0.5955569
141222,0.018104281
141255,0.043395165
141283,0.009677855
141298,0.2891721
141306,0.03920244
141310,0.25687116
141320,0.01807387
141323,0.2238592
141329,0.1131459
141333,0.042504065
141339,0.014741192
141340,0.08918027
141344,0.06724918
141345,0.035541233
141347,0.1018283
141350,0.047627717
141356,0.018810099
141358,0.027572526
141365,0.01312198
141368,0.021720402
141369,0.022953393
141376,0.13046965
141377,0.046663105
141385,0.01304627
141387,0.022526786
141388,0.30151856
141389,0.08068219
141390,0.036656845
141409,0.011734925
141410,0.06414714
141411,0.14424382
141414,0.056725085
141422,0.06777477
141426,0.13024743
141457,0.01307834
141470,0.020726928
141480,0.07238697
141481,0.017303273
141492,0.010638183
141493,0.035316944
141496,0.058249414
141497,0.03241171
141502,0.02888438
141503,0.06988119
141504,0.42002702
141507,0.047443606
141515,0.010226401
141524,0.3181951
141528,0.023113348
141540,0.014617517
141542,0.045313526
141551,0.29516104
141573,0.06324582
141580,0.01842897
141588,0.11088378
141596,0.20784631
141597,0.03677226
141602,0.11760513
141608,0.040428944
141611,0.0056985645
141612,0.2287021
141618,0.078904204
141628,0.023544064
141632,0.18694535
141634,0.10014648
141637,0.069490515
141638,0.1273435
141639,0.03369444
141640,0.22413209
141644,0.14145258
141654,0.12453967
141656,0.023388408
141668,0.053321768
141717,0.2430251
141718,0.043398384
141723,0.27888167
141743,0.06852746
141744,0.024771513
141750,0.03961231
141753,0.017103024
141762,0.2063664
141809,0.038550105
141815,0.024897037
141826,0.0063592875
141832,0.036666114
141840,0.01521124
141869,0.10533547
141870,0.13989186
141887,0.22269115
141915,0.03763551
141925,0.019516315
141945,0.5289849
141949,0.014481521
141958,0.19449423
141959,0.016702972
141963,0.03202883
141989,0.017425764
141995,0.05581266
141997,0.06594966
142005,0.023617739
142008,0.12431958
142012,0.04249342
142014,0.015423177
142025,0.21126595
142036,0.032947898
142037,0.04859463
142038,0.009615681
142039,0.052735575
142064,0.057524398
142065,0.37363726
142070,0.07952617
142074,0.026695166
142079,0.063284546
142084,0.09615469
142087,0.08018208
142102,0.028559905
142106,0.016989466
142115,0.028207202
142120,0.016437456
142132,0.028361287
142139,0.11985798
142142,0.023975812
142153,0.14119218
142160,0.12579633
142162,0.013405034
142163,0.01738292
142167,0.019270914
142168,0.04206482
142177,0.06955054
142180,0.2457556
142183,0.014554826
142186,0.051388737
142189,0.07531342
142195,0.03010218
142198,0.050270565
142210,0.023584794
142215,0.17688973
142222,0.0077458224
142223,0.06295393
142224,0.023074899
142236,0.023066146
142237,0.020985803
142239,0.036150135
142242,0.029620985
142243,0.0709165
142244,0.024071638
142255,0.008889419
142273,0.014481664
142289,0.0878669
142294,0.008828771
142303,0.1477595
142305,0.03069602
142339,0.20571142
142359,0.36832798
142361,0.009630483
142364,0.0143648675
142378,0.22100607
142380,0.101110294
142383,0.07821298
142387,0.10400528
142393,0.11909127
142396,0.22055162
142407,0.12802847
142409,0.09330415
142427,0.0109763
142429,0.51810354
142430,0.07106451
142431,0.027234282
142433,0.07442694
142439,0.19574425
142440,0.032784205
142446,0.015822096
142459,0.028240656
142478,0.023646869
142481,0.03548482
142491,0.1043135
142495,0.02730312
142497,0.04544787
142510,0.08045238
142513,0.1382269
142521,0.031552155
142529,0.07079882
142537,0.026023362
142542,0.30146724
142558,0.032059796
142574,0.0334589
142575,0.019994581
142579,0.036680013
142587,0.028814655
142590,0.4218991
142610,0.03581796
142614,0.017554041
142621,0.00585026
142641,0.020302508
142650,0.04524873
142653,0.03340177
142667,0.09484917
142671,0.20941766
142676,0.05964725
142680,0.10236559
142684,0.039894927
142685,0.014886646
142686,0.06444707
142689,0.115145504
142691,0.15598984
142704,0.030462902
142707,0.03344453
142724,0.024875434
142727,0.09381545
142728,0.031378314
142741,0.022755794
142747,0.11581456
142748,0.0495484
142752,0.012965736
142755,0.019981991
142756,0.1003886
142759,0.0168372
142762,0.014783546
142771,0.065526545
142778,0.02594323
142783,0.09520447
142789,0.24336089
142790,0.040951405
142791,0.29926324
142793,0.13952577
142795,0.16633457
142803,0.10735821
142819,0.03050089
142822,0.0345034
142825,0.05583272
142833,0.021567877
142871,0.018319529
142872,0.020059835
142883,0.06602449
142905,0.018982103
142906,0.04466216
142917,0.14988735
142921,0.08358578
142927,0.05473513
142932,0.014453176
142940,0.14174016
142962,0.1373237
142969,0.0959521
142976,0.006675419
142977,0.14307508
142982,0.17586769
142988,0.033915214
142990,0.088820234
142992,0.021687534
143012,0.044502392
143013,0.13561435
143016,0.06694495
143017,0.038396288
143033,0.064386606
143058,0.03131636
143059,0.028332656
143060,0.02091651
143065,0.0645392
143076,0.03836083
143081,0.32862422
143088,0.057666607
143089,0.038903084
143090,0.015987962
143094,0.008249031
143100,0.031128168
143115,0.021432485
143132,0.02764797
143135,0.038397223
143136,0.0944249
143149,0.23055558
143151,0.07031333
143152,0.03255821
143153,0.14516583
143162,0.06478086
143166,0.014607314
143167,0.026222175
143187,0.08613772
143188,0.011102956
143190,0.05685582
143191,0.012812352
143195,0.23151359
143207,0.10668914
143209,0.16701595
143227,0.044408124
143231,0.040594414
143232,0.019277276
143244,0.0151860025
143263,0.07755512
143268,0.15027758
143275,0.13854326
143278,0.21992965
143302,0.05643014
143320,0.027962143
143328,0.16582087
143336,0.010192232
143339,0.042307913
143340,0.108858354
143353,0.015765475
143360,0.0458
143361,0.15781794
143385,0.3367135
143388,0.073552944
143389,0.10914033
143390,0.023218727
143393,0.15781304
143396,0.17528018
143419,0.06829743
143421,0.019857513
143422,0.026182814
143431,0.040331446
143433,0.081574075
143440,0.24106453
143442,0.01143038
143463,0.015410329
143466,0.025904845
143475,0.06834543
143500,0.114554025
143510,0.041770454
143528,0.02298275
143532,0.017046692
143535,0.19694354
143538,0.08680218
143548,0.046699364
143550,0.047743805
143555,0.024200318
143576,0.1833816
143593,0.14294162
143595,0.10009325
143596,0.010573666
143597,0.025214143
143599,0.031582702
143601,0.034949522
143602,0.027122261
143605,0.022343852
143609,0.1265343
143611,0.09615811
143613,0.015045596
143618,0.083867304
143652,0.022306966
143667,0.02769133
143679,0.05030947
143680,0.020918574
143692,0.16250116
143703,0.08296245
143712,0.076795444
143714,0.05904831
143715,0.031651504
143729,0.08314869
143732,0.03308603
143738,0.038023222
143740,0.083029866
143743,0.10376783
143772,0.11138633
143773,0.041833464
143792,0.0680235
143802,0.023294684
143808,0.025132103
143819,0.012463063
143820,0.16217631
143825,0.014246828
143828,0.0132380305
143831,0.20774372
143834,0.013332027
143835,0.02366396
143843,0.011152077
143860,0.017878622
143874,0.041359805
143889,0.12700966
143903,0.026116768
143921,0.06946682
143936,0.016320573
143944,0.04425886
143947,0.08108251
143948,0.019869814
143957,0.2767383
143964,0.17810887
143965,0.0057759536
143971,0.04108852
143976,0.130108
143977,0.2347633
143983,0.14603546
143991,0.099655464
144015,0.07157483
144032,0.03501527
144057,0.029939821
144065,0.011087965
144087,0.045410525
144090,0.06073191
144091,0.24047019
144092,0.04999536
144139,0.051183894
144150,0.015531838
144151,0.04182543
144153,0.10708845
144154,0.2514685
144159,0.2352825
144168,0.07038101
144169,0.019814078
144178,0.10472416
144179,0.01825829
144183,0.016521055
144186,0.071225986
144190,0.18124227
144191,0.041506868
144199,0.14709434
144226,0.06612385
144227,0.0071922177
144229,0.044461418
144237,0.03421588
144247,0.008252679
144249,0.081786565
144259,0.111112855
144260,0.044898454
144282,0.047932334
144295,0.15126878
144304,0.017993864
144314,0.0290564
144318,0.059430607
144324,0.15826055
144325,0.006658869
144333,0.046196144
144334,0.030790728
144336,0.016841503
144350,0.03279596
144354,0.02736047
144357,0.02704347
144359,0.022073038
144365,0.036612064
144385,0.05573543
144386,0.01590316
144387,0.07651366
144390,0.024543703
144393,0.027837325
144398,0.0476472
144402,0.021780973
144416,0.045189045
144422,0.022572527
144446,0.16562743
144451,0.044225477
144461,0.024640726
144464,0.15955941
144483,0.036842555
144498,0.21327059
144499,0.04524134
144534,0.025943888
144549,0.07966451
144563,0.014086053
144570,0.26704973
144579,0.032365464
144580,0.029171377
144581,0.021131681
144582,0.03279099
144587,0.018263884
144588,0.022685712
144589,0.022952747
144590,0.020114345
144598,0.11438053
144601,0.018272018
144610,0.035527367
144611,0.06653259
144612,0.0154398605
144613,0.031541526
144617,0.06528179
144635,0.27109256
144640,0.08391441
144644,0.018212354
144645,0.023421057
144654,0.02346163
144656,0.08524763
144657,0.16352166
144658,0.03729876
144659,0.07259121
144665,0.009477894
144667,0.022652885
144675,0.022511251
144677,0.10786404
144678,0.02794532
144690,0.052428495
144701,0.18001546
144702,0.106278844
144716,0.03966952
144721,0.015501129
144722,0.19137193
144729,0.038305696
144744,0.023645056
144753,0.01971639
144761,0.011974867
144764,0.4672804
144767,0.028277688
144780,0.113968715
144781,0.046199474
144784,0.06329167
144806,0.046001237
144810,0.08028248
144811,0.077611156
144824,0.018715005
144828,0.09308224
144829,0.02349597
144835,0.1568874
144849,0.09011704
144850,0.0053975405
144870,0.03221212
144881,0.09679365
144891,0.012057096
144898,0.16986011
144904,0.04204539
144906,0.006974834
144909,0.016398933
144910,0.11877192
144912,0.2239135
144963,0.10495929
144965,0.105057895
144966,0.059581093
144979,0.050278716
144990,0.11316788
144991,0.01575288
144992,0.1734496
144999,0.051792894
145006,0.04830227
145007,0.055756416
145008,0.018977357
145009,0.089580595
145011,0.013136933
145014,0.05583361
145025,0.0147814285
145036,0.03983213
145041,0.03255738
145058,0.07588678
145071,0.105103254
145106,0.05831568
145110,0.023179319
145142,0.06564921
145146,0.17989163
145147,0.01094259
145148,0.040735204
145149,0.030016957
145154,0.055409588
145157,0.062246867
145158,0.010990171
145167,0.011680711
145172,0.078472026
145174,0.01706967
145192,0.012977139
145195,0.06094337
145196,0.20099184
145199,0.011143882
145209,0.15121122
145242,0.023652289
145248,0.020573579
145249,0.04032494
145250,0.024521966
145281,0.06630423
145287,0.06641974
145288,0.10785537
145298,0.08994474
145303,0.0031291754
145309,0.076569445
145333,0.097875886
145336,0.03226098
145339,0.09983363
145350,0.03344319
145353,0.023109153
145354,0.019144306
145358,0.03156085
145382,0.31682202
145383,0.2939263
145389,0.03270869
145390,0.083518445
145391,0.07797841
145392,0.115383275
145407,0.015627906
145410,0.029669516
145412,0.279829
145415,0.057797715
145418,0.063919686
145419,0.07786829
145440,0.011561021
145451,0.089938186
145476,0.17386045
145481,0.023480637
145482,0.005026308
145484,0.04241628
145502,0.022627523
145512,0.05736684
145515,0.019691633
145521,0.014157923
145523,0.020654557
145554,0.02682274
145557,0.03248657
145560,0.22776459
145563,0.094418265
145569,0.019359324
145586,0.2928143
145601,0.034006197
145602,0.08257626
145615,0.13027078
145623,0.118620306
145638,0.02421566
145640,0.020134512
145645,0.048337847
145654,0.0609186
145664,0.058842372
145677,0.01718563
145679,0.04164238
145681,0.052284136
145698,0.12005668
145709,0.009190845
145713,0.04110534
145720,0.08485842
145780,0.042004555
145781,0.04485716
145798,0.13929851
145811,0.12792183
145819,0.03737714
145833,0.08687769
145834,0.09078084
145835,0.10650613
145844,0.019680746
145862,0.020474305
145869,0.104094155
145871,0.019841425
145872,0.010784934
145874,0.32459843
145888,0.012813147
145891,0.11836457
145907,0.044218946
145908,0.12940384
145919,0.07744828
145925,0.04621672
145940,0.1083783
145941,0.049552843
145943,0.037595306
145951,0.01608784
145954,0.021999804
145957,0.048566133
145962,0.08120462
145974,0.02266689
145976,0.038900465
145987,0.026058942
145988,0.2491229
145989,0.03757966
145990,0.026222887
145991,0.2570455
145993,0.0804192
146000,0.20893306
146001,0.017656783
146006,0.024066452
146011,0.01109241
146014,0.04649389
146020,0.018210752
146021,0.013371569
146022,0.15667625
146026,0.1257189
146028,0.12598619
146032,0.040750947
146033,0.14173828
146037,0.14858302
146059,0.02275124
146060,0.20131293
146063,0.09102508
146069,0.11282819
146086,0.022233153
146090,0.37307146
146092,0.025496567
146094,0.27506912
146097,0.022621429
146098,0.116409235
146106,0.02968131
146115,0.016287964
146121,0.2304613
146122,0.08312703
146140,0.047925588
146142,0.013138195
146146,0.10122738
146149,0.034421403
146153,0.024040041
146155,0.02723803
146156,0.041877847
146159,0.07440029
146172,0.08045776
146176,0.055112746
146184,0.031765126
146186,0.0717149
146191,0.040791288
146198,0.029430956
146199,0.024342634
146202,0.03624539
146206,0.15617153
146214,0.036372755
146221,0.049080424
146232,0.02263472
146239,0.065049656
146246,0.19994661
146247,0.020188838
146252,0.016854607
146255,0.018207725
146256,0.020177629
146262,0.11360984
146277,0.10237915
146292,0.09061092
146303,0.022559112
146305,0.09848319
146313,0.04328278
146317,0.029437032
146330,0.026999667
146344,0.09500237
146345,0.10832797
146347,0.14456882
146356,0.031158041
146369,0.1133634
146384,0.15485519
146385,0.0111926505
146386,0.06823117
146388,0.009134425
146404,0.02745127
146409,0.18829429
146413,0.026513455
146421,0.16389854
146428,0.06927874
146451,0.30779108
146458,0.006981882
146466,0.00554676
146476,0.03211399
146485,0.009762713
146486,0.09406597
146487,0.04296707
146500,0.03850893
146502,0.036358636
146512,0.12737478
146514,0.025697304
146515,0.09054652
146516,0.041211877
146533,0.01985362
146535,0.057399776
146541,0.08700126
146557,0.06959337
146562,0.18048689
146565,0.019538285
146570,0.010553337
146571,0.023018576
146574,0.06889309
146587,0.058795486
146591,0.016934153
146597,0.07491239
146600,0.02806197
146614,0.49168038
146621,0.08388897
146623,0.08148958
146631,0.08442145
146644,0.018192537
146649,0.016977286
146651,0.013119067
146652,0.046155244
146663,0.021979459
146680,0.026447887
146683,0.062398314
146714,0.07654836
146724,0.09975737
146730,0.023787923
146732,0.13138942
146738,0.031260014
146752,0.103406765
146755,0.099152006
146756,0.05677741
146759,0.07709384
146760,0.09729414
146761,0.04314749
146765,0.073858045
146806,0.113268204
146809,0.17153528
146810,0.06186651
146811,0.046869874
146815,0.034872476
146820,0.22876686
146821,0.017948005
146824,0.1439123
146829,0.035628833
146842,0.07861623
146864,0.06362394
146891,0.094847634
146918,0.081016734
146955,0.030350039
146957,0.09583121
146972,0.1416097
146973,0.05341166
146979,0.15081537
146982,0.042352643
146984,0.022144193
146997,0.120826095
147001,0.03690131
147008,0.13573524
147014,0.009800798
147022,0.06199446
147038,0.013313636
147048,0.08068326
147060,0.008938107
147061,0.01888364
147077,0.08349303
147082,0.05327805
147083,0.029064821
147085,0.049301483
147086,0.041536275
147099,0.05363723
147127,0.036217626
147128,0.056237713
147133,0.01088548
147138,0.020919219
147139,0.0033821624
147150,0.04323043
147155,0.14975405
147171,0.039226472
147172,0.106150016
147182,0.03426032
147195,0.010594884
147199,0.01930778
147216,0.09947799
147224,0.00932941
147225,0.038314205
147230,0.048086435
147240,0.042566516
147250,0.031809527
147253,0.006903711
147254,0.3280729
147264,0.02717675
147294,0.11623895
147308,0.02938638
147309,0.088796295
147315,0.09856988
147319,0.03782033
147329,0.016814576
147340,0.051303834
147345,0.26199353
147353,0.009485664
147354,0.19400236
147364,0.22041637
147366,0.047140297
147373,0.042725496
147382,0.039696574
147383,0.08173158
147390,0.018535376
147408,0.13197877
147411,0.021189632
147415,0.11206484
147416,0.1475211
147425,0.00965873
147427,0.02902856
147438,0.119632825
147439,0.023690425
147457,0.027298918
147459,0.011344475
147463,0.02216752
147469,0.09775024
147476,0.18904357
147483,0.023196595
147497,0.03282428
147502,0.31855765
147515,0.1022381
147523,0.05908264
147527,0.019854505
147541,0.1674529
147551,0.026331527
147552,0.073236525
147561,0.017512215
147571,0.019844316
147587,0.023832627
147657,0.11266417
147659,0.02157168
147670,0.006184942
147695,0.06028623
147696,0.103938594
147702,0.32586458
147710,0.3670964
147711,0.017894728
147712,0.045087382
147713,0.1115173
147720,0.010596168
147722,0.103604175
147742,0.018340675
147750,0.0605029
147761,0.11195886
147764,0.10333759
147770,0.0143680405
147771,0.11665486
147774,0.22894973
147786,0.02944874
147787,0.060319662
147791,0.030204447
147792,0.08085813
147793,0.1255544
147794,0.015345903
147801,0.09012071
147824,0.0075354497
147826,0.0070103346
147840,0.024830591
147847,0.010908175
147862,0.034252346
147865,0.04402408
147882,0.14466138
147893,0.15205483
147925,0.09002524
147932,0.2785107
147942,0.06415135
147953,0.044797722
147955,0.25523946
147964,0.19150616
147966,0.08732682
147981,0.018623976
147982,0.10737456
147990,0.052679196
147998,0.098724425
148002,0.1659756
148013,0.12299891
148025,0.12764044
148026,0.13748784
148031,0.197368
148035,0.15788022
148042,0.06003806
148047,0.013402751
148050,0.034048844
148063,0.088529184
148065,0.17252967
148069,0.16414705
148070,0.08324413
148075,0.15146962
148076,0.031602383
148087,0.0039399015
148091,0.14269747
148102,0.06311849
148107,0.022332327
148108,0.053690527
148113,0.1329573
148131,0.113162614
148141,0.05337592
148149,0.100251995
148150,0.048887145
148163,0.17015713
148175,0.034518432
148185,0.20291464
148187,0.08157481
148198,0.14380574
148204,0.101406455
148205,0.011982797
148212,0.15700926
148216,0.36517596
148217,0.08570599
148223,0.011670994
148224,0.1938321
148235,0.09701414
148255,0.16138303
148276,0.06887866
148285,0.015971474
148289,0.031089958
148292,0.07686193
148294,0.05370325
148314,0.03268683
148319,0.018407833
148320,0.095344305
148322,0.09413982
148323,0.20448162
148325,0.09823789
148333,0.0684507
148339,0.019076198
148359,0.05959537
148361,0.11876998
148364,0.09873024
148380,0.014360196
148382,0.034549776
148386,0.21239236
148393,0.13295192
148394,0.05410404
148404,0.11629777
148419,0.10651017
148423,0.03349904
148437,0.31031483
148440,0.045380346
148448,0.0129341325
148449,0.005186819
148450,0.030554004
148451,0.058145605
148458,0.09891041
148471,0.024011897
148475,0.024047824
148476,0.039518908
148497,0.052127473
148511,0.07656178
148512,0.04191476
148534,0.078007646
148545,0.09905077
148557,0.05376534
148564,0.025695866
148570,0.04231492
148586,0.09076159
148596,0.2355791
148600,0.09156262
148607,0.024609115
148609,0.08049065
148622,0.0125976065
148623,0.018245457
148625,0.189698
148626,0.01474821
148628,0.030323025
148632,0.063066155
148639,0.027905121
148643,0.02574255
148644,0.16654724
148680,0.007987409
148702,0.16601737
148716,0.06292304
148717,0.052134506
148726,0.19627462
148738,0.08753364
148746,0.06731411
148749,0.05985515
148750,0.09243248
148769,0.043102134
148791,0.07957086
148803,0.015107332
148804,0.031841334
148823,0.0068381303
148831,0.04471585
148849,0.016412145
148850,0.036622964
148855,0.03949116
148893,0.029175997
148896,0.03410073
148899,0.08571204
148903,0.07328585
148910,0.032741267
148911,0.052788824
148912,0.41601697
148913,0.06939922
148933,0.08896507
148935,0.011578061
148937,0.008583253
148946,0.19294058
148955,0.057299603
148980,0.1062762
148996,0.17211731
149015,0.3523258
149025,0.01704964
149028,0.26784092
149029,0.030407207
149035,0.024724424
149050,0.032447368
149051,0.05146734
149052,0.06682253
149056,0.010939082
149062,0.029586999
149067,0.12969582
149076,0.20024636
149090,0.36543822
149106,0.098849826
149107,0.027224913
149118,0.4314808
149119,0.027617475
149130,0.17855252
149154,0.028022882
149157,0.0764573
149158,0.017934302
149160,0.044603072
149163,0.07896779
149164,0.09750117
149165,0.03405909
149166,0.054698408
149214,0.03694057
149231,0.10749543
149236,0.011965348
149237,0.072602116
149246,0.024138475
149247,0.028647745
149253,0.044157535
149254,0.019875854
149265,0.18021081
149266,0.03137823
149277,0.12964067
149283,0.14534557
149289,0.087015726
149310,0.028672004
149314,0.012126628
149318,0.045629144
149319,0.014753733
149320,0.06788536
149321,0.23600832
149333,0.051704165
149337,0.15870725
149338,0.024941871
149341,0.05671014
149342,0.023201171
149349,0.01684955
149351,0.12626538
149354,0.010911242
149360,0.013851066
149362,0.039215483
149366,0.019507252
149372,0.24567166
149376,0.07334847
149388,0.10654451
149393,0.06304303
149401,0.016971773
149405,0.070311375
149412,0.07165659
149415,0.034862164
149416,0.032812268
149430,0.09377519
149435,0.044575498
149436,0.019371541
149444,0.10744176
149456,0.035251047
149471,0.012472333
149480,0.013346895
149481,0.025779853
149490,0.06839304
149491,0.06296567
149503,0.05770074
149512,0.024277588
149524,0.033451963
149525,0.014951762
149532,0.039147917
149533,0.16034892
149536,0.6171621
149540,0.043105997
149548,0.040692627
149563,0.0791352
149568,0.11403991
149569,0.14971727
149570,0.18327008
149582,0.0056350217
149584,0.010393375
149587,0.15657127
149592,0.08628971
149596,0.059551924
149599,0.07384073
149612,0.04170946
149643,0.041775305
149648,0.3057025
149665,0.025577078
149666,0.15393515
149671,0.0248947
149675,0.016544027
149676,0.14217778
149677,0.01925125
149680,0.21507286
149711,0.024018755
149723,0.060369406
149726,0.06847924
149727,0.014095637
149730,0.017350005
149733,0.16608004
149734,0.31826103
149736,0.15292259
149750,0.020482177
149752,0.23362696
149767,0.07461801
149791,0.102925874
149793,0.020184837
149810,0.01905622
149850,0.02836629
149857,0.10315339
149858,0.013010321
149860,0.23394309
149882,0.0076401886
149889,0.016740112
149890,0.22370796
149918,0.019960577
149919,0.09441694
149927,0.024488783
149928,0.044650372
149940,0.14136986
149944,0.041918095
149947,0.053784464
149951,0.07615993
149956,0.055979382
149958,0.15742917
149969,0.01930523
149988,0.091939084
149996,0.05013234
150007,0.037264757
150018,0.042582534
150025,0.028204909
150054,0.05989227
150064,0.07816355
150070,0.040317357
150074,0.022642462
150078,0.00911458
150084,0.030119065
150106,0.120623484
150111,0.43271312
150115,0.0118264975
150117,0.29327667
150120,0.04340343
150127,0.0738865
150128,0.0661615
150130,0.10833822
150132,0.15155253
150135,0.007849328
150145,0.06382658
150148,0.014304359
150153,0.030276518
150154,0.009604611
150173,0.021230912
150174,0.12415689
150176,0.12898092
150177,0.092172116
150178,0.10838301
150179,0.33696628
150187,0.0123768
150207,0.07829862
150223,0.06758644
150224,0.015962709
150229,0.015619384
150233,0.08168631
150245,0.017959177
150252,0.01441009
150257,0.1220425
150258,0.09131759
150267,0.022995356
150268,0.16548176
150272,0.36618313
150282,0.03566033
150289,0.14220384
150299,0.012498871
150307,0.07437306
150310,0.008684504
150311,0.026129784
150312,0.0173288
150313,0.04653333
150324,0.1544268
150335,0.017592782
150343,0.052896667
150354,0.011227895
150363,0.03815992
150365,0.048206538
150377,0.0245369
150381,0.120475546
150382,0.023758182
150414,0.08202291
150418,0.1732308
150431,0.023657853
150449,0.029345205
150450,0.21444307
150473,0.017353192
150475,0.05634272
150476,0.12579133
150478,0.07791936
150488,0.19877994
150499,0.15243588
150501,0.09234951
150503,0.07419172
150518,0.020628477
150529,0.02694659
150531,0.01750904
150532,0.07875926
150535,0.115305714
150543,0.31828684
150545,0.14680381
150548,0.028576378
150552,0.019136103
150558,0.06274
150574,0.08647392
150576,0.37470526
150577,0.037099052
150594,0.07838161
150601,0.016467774
150604,0.02158062
150618,0.021441063
150626,0.13606393
150627,0.062350728
150635,0.24949154
150648,0.048952848
150649,0.16275944
150650,0.14579564
150651,0.042712633
150652,0.025146116
150657,0.15311238
150659,0.049548578
150666,0.14330198
150667,0.066300586
150680,0.0057850135
150698,0.3855484
150700,0.4169668
150713,0.037488073
150715,0.04622586
150718,0.010336534
150724,0.15028709
150731,0.041682042
150734,0.03891136
150738,0.008293002
150744,0.03340297
150745,0.13181683
150746,0.109553315
150749,0.030023798
150750,0.058445
150753,0.010850777
150759,0.03542432
150762,0.028380152
150764,0.017233899
150782,0.08196055
150784,0.044775814
150785,0.04693318
150786,0.02578835
150789,0.09612829
150802,0.04339448
150809,0.03765706
150810,0.055918686
150817,0.042130996
150820,0.05105287
150822,0.060191818
150845,0.022131577
150846,0.10470166
150854,0.07831526
150858,0.14459325
150866,0.07051861
150869,0.0133481445
150874,0.07576759
150887,0.006930134
150889,0.035218135
150892,0.08490008
150896,0.015963923
150901,0.46774355
150914,0.21861547
150918,0.0602062
150919,0.052916232
150929,0.047059815
150935,0.05809817
150941,0.012544963
150949,0.032083627
150950,0.14501494
150951,0.007583975
150952,0.03006623
150980,0.22925617
150981,0.0137319965
150986,0.22987436
150987,0.09076139
151004,0.02025479
151005,0.093145534
151010,0.02743444
151012,0.041854657
151016,0.015465789
151021,0.11082592
151022,0.009113486
151023,0.30713058
151024,0.46568286
151035,0.17900436
151036,0.07138306
151039,0.025756
151041,0.11320554
151043,0.102849886
151052,0.22422168
151058,0.18559244
151065,0.10433075
151066,0.040435046
151067,0.18747558
151069,0.041480035
151070,0.044089485
151080,0.049729984
151090,0.047977168
151092,0.3835189
151100,0.026908329
151108,0.05593103
151113,0.03961182
151119,0.054303013
151131,0.013921029
151145,0.031640872
151147,0.050652497
151148,0.055673737
151149,0.10562192
151153,0.05048328
151158,0.014229086
151167,0.019399395
151169,0.05399455
151185,0.021096202
151186,0.08520339
151187,0.0394556
151203,0.03293336
151206,0.008864323
151213,0.12391144
151237,0.15438017
151254,0.062126763
151255,0.042565003
151264,0.11895355
151266,0.012684337
151267,0.06372875
151270,0.015660577
151286,0.017674003
151288,0.090587534
151289,0.06729696
151290,0.1000888
151303,0.03779336
151304,0.14927758
151308,0.032551475
151315,0.019174227
151324,0.054769386
151329,0.008816483
151335,0.017011723
151343,0.010765386
151347,0.18194228
151348,0.065608695
151357,0.11083207
151366,0.05215634
151372,0.01428789
151374,0.0075148586
151394,0.012155739
151395,0.21633951
151403,0.048935335
151410,0.03552786
151412,0.041027438
151419,0.038356695
151443,0.021668626
151464,0.005414552
151466,0.102180324
151467,0.01161427
151476,0.05095524
151480,0.11668614
151481,0.27557877
151486,0.08004483
151487,0.071677625
151490,0.12930295
151498,0.013353747
151500,0.011168611
151504,0.013051798
151516,0.019586364
151519,0.061187226
151528,0.16517305
151529,0.041622456
151539,0.17845845
151540,0.021601904
151556,0.4134321
151558,0.017258517
151559,0.061481316
151581,0.031355396
151586,0.14908993
151589,0.22617055
151603,0.1936415
151604,0.01925409
151610,0.025121521
151637,0.06440791
151652,0.17469299
151654,0.02309027
151667,0.10912835
151668,0.25908583
151669,0.016169135
151678,0.015643554
151697,0.09214179
151706,0.038450737
151729,0.02278946
151730,0.08223151
151737,0.018585237
151744,0.04534431
151756,0.07350974
151785,0.02384262
151800,0.018346466
151801,0.022221826
151821,0.08943332
151822,0.18949856
151834,0.05032742
151845,0.07518033
151846,0.04712513
151847,0.1278625
151848,0.16166525
151859,0.040606514
151872,0.15522471
151875,0.08706081
151883,0.022312488
151888,0.020902429
151895,0.01373148
151896,0.017263565
151900,0.03314874
151913,0.014945338
151920,0.10948069
151928,0.05330982
151933,0.07721488
151934,0.08245915
151948,0.2324938
151951,0.014175811
151963,0.015654873
151964,0.0055292016
151965,0.009065192
151966,0.020296145
151974,0.041986234
151975,0.23841265
151978,0.06179875
151982,0.06992202
151993,0.055039477
152002,0.0039313086
152005,0.07989479
152017,0.04443141
152020,0.16639009
152039,0.06806451
152047,0.1318833
152064,0.03679223
152071,0.051548958
152076,0.02937206
152088,0.0073489356
152091,0.011319019
152093,0.031792246
152100,0.08468846
152107,0.047633637
152115,0.016171813
152119,0.011551075
152123,0.03280689
152129,0.094350114
152140,0.3056308
152141,0.026145473
152142,0.05255633
152148,0.02810441
152170,0.015298962
152171,0.042540114
152176,0.023393119
152186,0.0677411
152192,0.16753517
152204,0.05147883
152215,0.0067498507
152220,0.03815269
152230,0.01777561
152256,0.06005636
152265,0.04059991
152266,0.23936875
152268,0.010999956
152272,0.05068675
152286,0.014159933
152299,0.038016737
152305,0.045698486
152324,0.061237525
152329,0.18298064
152355,0.035056707
152356,0.015640594
152365,0.10609008
152369,0.15464276
152373,0.01792923
152374,0.091246985
152383,0.08786523
152395,0.13828757
152403,0.14205165
152404,0.06328196
152406,0.03154286
152425,0.05518664
152437,0.060262796
152438,0.112388894
152442,0.20402348
152460,0.060178373
152461,0.008928971
152462,0.02622472
152472,0.08436966
152473,0.044087697
152477,0.05814887
152506,0.049766492
152522,0.024169696
152530,0.067049064
152535,0.0100836735
152543,0.015705338
152548,0.06210518
152556,0.032081127
152562,0.074967496
152563,0.17530683
152565,0.02605685
152591,0.044482183
152593,0.029806247
152612,0.10159472
152619,0.0434143
152627,0.043432046
152628,0.04827139
152632,0.18571354
152638,0.061424606
152646,0.058952887
152662,0.21573699
152679,0.15813953
152680,0.03013185
152699,0.13079211
152703,0.043847077
152717,0.1674918
152720,0.10435274
152721,0.031138329
152735,0.042337745
152736,0.009020023
152739,0.13247466
152755,0.01649287
152769,0.017735343
152785,0.09933334
152788,0.04609257
152791,0.02340303
152808,0.07769488
152815,0.028395243
152816,0.12075441
152817,0.018727496
152818,0.018968869
152819,0.21488811
152820,0.009785239
152823,0.08973585
152831,0.038986154
152832,0.23775327
152833,0.040956996
152835,0.027006075
152838,0.035703726
152846,0.011390802
152862,0.27078307
152864,0.011770385
152865,0.096550845
152871,0.0058847577
152874,0.020145884
152875,0.005365973
152876,0.43175912
152877,0.32317242
152881,0.15392792
152892,0.019277588
152908,0.225977
152909,0.040301137
152915,0.020363802
152916,0.20896907
152923,0.0860524
152932,0.007880016
152934,0.022741325
152936,0.017018087
152948,0.014279873
152951,0.065017864
152956,0.063643545
152963,0.04738215
152964,0.3915587
152978,0.10058374
152980,0.09618588
152986,0.12720685
153001,0.08651431
153002,0.050358847
153007,0.091071226
153009,0.018844523
153017,0.021572592
153018,0.124935836
153022,0.14066418
153027,0.31293124
153032,0.03803115
153033,0.046090044
153034,0.06136937
153037,0.14326319
153051,0.41921613
153052,0.061534394
153057,0.019599736
153067,0.08196418
153084,0.090990186
153088,0.22030441
153089,0.035489686
153093,0.03186305
153094,0.120330654
153095,0.16853212
153105,0.1071495
153108,0.14883737
153110,0.06479662
153119,0.19471268
153135,0.0147146145
153139,0.020478006
153146,0.036499947
153154,0.1079979
153185,0.04447193
153195,0.2851556
153196,0.012388468
153198,0.04790566
153202,0.011485113
153203,0.011470647
153209,0.016944379
153223,0.09551644
153224,0.041894212
153227,0.048906773
153230,0.0616008
153233,0.049654484
153234,0.011084222
153235,0.19652522
153243,0.19144574
153263,0.06451113
153269,0.07841368
153272,0.0142447855
153276,0.20168822
153279,0.03724774
153291,0.092771076
153311,0.060319316
153328,0.19248015
153330,0.16990219
153341,0.09299989
153345,0.05869698
153393,0.025698349
153394,0.19210143
153395,0.038374897
153420,0.13506727
153428,0.07597534
153432,0.08250697
153449,0.024098419
153458,0.4389448
153459,0.013605871
153472,0.039599504
153475,0.007296693
153479,0.15860869
153480,0.087796554
153490,0.041880414
153491,0.04708195
153501,0.025013022
153502,0.025688864
153507,0.1121845
153513,0.16187447
153514,0.08130715
153519,0.22278234
153520,0.016254624
153556,0.038089346
153577,0.08580033
153582,0.24664716
153594,0.16807781
153595,0.035670448
153598,0.036214497
153601,0.015448047
153625,0.034563128
153641,0.013446024
153654,0.02916038
153676,0.10361827
153681,0.00779474
153704,0.04774371
153706,0.046728496
153710,0.29219252
153720,0.086260445
153734,0.19449832
153738,0.047462508
153743,0.02792367
153748,0.10345815
153756,0.08416818
153757,0.053991593
153759,0.02562945
153764,0.17908682
153782,0.010043698
153796,0.110766865
153802,0.23093422
153809,0.48958546
153810,0.0037946468
153817,0.24878529
153821,0.034963522
153823,0.099152304
153830,0.024996934
153834,0.029332526
153839,0.02166383
153842,0.07581708
153847,0.22188577
153855,0.038526043
153873,0.008981578
153875,0.096118204
153882,0.0644983
153884,0.015574382
153885,0.22584145
153886,0.033754487
153890,0.07303993
153892,0.013611287
153897,0.060588475
153898,0.043749075
153901,0.04758784
153924,0.046327207
153928,0.038239535
153929,0.18125747
153949,0.009069087
153979,0.037676495
153980,0.009872922
153981,0.050790183
154010,0.13073753
154015,0.053539153
154039,0.11389575
154043,0.0037292375
154044,0.0820031
154046,0.030554567
154047,0.01909511
154058,0.02299713
154060,0.027740115
154065,0.2856091
154083,0.12467478
154100,0.0729086
154108,0.112099975
154120,0.1323584
154121,0.04455625
154122,0.051015124
154128,0.08969523
154137,0.061681107
154143,0.08844992
154151,0.13135816
154158,0.014804744
154176,0.027412597
154184,0.1040707
154191,0.086173795
154215,0.18161678
154216,0.056596167
154220,0.013451389
154222,0.20729147
154227,0.05033354
154241,0.011855321
154243,0.06551924
154244,0.097588845
154254,0.039102964
154264,0.033085342
154265,0.09916906
154268,0.18345499
154269,0.018963346
154299,0.0048682815
154307,0.09225778
154315,0.13832378
154325,0.047350887
154327,0.030690629
154332,0.1528866
154346,0.034044307
154347,0.018069742
154353,0.20329869
154369,0.02331077
154376,0.021184767
154377,0.118323326
154379,0.07810929
154389,0.019450644
154402,0.059811488
154403,0.021617178
154416,0.011636014
154428,0.041657727
154430,0.0058223023
154442,0.33283982
154447,0.030572155
154468,0.0067415116
154470,0.0170067
154473,0.106016755
154480,0.032456376
154486,0.045230746
154500,0.06712886
154507,0.15300415
154529,0.014153006
154549,0.00564935
154557,0.006731375
154571,0.10408148
154578,0.036339454
154580,0.007914099
154591,0.06470853
154611,0.30915806
154623,0.007925679
154650,0.09432501
154655,0.14645703
154659,0.101372525
154680,0.17314546
154681,0.025638703
154690,0.2658789
154711,0.03386914
154712,0.036531184
154722,0.018005634
154731,0.05038858
154747,0.17559218
154749,0.1947722
154750,0.101137795
154760,0.09306935
154763,0.021279305
154786,0.24788482
154788,0.061904322
154792,0.12416242
154807,0.3962148
154812,0.006967853
154818,0.22513637
154819,0.09815677
154824,0.08280163
154839,0.08028621
154840,0.0024129865
154843,0.017207857
154847,0.090200745
154849,0.045854364
154850,0.014964269
154851,0.14369129
154853,0.055117838
154858,0.033845074
154868,0.56603265
154871,0.028244797
154877,0.007175591
154916,0.0077613113
154920,0.015494619
154922,0.14650026
154924,0.027035968
154933,0.14406312
154942,0.22251773
154955,0.03520401
154957,0.23346171
154966,0.033601124
154971,0.025283845
154972,0.044191033
154973,0.04181764
154974,0.011748764
154979,0.025857497
154982,0.035887387
154990,0.111523956
154991,0.033103146
154994,0.07136119
154995,0.07319087
155009,0.015366964
155014,0.016880037
155017,0.004406746
155018,0.025920829
155019,0.026688825
155020,0.025965136
155027,0.06494375
155034,0.10536953
155047,0.03216536
155049,0.16917934
155052,0.08754529
155053,0.042159725
155059,0.08064944
155060,0.20365997
155069,0.019106809
155077,0.19359869
155078,0.041699257
155086,0.054747097
155088,0.053307716
155094,0.01952324
155099,0.020234058
155100,0.030394452
155116,0.054787613
155117,0.056193337
155119,0.064754434
155120,0.010267173
155133,0.101435706
155135,0.38640156
155141,0.37751734
155144,0.008716249
155145,0.032752816
155174,0.047882885
155194,0.09068072
155196,0.012987557
155204,0.1203043
155232,0.20880248
155240,0.019883145
155246,0.02314028
155254,0.017546419
155267,0.019283349
155273,0.020925978
155274,0.042706434
155283,0.0671542
155296,0.23395212
155312,0.017395256
155318,0.009837953
155322,0.07997026
155323,0.11233731
155329,0.09877573
155342,0.0146309715
155346,0.5418007
155366,0.09192084
155369,0.047171406
155372,0.20940202
155378,0.028976338
155382,0.08719942
155390,0.04192585
155401,0.11244241
155428,0.1311071
155443,0.04382934
155445,0.05362577
155450,0.050526716
155452,0.048765037
155453,0.013281183
155480,0.11182862
155482,0.014976285
155484,0.14596723
155485,0.027889714
155496,0.20070052
155497,0.128589
155531,0.022986937
155541,0.009570829
155547,0.052483376
155550,0.13760647
155551,0.06876465
155565,0.11389322
155567,0.028824879
155569,0.13679448
155573,0.03472493
155575,0.06660452
155581,0.00800466
155591,0.047086157
155593,0.13620713
155594,0.012052655
155610,0.3059647
155623,0.057041947
155624,0.0913201
155629,0.029342998
155638,0.07523336
155650,0.048179973
155652,0.06954997
155687,0.072942086
155697,0.09487488
155715,0.26203075
155718,0.05884782
155719,0.009892715
155723,0.14470051
155730,0.0654404
155731,0.057054967
155737,0.17786533
155738,0.05321054
155740,0.026167529
155742,0.017637778
155755,0.017081147
155766,0.13205552
155768,0.011555758
155771,0.17416851
155803,0.015353492
155808,0.018697422
155809,0.07005881
155812,0.024300428
155820,0.12985134
155832,0.14009756
155841,0.0964642
155847,0.2622803
155848,0.054654006
155855,0.090441845
155886,0.03623878
155893,0.12234189
155905,0.029203534
155910,0.09701766
155912,0.010775089
155919,0.21918806
155921,0.04662867
155937,0.08729659
155939,0.06509929
155950,0.0691129
155987,0.14505655
155988,0.040130913
156005,0.040406268
156006,0.009671966
156010,0.059313133
156018,0.038702395
156021,0.15741448
156026,0.050583124
156030,0.037226487
156033,0.012944156
156038,0.15982091
156041,0.10578981
156049,0.028147155
156050,0.017994989
156068,0.030879641
156069,0.19768964
156087,0.01101622
156088,0.053980052
156095,0.094890386
156104,0.14324977
156107,0.01583468
156108,0.09937055
156111,0.26300162
156119,0.0145433955
156123,0.04851626
156140,0.30523378
156149,0.018907038
156161,0.01743042
156180,0.27434334
156186,0.105441876
156189,0.102828436
156194,0.0150016295
156200,0.012653369
156213,0.542203
156214,0.07880388
156228,0.017374126
156234,0.017496955
156236,0.093671426
156243,0.009255915
156256,0.051642604
156268,0.062169712
156269,0.007404945
156270,0.039144
156274,0.060453676
156290,0.030406134
156291,0.018170692
156292,0.0355253
156298,0.039231926
156301,0.07653272
156302,0.16429877
156309,0.037422787
156355,0.011021328
156365,0.020689748
156367,0.1730405
156372,0.0089662485
156376,0.04724732
156377,0.05529975
156389,0.025273118
156400,0.059523955
156404,0.22618905
156405,0.02450253
156426,0.06193192
156427,0.026110012
156429,0.094079025
156430,0.102276616
156431,0.019871749
156432,0.06525549
156449,0.05268505
156463,0.046960477
156464,0.0707237
156478,0.008909455
156492,0.103122905
156508,0.10589715
156509,0.04442384
156517,0.07710684
156526,0.054666102
156527,0.018749803
156538,0.21657844
156542,0.05465396
156543,0.08905447
156555,0.044271264
156556,0.083884545
156561,0.061952338
156563,0.024095582
156564,0.055793226
156567,0.016045136
156570,0.03991539
156581,0.06584473
156594,0.056399304
156597,0.032078248
156600,0.05775821
156601,0.014643048
156627,0.07399468
156629,0.07900185
156642,0.006164258
156644,0.024385892
156663,0.023160627
156674,0.024959244
156688,0.00453729
156696,0.05346477
156707,0.0072851623
156723,0.10839869
156728,0.1258611
156731,0.021663785
156732,0.07787744
156733,0.11595557
156768,0.14668804
156773,0.05847029
156782,0.108992875
156815,0.05758113
156837,0.026017942
156854,0.12066081
156861,0.18358801
156862,0.013389333
156878,0.22694658
156903,0.06694596
156910,0.026476273
156925,0.04184364
156933,0.032198217
156952,0.055240236
156953,0.11661303
156963,0.24760659
156965,0.24161342
156989,0.029668808
156994,0.026227752
156996,0.039869018
157005,0.09090477
157011,0.01398565
157046,0.06420208
157058,0.047896974
157061,0.19377023
157065,0.021409575
157066,0.05227225
157067,0.18717022
157090,0.07483386
157091,0.08007584
157096,0.0124801
157101,0.36682883
157104,0.036134403
157109,0.027152298
157116,0.064783156
157120,0.20371243
157121,0.048213262
157124,0.22804408
157125,0.036415286
157132,0.124581404
157153,0.10434304
157157,0.1627243
157159,0.08087721
157168,0.051367976
157189,0.04435153
157195,0.035687946
157203,0.030188331
157210,0.064454906
157212,0.024129838
157220,0.055683594
157239,0.10595791
157241,0.051625457
157246,0.038284194
157247,0.1274353
157252,0.014614194
157253,0.48485544
157265,0.05904458
157291,0.064400844
157292,0.032438997
157301,0.050262924
157306,0.16635358
157312,0.52273834
157314,0.07773078
157332,0.025766686
157333,0.038100213
157337,0.14399453
157345,0.10820147
157347,0.09407045
157363,0.1476716
157376,0.021830868
157382,0.046595115
157397,0.015854532
157409,0.017728318
157411,0.016436053
157422,0.014727853
157428,0.053024936
157434,0.18049517
157442,0.032137632
157446,0.0245337
157456,0.028979601
157465,0.035768498
157469,0.04969997
157482,0.046133798
157497,0.041800562
157507,0.008229615
157510,0.10289902
157515,0.014871898
157529,0.05998614
157530,0.10953432
157541,0.17617692
157546,0.34311572
157553,0.06352178
157554,0.064306
157562,0.11127834
157565,0.17882448
157566,0.05185475
157571,0.01556787
157572,0.009708889
157574,0.0074855043
157575,0.041829154
157581,0.24384505
157590,0.3378404
157604,0.024874825
157611,0.1253144
157617,0.16660568
157620,0.07219003
157623,0.10160766
157651,0.06915119
157653,0.04597961
157664,0.14960921
157690,0.07682166
157704,0.06078838
157712,0.1141749
157722,0.12925033
157727,0.04415537
157764,0.033440355
157765,0.12864684
157775,0.018082531
157777,0.13529435
157789,0.1659034
157802,0.12934859
157803,0.024608664
157804,0.065958075
157805,0.09551378
157822,0.119578406
157823,0.01244565
157827,0.04481313
157836,0.091798045
157839,0.043122485
157847,0.028705316
157859,0.03228979
157864,0.027750615
157866,0.32262585
157877,0.28228715
157886,0.04658286
157892,0.12524945
157903,0.020212658
157913,0.13042146
157919,0.00951061
157920,0.08745348
157923,0.032495886
157926,0.02072711
157927,0.181932
157948,0.02445788
157949,0.04589723
157952,0.022819564
157955,0.39725724
157958,0.12392544
157960,0.065276235
157966,0.047946554
157970,0.039550442
157979,0.033496864
157980,0.12537517
157985,0.016271858
157997,0.16159013
157998,0.1255247
158002,0.072370015
158004,0.037616827
158005,0.11278212
158007,0.03725381
158008,0.015352397
158015,0.03701525
158033,0.15870324
158036,0.03053655
158041,0.05774992
158044,0.049437907
158049,0.15333058
158061,0.037939984
158078,0.01768114
158099,0.015776755
158100,0.059593208
158102,0.083911866
158107,0.0814487
158114,0.051191587
158127,0.20379345
158128,0.14669901
158142,0.15543167
158145,0.17269182
158146,0.17816141
158167,0.0042647743
158176,0.065238744
158184,0.01123943
158197,0.02138903
158201,0.043935094
158202,0.25878826
158205,0.057856314
158208,0.28290027
158211,0.042056996
158215,0.049431566
158218,0.15556246
158221,0.35642132
158223,0.15234561
158230,0.009486367
158234,0.012982289
158235,0.03494497
158245,0.119638726
158254,0.11729032
158267,0.11219663
158277,0.01035796
158283,0.014669242
158289,0.17719533
158290,0.11495382
158298,0.016116334
158307,0.01662539
158332,0.030645557
158336,0.014454943
158342,0.045152374
158344,0.028750492
158347,0.20223552
158352,0.0102188885
158354,0.108679004
158355,0.026104903
158357,0.032230448
158365,0.026512045
158366,0.004586796
158367,0.038463973
158368,0.23566481
158384,0.101544715
158388,0.009656266
158395,0.08968791
158413,0.062902346
158425,0.065668985
158426,0.07599281
158432,0.012420902
158444,0.1704035
158453,0.016710548
158454,0.08490597
158459,0.017989082
158462,0.048378576
158468,0.05135248
158469,0.06357611
158470,0.024944806
158483,0.05676836
158485,0.026300834
158490,0.13430998
158494,0.04104797
158500,0.027158754
158503,0.025688395
158504,0.0113552455
158519,0.056301825
158523,0.05202996
158527,0.012169981
158533,0.021096783
158535,0.040282898
158539,0.051178444
158544,0.12110642
158547,0.015973408
158551,0.3083991
158552,0.0062505943
158560,0.019090202
158616,0.30622053
158638,0.024642851
158642,0.039796017
158651,0.00513875
158653,0.008589383
158677,0.015741564
158683,0.04729752
158687,0.043775123
158693,0.032141823
158700,0.023568792
158703,0.050394874
158705,0.17497937
158706,0.01603721
158708,0.015459677
158712,0.03562551
158714,0.17089704
158715,0.041187372
158752,0.020124532
158753,0.032859907
158763,0.015651772
158764,0.022803964
158767,0.27096877
158770,0.007901443
158781,0.024944039
158789,0.11857945
158790,0.010349551
158791,0.39990225
158795,0.076909885
158796,0.023880687
158800,0.031695362
158806,0.030664561
158807,0.11832668
158815,0.082358174
158824,0.02792224
158828,0.29399413
158831,0.32762223
158840,0.03671654
158841,0.020072374
158847,0.082091734
158856,0.056492474
158858,0.10461052
158884,0.03807091
158885,0.0468588
158891,0.10977728
158898,0.03221722
158911,0.035458572
158913,0.0067384276
158918,0.09011985
158926,0.054902256
158929,0.09521156
158939,0.099270344
158940,0.06185836
158952,0.06787951
158963,0.018518632
158973,0.024697885
158977,0.14818679
158988,0.09691013
159013,0.26833606
159016,0.038113855
159018,0.011089471
159024,0.28950956
159034,0.06508333
159035,0.119753495
159039,0.1876879
159049,0.10030659
159056,0.104303725
159068,0.066501796
159078,0.1567071
159099,0.047081567
159103,0.0626348
159106,0.31037527
159113,0.024085555
159117,0.06275577
159124,0.3674138
159132,0.032874085
159139,0.033136643
159142,0.055009007
159145,0.06522473
159147,0.056845713
159174,0.025274588
159201,0.091068976
159203,0.01752442
159212,0.30330354
159214,0.09037409
159221,0.046491932
159240,0.035380114
159241,0.030659908
159242,0.07830765
159244,0.12785263
159250,0.06295356
159275,0.041906703
159284,0.056405433
159293,0.06048838
159295,0.013928629
159301,0.027235648
159310,0.055058204
159314,0.045755114
159318,0.013984611
159333,0.014592579
159334,0.07415303
159335,0.08903536
159337,0.30195695
159338,0.050970383
159340,0.23933029
159361,0.02266246
159384,0.1775746
159402,0.066046745
159421,0.01461613
159424,0.17432125
159425,0.011494499
159426,0.066391796
159439,0.1014177
159445,0.046338964
159449,0.011432973
159460,0.355891
159475,0.0679195
159481,0.05747119
159483,0.050606783
159494,0.026223466
159504,0.008388204
159512,0.09346723
159522,0.21703303
159524,0.08882845
159526,0.020177158
159528,0.03034113
159547,0.27300015
159555,0.012810343
159562,0.04783261
159563,0.0043293783
159565,0.25782824
159569,0.12594718
159578,0.027009834
159579,0.14727335
159581,0.008042046
159594,0.058593
159598,0.02347692
159604,0.04349099
159605,0.058859073
159620,0.06698041
159631,0.099460565
159633,0.022404136
159659,0.11317018
159661,0.25989106
159667,0.019403378
159669,0.028580379
159682,0.039333384
159683,0.04539893
159693,0.023401765
159698,0.028904717
159702,0.17694712
159703,0.042652357
159707,0.014554504
159716,0.03874401
159732,0.02546197
159734,0.035242334
159740,0.05846476
159748,0.058830354
159751,0.099710815
159756,0.051969204
159758,0.22153598
159767,0.1035504
159769,0.49371833
159775,0.053242467
159802,0.07930274
159804,0.06204777
159817,0.036213025
159818,0.00492287
159824,0.026403936
159837,0.00965091
159840,0.029155603
159842,0.1870801
159851,0.0069828704
159865,0.23870249
159866,0.06433106
159872,0.052463274
159874,0.030436806
159879,0.025228573
159883,0.022921493
159884,0.038073022
159898,0.36020136
159903,0.06069986
159906,0.06796979
159914,0.12994818
159915,0.13594256
159917,0.0144842155
159929,0.05704914
159949,0.10835692
159951,0.06561248
159953,0.03927262
159957,0.11191618
159968,0.05043976
159972,0.040847324
159973,0.034025792
159993,0.06889323
160008,0.17625433
160011,0.043415032
160013,0.06291117
160015,0.037121836
160017,0.010493705
160023,0.09050606
160028,0.13182782
160035,0.07605589
160074,0.11039248
160076,0.054566327
160077,0.038193956
160080,0.04701827
160084,0.13208501
160089,0.37691066
160094,0.019896558
160101,0.017589213
160103,0.033801276
160111,0.028439874
160114,0.018365184
160116,0.017317882
160119,0.11119141
160123,0.043243643
160141,0.03611717
160147,0.025412662
160151,0.021307817
160172,0.25267845
160173,0.01944898
160177,0.17590673
160178,0.050348733
160180,0.030566601
160181,0.031454924
160188,0.026001602
160189,0.006629295
160193,0.013888293
160205,0.030099278
160214,0.12628224
160215,0.10173562
160217,0.024060315
160262,0.03110134
160263,0.029009394
160273,0.03533222
160282,0.16537699
160295,0.27226466
160297,0.056812443
160303,0.013523481
160305,0.055494394
160309,0.033658028
160324,0.017830743
160338,0.19658476
160366,0.08180881
160375,0.009848685
160381,0.0077650244
160398,0.012991874
160400,0.040378213
160406,0.025380952
160410,0.01851054
160411,0.014692848
160418,0.028527047
160440,0.008135825
160441,0.0837216
160450,0.5991907
160465,0.036157828
160470,0.06066368
160471,0.09116242
160472,0.42100167
160479,0.14690596
160490,0.030776571
160500,0.11918915
160503,0.021770835
160504,0.062110107
160515,0.045521323
160541,0.11481651
160545,0.08744509
160562,0.042337853
160589,0.01522629
160594,0.020794244
160595,0.034637593
160598,0.065717235
160601,0.023948707
160605,0.12168441
160606,0.026023634
160607,0.006722556
160608,0.18094172
160610,0.05091428
160614,0.0690299
160615,0.025757262
160626,0.010650259
160634,0.018150456
160656,0.01432626
160660,0.03012558
160666,0.047318798
160672,0.059005853
160673,0.013425185
160674,0.024269683
160681,0.046488065
160683,0.080460496
160694,0.015258263
160710,0.05477899
160715,0.16304214
160719,0.07916464
160732,0.046559393
160734,0.01143888
160737,0.2535847
160742,0.05503866
160747,0.014343777
160749,0.10483813
160753,0.07385541
160756,0.048436277
160757,0.13801432
160763,0.007627849
160782,0.033950333
160789,0.034589153
160804,0.022053244
160805,0.1339728
160813,0.027131448
160815,0.022508927
160819,0.016762165
160820,0.07713747
160822,0.018107414
160823,0.048229646
160837,0.026232177
160841,0.018544277
160847,0.16537488
160861,0.08959016
160886,0.021674348
160891,0.054079484
160897,0.10019244
160914,0.076896414
160915,0.28961697
160929,0.104404025
160930,0.0074579036
160931,0.013977407
160935,0.13222377
160939,0.030908016
160953,0.027759464
160954,0.034151733
160962,0.060191933
160966,0.018516136
160982,0.0445213
160983,0.03916371
160991,0.009566725
160998,0.02158062
161009,0.1876493
161014,0.043455202
161017,0.112914875
161021,0.020348914
161023,0.041847046
161027,0.033469297
161028,0.13779157
161030,0.37563813
161031,0.011121053
161033,0.045062743
161050,0.028336143
161053,0.033125848
161054,0.108469024
161055,0.027591193
161059,0.046051275
161061,0.105217114
161065,0.05934528
161069,0.028433997
161072,0.034833666
161073,0.016592111
161080,0.02468158
161083,0.058872264
161104,0.023859376
161111,0.16743807
161139,0.15940624
161149,0.031529047
161158,0.20291762
161171,0.10564445
161175,0.063827105
161201,0.13892551
161202,0.26548314
161205,0.019538188
161228,0.021099344
161233,0.042511214
161234,0.08752872
161237,0.05776485
161238,0.035715662
161250,0.23229173
161251,0.053218774
161253,0.014835648
161254,0.0462014
161283,0.11405191
161291,0.061987225
161297,0.034938864
161300,0.029229319
161314,0.16271481
161315,0.041516665
161336,0.060377464
161341,0.20357695
161343,0.08407768
161351,0.25757802
161352,0.057292674
161353,0.07718402
161361,0.09673867
161366,0.042495146
161368,0.27624273
161378,0.06582165
161379,0.106795326
161380,0.034100182
161398,0.1677478
161408,0.012364968
161432,0.018030666
161439,0.11975426
161461,0.036646176
161467,0.10853008
161468,0.06109455
161471,0.06346032
161477,0.06744591
161503,0.041589204
161514,0.021408912
161524,0.25374854
161527,0.083506584
161528,0.008908028
161531,0.18080747
161536,0.042273134
161537,0.035226863
161548,0.04430732
161558,0.023957802
161572,0.0121328505
161586,0.018121954
161605,0.054170135
161606,0.056401707
161607,0.05486021
161618,0.07097801
161640,0.04480218
161658,0.04920279
161660,0.014374078
161661,0.06445317
161662,0.21905357
161677,0.13418905
161681,0.07112503
161682,0.029738896
161683,0.057707
161685,0.01265341
161686,0.023033949
161687,0.027604507
161691,0.01928261
161701,0.12208374
161707,0.06365648
161709,0.034717068
161710,0.01431064
161711,0.03885126
161714,0.15568902
161742,0.068206504
161751,0.018090995
161764,0.07202364
161771,0.12245314
161781,0.06331459
161782,0.044313107
161800,0.016196191
161810,0.07889355
161812,0.0708315
161813,0.01746471
161816,0.00929659
161838,0.1090041
161841,0.056291845
161845,0.023851804
161871,0.03766118
161877,0.1783055
161882,0.023147183
161885,0.116026595
161886,0.029606923
161895,0.05321167
161897,0.17142747
161914,0.09844107
161921,0.10895903
161922,0.035157673
161927,0.22073658
161946,0.019687502
161952,0.022282112
161954,0.1377692
161955,0.053692076
161961,0.12838484
161977,0.16452242
161980,0.05467284
161989,0.17520225
161993,0.18598036
162002,0.06374888
162011,0.040945843
162012,0.009419577
162015,0.044605337
162016,0.07226869
162019,0.026613507
162021,0.11164483
162022,0.15317795
162023,0.063705236
162025,0.025163058
162028,0.0142720025
162029,0.044455405
162030,0.022719435
162031,0.31295255
162033,0.08424941
162037,0.006580311
162044,0.09833344
162071,0.12009155
162093,0.0391093
162094,0.12024782
162100,0.0069057383
162102,0.12915342
162105,0.047138263
162109,0.12460683
162116,0.12085792
162117,0.008103118
162118,0.26911685
162120,0.10430948
162125,0.03453458
162128,0.18142308
162131,0.13797654
162133,0.12866758
162135,0.051270235
162156,0.020305306
162157,0.066166416
162165,0.09366118
162166,0.015447219
162170,0.08217312
162201,0.023324467
162202,0.085411996
162206,0.0047915825
162211,0.046488203
162227,0.020536443
162232,0.026001228
162235,0.038211916
162237,0.25636277
162248,0.035020273
162261,0.07793521
162262,0.015990807
162280,0.03003581
162282,0.013455186
162284,0.05407834
162287,0.13291937
162305,0.024571817
162308,0.018139314
162309,0.056395337
162312,0.08401598
162313,0.011736152
162316,0.022043146
162324,0.10824319
162325,0.059816763
162333,0.022590086
162334,0.029690195
162337,0.027498662
162340,0.041189596
162344,0.12990826
162347,0.050604902
162350,0.031826854
162351,0.15012348
162365,0.03488455
162368,0.028528864
162379,0.07934501
162383,0.026394904
162392,0.053029176
162393,0.059958003
162397,0.09929794
162398,0.124824636
162406,0.09288227
162410,0.05882175
162418,0.023452444
162420,0.07495423
162424,0.07780186
162425,0.023970919
162438,0.06437154
162442,0.02032107
162462,0.023100683
162476,0.022330355
162477,0.009595512
162480,0.043258008
162491,0.052920606
162493,0.05236273
162503,0.046845775
162504,0.049232032
162513,0.04628383
162516,0.25051066
162517,0.019863537
162522,0.06695158
162523,0.084245674
162542,0.08009862
162584,0.1278757
162586,0.05234475
162589,0.03388398
162594,0.036133625
162616,0.038276326
162630,0.05647352
162637,0.07908252
162652,0.02444065
162659,0.32342073
162668,0.0140661
162674,0.026773382
162680,0.051963203
162685,0.21621637
162689,0.2979094
162711,0.06016997
162714,0.013611665
162732,0.010276873
162741,0.019025497
162758,0.067532696
162759,0.04680536
162775,0.17340116
162776,0.042523243
162777,0.019254891
162782,0.032899976
162786,0.023403581
162794,0.09061237
162799,0.008474134
162801,0.20546451
162802,0.09267158
162807,0.04504307
162820,0.043160632
162827,0.018171282
162833,0.035680257
162837,0.019445898
162844,0.030774577
162860,0.009895158
162862,0.023858162
162864,0.05561566
162868,0.044434812
162880,0.020532487
162895,0.35147962
162898,0.118280776
162918,0.13947366
162924,0.12229207
162931,0.07644331
162936,0.078853674
162978,0.20118275
162979,0.01916773
162988,0.03701937
162989,0.11867408
163013,0.16546209
163014,0.044782616
163021,0.05265581
163024,0.016864493
163027,0.020698851
163030,0.020367093
163031,0.015707873
163032,0.028652351
163039,0.06584073
163042,0.016123217
163048,0.022778042
163049,0.020628858
163068,0.03420891
163071,0.029601378
163074,0.14192271
163079,0.029580051
163080,0.015429304
163085,0.042922493
163093,0.06404345
163094,0.121700935
163109,0.05454181
163116,0.03091363
163117,0.06491578
163118,0.04092129
163119,0.40566885
163121,0.025654538
163131,0.028538188
163132,0.069894046
163133,0.18816683
163182,0.047269415
163187,0.032982983
163188,0.20524363
163195,0.021039704
163197,0.027039625
163200,0.00491734
163206,0.27833572
163207,0.025628397
163214,0.10465328
163222,0.011634068
163224,0.026895981
163226,0.14996885
163235,0.10187087
163240,0.07982175
163258,0.074954055
163263,0.023918476
163264,0.2101011
163265,0.05628664
163266,0.10199117
163268,0.22373295
163272,0.010181862
163273,0.22825424
163278,0.19127494
163288,0.006555809
163299,0.13544324
163302,0.095826745
163307,0.030077856
163321,0.05508101
163349,0.06283906
163352,0.1004237
163353,0.12456025
163357,0.085482605
163362,0.032245032
163375,0.026663654
163385,0.021695131
163386,0.11457504
163390,0.046754446
163408,0.18158883
163423,0.01400819
163426,0.12750907
163437,0.3093944
163452,0.03482316
163472,0.092502035
163473,0.021164501
163479,0.019878028
163480,0.031997602
163487,0.06920958
163492,0.20988454
163493,0.075814046
163523,0.10480057
163524,0.08459479
163527,0.062003095
163528,0.11180036
163531,0.006938904
163538,0.04583021
163556,0.031320468
163563,0.32671762
163566,0.107399434
163570,0.026211232
163571,0.036263444
163574,0.008363941
163578,0.020988809
163580,0.11491039
163597,0.18442234
163601,0.09504606
163604,0.12665069
163609,0.030477282
163618,0.08439053
163634,0.28025144
163647,0.07572932
163660,0.2063933
163661,0.03168611
163666,0.023232298
163667,0.1626404
163669,0.09424327
163676,0.01904969
163681,0.019875387
163682,0.038322326
163684,0.11414753
163714,0.31110576
163724,0.020903056
163728,0.13887171
163729,0.015051668
163738,0.012031551
163742,0.07216509
163743,0.1272781
163748,0.08462193
163759,0.043783966
163782,0.00655635
163793,0.0346515
163800,0.017089948
163801,0.07325175
163802,0.07203647
163814,0.038504165
163820,0.03787093
163821,0.021827808
163848,0.015732199
163852,0.06686761
163854,0.03591449
163855,0.14614995
163882,0.020365614
163895,0.044554695
163900,0.17487174
163907,0.17032354
163915,0.018444076
163926,0.08515731
163929,0.036286354
163934,0.07434629
163940,0.09109645
163943,0.06230955
163944,0.036320563
163949,0.023420854
163951,0.031929888
163952,0.041392397
163965,0.12685563
163970,0.018503085
163980,0.063790135
163981,0.03874869
163988,0.13037708
163989,0.09376731
163991,0.028832203
164015,0.046721123
164028,0.06928686
164030,0.050862253
164031,0.04716791
164037,0.006719322
164049,0.02174708
164052,0.051222384
164059,0.020219922
164083,0.09895575
164095,0.017601635
164106,0.3725106
164116,0.048017457
164117,0.42434448
164119,0.03466067
164133,0.14731601
164134,0.04549162
164142,0.04008876
164143,0.013395773
164147,0.036928013
164148,0.1116833
164150,0.24521749
164152,0.035485573
164156,0.1249213
164157,0.06789909
164158,0.024873417
164166,0.14301084
164191,0.018408043
164194,0.06590297
164198,0.010606055
164201,0.006341526
164202,0.050044462
164207,0.30665323
164228,0.023539152
164240,0.07622988
164241,0.022554921
164244,0.019943556
164256,0.10320303
164262,0.051769752
164269,0.00774694
164276,0.022788832
164281,0.21054526
164290,0.052940577
164300,0.24272609
164305,0.19145863
164307,0.031752665
164308,0.02589106
164309,0.010902503
164314,0.042400982
164319,0.02680216
164331,0.021512732
164332,0.01879337
164343,0.055040523
164349,0.07364977
164363,0.036575172
164373,0.11939556
164410,0.18025422
164417,0.06683702
164436,0.026615174
164438,0.011075294
164441,0.051501743
164445,0.03383506
164451,0.026590312
164452,0.016887112
164502,0.09937456
164513,0.17391834
164526,0.32519916
164527,0.01931174
164528,0.112621285
164530,0.038643416
164537,0.04586111
164542,0.07465898
164546,0.045304265
164555,0.37553596
164556,0.005757355
164568,0.17842187
164571,0.15918477
164572,0.30058545
164574,0.036484104
164580,0.032313522
164597,0.018157654
164601,0.012462353
164619,0.06210148
164633,0.028992694
164642,0.020736646
164652,0.08323853
164676,0.041413512
164682,0.040452287
164685,0.09287508
164691,0.09775486
164696,0.05354621
164708,0.12281442
164711,0.12207679
164712,0.14347082
164717,0.07698565
164721,0.036920033
164740,0.01849337
164746,0.011611905
164755,0.055046037
164761,0.016625602
164764,0.021654757
164766,0.5692991
164776,0.31686237
164777,0.02578266
164783,0.046640772
164786,0.019733028
164799,0.11905673
164808,0.114111446
164812,0.048415393
164815,0.17687684
164816,0.016859751
164817,0.09308443
164818,0.14958093
164819,0.268494
164821,0.06799215
164822,0.017069014
164825,0.012522642
164834,0.088642046
164841,0.022118289
164842,0.075063184
164853,0.02749168
164855,0.25252232
164856,0.019297037
164878,0.015855374
164883,0.051739536
164887,0.02558919
164888,0.02401866
164889,0.115223564
164891,0.3858462
164892,0.011328073
164922,0.012898422
164924,0.069895186
164933,0.26364344
164938,0.034832675
164939,0.11875489
164949,0.016643994
164950,0.022519741
164957,0.22677277
164961,0.1664106
164963,0.025315087
164972,0.021172842
164980,0.014367344
164981,0.032367967
165020,0.07334086
165027,0.035247155
165046,0.044720303
165048,0.21320736
165049,0.07771193
165058,0.025114533
165065,0.016497279
165081,0.039202508
165082,0.06450938
165090,0.04262293
165107,0.03166346
165131,0.052432396
165133,0.09744553
165137,0.021137409
165140,0.111485764
165142,0.04170628
165143,0.08872525
165152,0.09205304
165154,0.07312533
165158,0.060664643
165166,0.01480578
165168,0.12062752
165171,0.012641484
165175,0.062143464
165182,0.013856655
165188,0.20729168
165190,0.017491389
165199,0.023823988
165202,0.18941231
165203,0.09932175
165204,0.20613967
165208,0.040589947
165221,0.046023287
165243,0.013769239
165283,0.056876354
165300,0.013819882
165302,0.13057828
165304,0.014476812
165313,0.048285075
165336,0.23012733
165339,0.094187036
165363,0.44296762
165376,0.06589489
165380,0.26506928
165385,0.01662999
165386,0.046055466
165410,0.021108229
165422,0.018714016
165426,0.027709119
165428,0.046031706
165445,0.09082914
165452,0.023561835
165454,0.015910758
165455,0.023197783
165462,0.02578818
165465,0.05877479
165466,0.052368633
165467,0.17684993
165476,0.06922018
165477,0.03288904
165478,0.50513566
165497,0.032650873
165500,0.062615134
165511,0.06971803
165513,0.08310734
165515,0.28623146
165521,0.010205133
165522,0.053452402
165523,0.0839499
165530,0.07132334
165537,0.037120435
165538,0.01153601
165539,0.0433299
165545,0.01322447
165550,0.026454626
165551,0.03609241
165552,0.06825943
165557,0.02776156
165558,0.07732182
165560,0.020490494
165574,0.2072462
165576,0.18710327
165587,0.10607453
165601,0.006328313
165605,0.012957835
165606,0.013409442
165607,0.045269907
165624,0.2320328
165632,0.053411394
165633,0.06897202
165634,0.053497247
165646,0.029480841
165649,0.026052065
165651,0.09698878
165661,0.028921157
165666,0.053488556
165669,0.042358108
165674,0.05528777
165685,0.14184181
165687,0.06310784
165692,0.052365296
165721,0.10308796
165726,0.16426231
165748,0.07266196
165749,0.0941154
165752,0.035795387
165755,0.058072995
165758,0.031191608
165761,0.016986337
165762,0.07009248
165780,0.10504951
165781,0.020100394
165789,0.12102796
165802,0.016549336
165806,0.042504773
165817,0.062444042
165822,0.37665808
165837,0.007380885
165840,0.17736858
165846,0.010132191
165853,0.03282657
165864,0.2699146
165865,0.038680933
165868,0.078543015
165869,0.01382544
165871,0.08638594
165880,0.04777353
165887,0.10909317
165904,0.1125568
165907,0.017498594
165910,0.115109175
165915,0.09059223
165917,0.043789957
165918,0.13356733
165919,0.07433456
165923,0.05590099
165931,0.022239313
165932,0.036964025
165934,0.51809174
165939,0.09086626
165944,0.14081858
165951,0.35895178
165955,0.010806219
165959,0.30861694
165966,0.12800217
165970,0.038504254
165975,0.013962844
165977,0.007660457
165990,0.25543055
165997,0.015815355
166003,0.080679715
166008,0.020933775
166020,0.051006112
166025,0.028480614
166033,0.030715916
166038,0.024480617
166042,0.045299534
166049,0.010342834
166071,0.0065181963
166091,0.13984238
166093,0.22111753
166095,0.025472214
166104,0.016828038
166107,0.04168212
166108,0.012225879
166110,0.03257832
166112,0.07069392
166135,0.048731867
166136,0.027393362
166138,0.08163766
166153,0.2200428
166155,0.118815415
166158,0.03837751
166164,0.18967225
166186,0.13204256
166191,0.04132758
166196,0.013342757
166197,0.15482366
166202,0.0694306
166215,0.03186338
166230,0.02796892
166243,0.14194888
166244,0.0440899
166255,0.016956354
166258,0.088500604
166263,0.14725773
166271,0.040406972
166283,0.043125104
166286,0.04113865
166291,0.05617421
166294,0.10301375
166303,0.17744349
166306,0.14358252
166309,0.036722444
166316,0.07819912
166317,0.022892987
166321,0.15069045
166331,0.04042454
166349,0.0723676
166374,0.006292433
166387,0.007529315
166393,0.061431386
166400,0.022860073
166420,0.0042924085
166446,0.010239928
166449,0.073022425
166452,0.03374244
166495,0.023938548
166501,0.028620172
166514,0.14513037
166515,0.045739844
166521,0.04878673
166525,0.024095908
166529,0.025296086
166536,0.12645103
166542,0.022169592
166543,0.26470116
166545,0.018670633
166550,0.058537886
166560,0.014508713
166567,0.12281604
166570,0.013858968
166573,0.03342937
166582,0.26296255
166583,0.1419392
166590,0.015240583
166594,0.16008064
166618,0.43897414
166623,0.10925286
166626,0.050589673
166641,0.078943096
166654,0.020193275
166682,0.19656135
166685,0.069500364
166688,0.06125788
166692,0.023197584
166701,0.020953037
166702,0.10145557
166705,0.017037194
166713,0.04409022
166733,0.0062056547
166734,0.050633594
166738,0.051025547
166739,0.006162511
166740,0.021483608
166755,0.18939787
166761,0.18117921
166764,0.064405814
166773,0.058134157
166774,0.035355028
166814,0.046741866
166819,0.17202783
166834,0.12935929
166841,0.2625655
166848,0.2632353
166857,0.18548168
166858,0.008292504
166873,0.03588281
166889,0.014105076
166890,0.009387171
166891,0.058982965
166902,0.053162575
166908,0.07470495
166916,0.052135482
166920,0.043350343
166922,0.05944497
166926,0.11021795
166928,0.04988778
166930,0.1965182
166931,0.0124942
166932,0.008447647
166937,0.011698808
166941,0.017144836
166944,0.03317911
166960,0.09364034
166972,0.022551088
166973,0.15417728
166978,0.019233003
166984,0.17947869
166994,0.031800885
166995,0.03133264
166996,0.0069921417
167001,0.0070751184
167006,0.0845878
167007,0.03217076
167037,0.2615549
167041,0.07624137
167051,0.2507341
167052,0.116462015
167054,0.03170895
167057,0.054013245
167058,0.11921326
167059,0.024122383
167060,0.033397734
167066,0.015593453
167077,0.051496096
167078,0.04645711
167080,0.10323947
167089,0.11663911
167090,0.05950156
167091,0.09422034
167096,0.033575576
167105,0.115266345
167121,0.06332991
167128,0.061654102
167131,0.24573775
167139,0.07895541
167140,0.10784393
167149,0.0810567
167152,0.38494706
167153,0.10898465
167163,0.1283597
167167,0.10819526
167171,0.022322232
167178,0.025098136
167179,0.03566188
167182,0.0292261
167187,0.037708476
167192,0.042850465
167208,0.033311862
167212,0.17557153
167217,0.06612952
167230,0.058020085
167236,0.009214262
167238,0.11436826
167239,0.035980534
167257,0.2050321
167260,0.12680015
167264,0.03934245
167271,0.03591354
167273,0.17027965
167276,0.14014715
167283,0.066203535
167295,0.021347936
167296,0.1428508
167299,0.2095334
167310,0.014595014
167313,0.097042814
167323,0.016687231
167328,0.25429022
167329,0.07792018
167333,0.032530285
167349,0.07919297
167351,0.015831588
167359,0.03376221
167363,0.03262719
167371,0.006117033
167384,0.058009177
167387,0.038351584
167389,0.017961869
167393,0.045442577
167401,0.053152222
167427,0.023713464
167428,0.024782725
167433,0.08685862
167434,0.038673062
167437,0.0682034
167438,0.026309488
167454,0.051398512
167475,0.008973941
167480,0.050697517
167491,0.026924863
167494,0.07923241
167495,0.039580077
167503,0.035276297
167521,0.109561615
167529,0.087263696
167530,0.018936748
167550,0.027533144
167554,0.100616805
167557,0.20529531
167562,0.017588448
167566,0.06366564
167572,0.27614236
167573,0.102580264
167578,0.094465464
167592,0.13011947
167597,0.054350894
167621,0.08541102
167622,0.019558817
167631,0.15999795
167637,0.25197834
167638,0.047327373
167645,0.030429734
167648,0.21860795
167697,0.15830699
167698,0.023489268
167701,0.075769864
167708,0.02413962
167714,0.028013805
167717,0.18306611
167727,0.026706178
167737,0.0235803
167746,0.21803783
167751,0.116511434
167753,0.09324426
167755,0.09658548
167771,0.053633418
167805,0.09535842
167811,0.039264217
167815,0.025076315
167829,0.019279782
167830,0.04920903
167834,0.045730315
167841,0.14815606
167846,0.026104212
167851,0.5123047
167871,0.0075242533
167890,0.031389765
167898,0.01897031
167901,0.0060346546
167902,0.038331296
167907,0.1438953
167911,0.027325964
167912,0.012623452
167916,0.07233377
167917,0.017693376
167928,0.098385036
167940,0.036580842
167947,0.06622871
167948,0.047335833
167953,0.015643876
167957,0.1024628
167958,0.03712365
167968,0.008168691
167970,0.076213144
167977,0.026749188
167980,0.029775986
167993,0.06172311
167994,0.123608164
167998,0.026229534
168000,0.09060573
168006,0.10221322
168011,0.10297728
168012,0.02343518
168013,0.020665666
168022,0.020194054
168026,0.07631459
168032,0.013730795
168046,0.10452052
168054,0.09335866
168071,0.10341958
168078,0.1794172
168092,0.07227799
168093,0.089493155
168097,0.02716351
168105,0.22136813
168107,0.07655126
168108,0.09479832
168115,0.19881463
168127,0.060966145
168133,0.22527337
168135,0.033940863
168162,0.039600655
168163,0.030290933
168165,0.1727508
168169,0.052349422
168171,0.16935273
168174,0.058738068
168175,0.5251278
168186,0.038602497
168202,0.032978654
168204,0.035243176
168208,0.025378747
168229,0.06768911
168239,0.015249947
168245,0.049318124
168276,0.014718722
168309,0.15606667
168313,0.17757803
168322,0.029149614
168323,0.005917772
168326,0.20801336
168331,0.059573118
168349,0.1286545
168384,0.02941556
168398,0.014875327
168403,0.010718626
168405,0.13700122
168416,0.015471126
168418,0.15053901
168420,0.09181599
168422,0.0125961825
168436,0.12139194
168438,0.018679146
168443,0.021967676
168444,0.047524482
168446,0.012668164
168454,0.07850952
168459,0.08743707
168462,0.083729096
168472,0.045190312
168485,0.004005605
168496,0.22009875
168503,0.02728846
168515,0.054072034
168516,0.08846851
168520,0.32159173
168521,0.07436729
168531,0.008488586
168542,0.06338712
168548,0.10416558
168551,0.028083997
168575,0.013637932
168580,0.047376838
168588,0.15600096
168593,0.030629372
168614,0.050104737
168615,0.036446355
168622,0.018316679
168623,0.03923119
168634,0.012657636
168645,0.14594221
168651,0.21090542
168683,0.049624912
168691,0.26187128
168708,0.09447894
168716,0.1627703
168718,0.047562562
168720,0.21106152
168722,0.23813865
168731,0.13400951
168736,0.11173534
168738,0.12945014
168747,0.04344112
168751,0.255557
168752,0.06393606
168753,0.020138811
168774,0.2349714
168782,0.022695906
168788,0.0049058315
168790,0.047472857
168791,0.16377692
168793,0.12117917
168796,0.12063559
168802,0.084851526
168803,0.0257231
168810,0.25634897
168817,0.013395988
168820,0.18678801
168823,0.027040478
168827,0.08923391
168828,0.16297668
168831,0.074361175
168842,0.13041815
168845,0.048678346
168855,0.068429425
168856,0.101917475
168861,0.07444286
168876,0.014929494
168897,0.10382415
168899,0.018760916
168913,0.12249329
168915,0.029632315
168916,0.021524645
168929,0.1378292
168930,0.018154938
168933,0.21937372
168954,0.0879292
168957,0.10962134
168959,0.0047210213
168960,0.053177137
168961,0.103043795
168968,0.04701636
168969,0.05428351
168994,0.035474338
168995,0.039069347
169003,0.031759642
169004,0.31837505
169008,0.047344234
169009,0.04154194
169014,0.102631
169030,0.036764897
169048,0.10168185
169061,0.17783877
169070,0.22381802
169092,0.011157221
169117,0.101744086
169118,0.26970556
169121,0.08266761
169123,0.042187806
169124,0.44035825
169137,0.14868559
169138,0.016911281
169143,0.010777789
169165,0.10160063
169166,0.051865347
169167,0.09629446
169168,0.07314301
169175,0.00395999
169184,0.034504663
169195,0.03114827
169196,0.007950591
169197,0.14789687
169202,0.43307656
169204,0.066831656
169212,0.07243421
169214,0.16776226
169218,0.3046353
169239,0.020798959
169248,0.021708759
169252,0.031447925
169254,0.1202941
169257,0.075958975
169264,0.2943391
169267,0.042152964
169269,0.21890916
169278,0.025722548
169297,0.039099973
169299,0.15584654
169301,0.09953086
169306,0.013708368
169323,0.07160025
169328,0.09761656
169330,0.05427207
169331,0.013405072
169346,0.10436905
169348,0.07547254
169350,0.046607453
169353,0.045488928
169355,0.18263827
169364,0.25438872
169365,0.03895734
169367,0.01341774
169370,0.02029962
169378,0.14260109
169385,0.0026861057
169387,0.06418433
169389,0.055495005
169395,0.10068666
169412,0.051944204
169426,0.2321663
169427,0.0960335
169432,0.04492588
169436,0.20282382
169453,0.050738174
169455,0.28375754
169457,0.042423517
169458,0.021300355
169461,0.07672424
169467,0.056950554
169470,0.027290676
169477,0.013423694
169481,0.028414048
169483,0.12008866
169490,0.32916397
169491,0.018366646
169495,0.035615925
169504,0.12606432
169514,0.042269174
169517,0.11645208
169523,0.021647282
169528,0.2083457
169534,0.09532417
169535,0.030433754
169537,0.020130523
169541,0.26105133
169546,0.008585819
169549,0.004113524
169554,0.1282915
169561,0.011298419
169571,0.0108825285
169580,0.13971096
169597,0.013119134
169598,0.012189499
169625,0.17270651
169626,0.17028758
169627,0.12469165
169628,0.08668993
169629,0.07281553
169658,0.07551151
169659,0.03262449
169668,0.041822407
169669,0.093535066
169673,0.012985277
169674,0.016545067
169676,0.25491706
169677,0.102302566
169678,0.08137647
169680,0.0223644
169695,0.1588355
169698,0.1206446
169710,0.27473316
169719,0.025472669
169720,0.06543729
169722,0.03698456
169735,0.06559251
169745,0.035531063
169749,0.0880323
169754,0.01929567
169760,0.048228618
169772,0.02591963
169773,0.014020597
169780,0.022483217
169788,0.018637441
169793,0.111990735
169809,0.106372006
169810,0.04428183
169824,0.0074540544
169831,0.07084071
169833,0.07719395
169836,0.015634019
169859,0.021632416
169864,0.3603933
169872,0.010902589
169895,0.1367808
169911,0.010268932
169914,0.058011327
169960,0.07878824
169961,0.3123989
169964,0.048148748
169974,0.023775978
169988,0.016323436
169989,0.0061661657
169995,0.018236464
170007,0.024833847
170026,0.037928306
170030,0.44597653
170033,0.16701612
170041,0.110703945
170043,0.015256916
170048,0.014951299
170050,0.022794694
170051,0.0762439
170056,0.117868036
170072,0.2471844
170076,0.034111947
170080,0.14337443
170101,0.03175
170102,0.03972807
170107,0.19148852
170115,0.039811216
170119,0.01948214
170128,0.052027524
170129,0.012230538
170134,0.24041386
170136,0.10135552
170139,0.038708694
170140,0.05675362
170143,0.13762687
170148,0.4271106
170159,0.0848332
170163,0.08212753
170164,0.14971042
170173,0.0141818235
170178,0.063512295
170179,0.0421962
170199,0.06921203
170203,0.020851972
170207,0.12929092
170211,0.030260274
170217,0.014096625
170224,0.021967137
170225,0.08225483
170255,0.09146189
170258,0.037524555
170259,0.04010099
170262,0.02743033
170278,0.053961135
170284,0.046535183
170285,0.17054968
170292,0.011501391
170293,0.051183745
170301,0.05032645
170302,0.2683091
170305,0.24139068
170309,0.071487725
170310,0.055647247
170326,0.14048761
170327,0.020134065
170328,0.07580638
170329,0.055099923
170330,0.02469754
170331,0.030095749
170337,0.047245312
170340,0.09225971
170341,0.025525622
170343,0.085930705
170361,0.057796653
170366,0.06410846
170376,0.09508998
170382,0.2722753
170396,0.018150484
170400,0.092501156
170403,0.052033227
170409,0.09442247
170410,0.011189579
170421,0.12944187
170425,0.0247056
170427,0.016118422
170428,0.055650465
170435,0.017023241
170438,0.008839247
170442,0.07860777
170446,0.16595775
170461,0.010113035
170473,0.2945995
170477,0.0781012
170516,0.022236062
170517,0.045707617
170522,0.04414632
170523,0.035375103
170534,0.048255153
170535,0.1301162
170538,0.121021606
170549,0.10144118
170556,0.03727267
170563,0.035125803
170570,0.06104443
170580,0.03682325
170582,0.030879203
170584,0.14399591
170585,0.018098302
170587,0.03880576
170590,0.14013912
170598,0.04176969
170599,0.024073666
170601,0.026121212
170612,0.21450284
170617,0.04174853
170620,0.10042696
170629,0.027145617
170647,0.14194214
170651,0.019415263
170654,0.07715996
170657,0.18208252
170662,0.031038482
170707,0.07394826
170719,0.11360766
170722,0.036445886
170723,0.066553414
170731,0.28801647
170735,0.055793338
170750,0.020277627
170769,0.08121164
170770,0.061689954
170776,0.25758973
170783,0.045097537
170789,0.1935258
170800,0.15997763
170809,0.1106393
170810,0.0638618
170811,0.03404103
170827,0.0063044634
170842,0.01837264
170854,0.034012485
170857,0.19240944
170865,0.07329784
170867,0.017050894
170869,0.13344283
170870,0.074425645
170878,0.07128159
170881,0.120078266
170910,0.09752254
170913,0.15604687
170919,0.07467689
170932,0.06782464
170939,0.30199412
170947,0.06769022
170950,0.13257593
170953,0.14624716
170954,0.047671415
170970,0.06568846
170972,0.02343327
170973,0.17906146
170980,0.02805139
170981,0.1115248
170983,0.2223565
170998,0.124460205
171001,0.05732083
171004,0.030311383
171020,0.022461802
171023,0.019277642
171026,0.036500968
171060,0.16840598
171061,0.06769038
171065,0.037150025
171077,0.031806223
171081,0.012773208
171103,0.31848103
171110,0.04273576
171114,0.012394532
171118,0.02273947
171119,0.060067195
171120,0.07866669
171137,0.18401504
171147,0.039558586
171153,0.22702533
171156,0.28998622
171158,0.032041676
171163,0.09092673
171169,0.040370747
171170,0.097726546
171172,0.029077318
171173,0.02947696
171176,0.04335035
171181,0.08738618
171182,0.1670073
171191,0.047260974
171193,0.06218899
171195,0.14396721
171198,0.011091647
171205,0.024344005
171212,0.19266143
171237,0.0597166
171241,0.024141895
171262,0.081888884
171263,0.03187665
171266,0.043975938
171274,0.08462628
171290,0.040799245
171291,0.20560719
171297,0.02856837
171307,0.025430972
171311,0.36976296
171320,0.03710188
171322,0.014363023
171328,0.029634638
171337,0.0136197135
171346,0.016580671
171348,0.14224331
171354,0.0466288
171358,0.043455966
171359,0.01417819
171360,0.05824786
171369,0.018929834
171379,0.028396538
171384,0.021673555
171388,0.057359207
171390,0.06302211
171394,0.0128481835
171395,0.086486936
171399,0.2707164
171403,0.025491629
171422,0.01352868
171423,0.014592325
171469,0.048284497
171480,0.07342365
171487,0.008981451
171497,0.09478116
171502,0.16455583
171503,0.01690281
171506,0.110166825
171521,0.019484187
171530,0.030921668
171540,0.050799835
171541,0.044808764
171544,0.06028877
171551,0.095884316
171582,0.15135156
171587,0.015004018
171597,0.13220276
171603,0.04112697
171610,0.060484625
171614,0.038808543
171619,0.04424907
171621,0.020115916
171625,0.030877259
171626,0.035916153
171638,0.039864294
171642,0.036836
171658,0.01984981
171674,0.11132687
171677,0.068425186
171684,0.037354216
171685,0.15763305
171686,0.043439753
171695,0.010911721
171702,0.039961882
171703,0.009200272
171704,0.050650917
171705,0.026473146
171706,0.04379026
171709,0.013209576
171712,0.03332276
171716,0.0040137726
171730,0.10448054
171748,0.011944885
171757,0.036116898
171767,0.022135086
171768,0.32144937
171771,0.0724754
171775,0.014530143
171778,0.23299582
171780,0.4612638
171781,0.006748258
171785,0.018124055
171786,0.19035603
171789,0.033025958
171802,0.006572348
171803,0.073182754
171812,0.14971489
171862,0.032123998
171864,0.21935144
171891,0.2844451
171892,0.0339369
171913,0.014953926
171914,0.28849277
171922,0.09938741
171927,0.053547323
171933,0.08027855
171934,0.01123446
171943,0.08443363
171945,0.09812693
171960,0.024387544
171964,0.025604365
171975,0.07548373
171994,0.15393026
171996,0.14793721
171997,0.006503429
172000,0.030683778
172029,0.022208061
172038,0.046874613
172039,0.068234645
172043,0.04810543
172046,0.04124325
172048,0.025527721
172049,0.041739058
172053,0.08126089
172054,0.14738917
172058,0.02424038
172060,0.025228333
172061,0.008371324
172067,0.05853665
172072,0.046860088
172073,0.09762077
172098,0.03647186
172100,0.051217206
172101,0.11489068
172113,0.23533082
172144,0.029712457
172147,0.029077373
172149,0.06508497
172168,0.0416402
172169,0.04197731
172175,0.036633115
172197,0.043159932
172200,0.25570205
172205,0.21677919
172207,0.07305725
172210,0.026526198
172261,0.10531969
172279,0.08386129
172294,0.031446654
172300,0.003720003
172301,0.16732463
172310,0.023909537
172351,0.013556046
172353,0.025365388
172358,0.0037186125
172374,0.08187708
172380,0.11225113
172384,0.016617846
172400,0.011834671
172403,0.065841004
172408,0.08525051
172411,0.014588213
172420,0.01270794
172426,0.46664497
172433,0.030173827
172434,0.064033374
172442,0.030692942
172443,0.18055765
172452,0.22891004
172454,0.055571273
172456,0.26084536
172460,0.09509982
172470,0.014578462
172479,0.12062927
172481,0.028594023
172483,0.0109258
172484,0.29954675
172485,0.041147526
172486,0.07723945
172493,0.042880673
172494,0.04360367
172497,0.1336813
172504,0.034423128
172518,0.19561958
172523,0.09815506
172527,0.036905017
172533,0.041483305
172536,0.024924247
172540,0.052805196
172541,0.049419336
172543,0.025596684
172545,0.14931291
172547,0.03737788
172551,0.02713366
172556,0.049324412
172562,0.018479226
172570,0.05152438
172574,0.027804032
172575,0.12092318
172599,0.00442644
172611,0.1692729
172612,0.009276288
172616,0.010233397
172623,0.088413805
172627,0.051907394
172635,0.35480502
172643,0.017767036
172644,0.0153091075
172652,0.070536226
172656,0.030974265
172661,0.026451796
172664,0.030925132
172672,0.06183997
172678,0.024560861
172680,0.04148886
172683,0.035667922
172684,0.15392756
172690,0.023771295
172695,0.07124447
172696,0.017319782
172701,0.025477406
172713,0.11290802
172714,0.019726632
172731,0.014348862
172738,0.011061551
172761,0.010711221
172767,0.037934612
172770,0.27518782
172771,0.012842288
172799,0.015871631
172800,0.035898153
172804,0.20552757
172805,0.021680497
172820,0.029581215
172829,0.16913554
172831,0.13180101
172833,0.051093094
172843,0.017060695
172853,0.025664356
172855,0.035677116
172856,0.13741934
172857,0.013136543
172863,0.008570538
172877,0.09475634
172881,0.05194357
172895,0.05386494
172896,0.020637685
172910,0.009766908
172922,0.011052801
172939,0.07085708
172942,0.22058557
172945,0.04582291
172948,0.033428997
172949,0.18026981
172953,0.008473521
172967,0.21989444
172993,0.055082165
172995,0.053888362
172996,0.21764812
172997,0.05326498
172998,0.12045758
172999,0.12237348
173004,0.0521219
173006,0.22934018
173007,0.07643742
173013,0.07156857
173016,0.06485517
173020,0.19317934
173030,0.090995744
173048,0.04052866
173056,0.017215729
173066,0.02528244
173079,0.07083993
173107,0.110482775
173109,0.012470201
173127,0.019145
173128,0.04633954
173130,0.03221303
173137,0.07133866
173157,0.011587778
173160,0.05071861
173168,0.022894245
173193,0.005756536
173197,0.20331113
173215,0.007188052
173216,0.2732145
173227,0.019860538
173236,0.10914102
173237,0.039233167
173247,0.038607728
173250,0.34587815
173259,0.075460345
173277,0.08981676
173285,0.024544826
173286,0.027488058
173299,0.07601477
173310,0.22664078
173312,0.05559136
173313,0.03947291
173320,0.0297699
173330,0.16523775
173333,0.038370416
173351,0.04599363
173370,0.40730232
173372,0.03132904
173381,0.22321108
173386,0.008859732
173387,0.09281405
173388,0.14402205
173393,0.017106054
173394,0.10222963
173403,0.026475431
173467,0.042476583
173469,0.07875125
173475,0.056973428
173476,0.017128726
173477,0.0056145764
173484,0.07993099
173485,0.04072096
173488,0.10404532
173491,0.05612752
173520,0.012494099
173522,0.089987464
173535,0.05519623
173539,0.08243704
173549,0.012102922
173552,0.02425556
173565,0.1314372
173586,0.023374308
173587,0.03928213
173588,0.017644802
173595,0.02019555
173606,0.14430168
173620,0.08795105
173623,0.0238516
173629,0.023544738
173647,0.02591567
173649,0.018380227
173650,0.058203436
173652,0.029647145
173654,0.13617353
173665,0.038388744
173667,0.2845579
173685,0.094443545
173710,0.13839334
173711,0.04338694
173713,0.13832012
173718,0.080789685
173743,0.039900765
173744,0.1287817
173762,0.07548219
173768,0.06071988
173769,0.2912568
173770,0.04154914
173773,0.09123076
173779,0.021049533
173780,0.02582727
173781,0.13765919
173783,0.09047052
173795,0.0967001
173800,0.30695173
173812,0.0054211193
173823,0.03656706
173834,0.09960591
173874,0.042818822
173891,0.09329812
173904,0.094989195
173909,0.042338867
173925,0.021754649
173941,0.060679387
173942,0.024386192
173944,0.050317768
173955,0.04461474
173959,0.06512646
174000,0.06304758
174004,0.047779005
174006,0.024517857
174008,0.10292326
174012,0.030222826
174017,0.02628504
174020,0.028184602
174044,0.023282949
174051,0.020640764
174052,0.06153641
174059,0.06984403
174060,0.054052845
174061,0.057768513
174063,0.09496144
174068,0.038374394
174069,0.032715447
174072,0.063435614
174074,0.040470008
174091,0.011664895
174092,0.14809906
174098,0.15111227
174105,0.1049074
174107,0.013834518
174110,0.018070808
174121,0.018105831
174126,0.06417054
174153,0.019565722
174156,0.08792756
174160,0.019196654
174173,0.030878462
174183,0.009957381
174185,0.018890966
174188,0.18582219
174198,0.014389536
174206,0.022676697
174207,0.021837976
174211,0.070860624
174239,0.11186611
174260,0.2128218
174261,0.01944212
174262,0.2524784
174264,0.027486708
174271,0.20784187
174275,0.2745563
174277,0.068689674
174286,0.014246613
174301,0.012998081
174312,0.19375864
174314,0.038010404
174322,0.110609315
174323,0.08142283
174325,0.13289332
174326,0.061048094
174327,0.056459848
174334,0.22692983
174360,0.013188452
174362,0.19251136
174367,0.017000811
174371,0.033442814
174372,0.050204553
174384,0.013620931
174390,0.038262594
174391,0.022515344
174396,0.011029465
174412,0.07327495
174423,0.15256105
174428,0.117099024
174429,0.23475996
174438,0.04011298
174481,0.046345983
174483,0.07186822
174484,0.0061383424
174485,0.26036844
174488,0.061481133
174497,0.009092462
174509,0.121761814
174513,0.10976125
174514,0.16172186
174520,0.04580013
174526,0.052387875
174532,0.008029894
174536,0.09045154
174537,0.051283482
174538,0.27122426
174539,0.209629
174540,0.013850127
174549,0.011686503
174551,0.06654903
174563,0.13740414
174574,0.2517804
174575,0.23175396
174586,0.0064220056
174590,0.07252446
174606,0.09714841
174607,0.084260136
174609,0.028295897
174610,0.102570504
174630,0.048675258
174631,0.017923193
174661,0.059986643
174665,0.013940259
174666,0.03354875
174677,0.015634503
174690,0.035864417
174700,0.023679642
174702,0.044199355
174703,0.028841868
174713,0.019399459
174721,0.104593575
174726,0.020930117
174729,0.08061469
174741,0.02832934
174742,0.15247071
174754,0.03849353
174757,0.017293409
174782,0.52113986
174795,0.118662
174805,0.012809294
174806,0.038550433
174809,0.03807916
174810,0.06825696
174829,0.007329256
174830,0.23237425
174832,0.059362687
174836,0.12401801
174839,0.007536259
174843,0.034143195
174854,0.058361154
174861,0.09061557
174863,0.03962381
174867,0.029567592
174871,0.12010163
174887,0.04520977
174890,0.13555582
174897,0.014464578
174901,0.14125043
174903,0.012095735
174912,0.027714295
174913,0.041851472
174920,0.21806774
174922,0.46616575
174924,0.057446335
174925,0.052186403
174928,0.05314717
174938,0.10030709
174939,0.010354545
174943,0.015590401
174950,0.0416506
174954,0.015723806
174955,0.03784499
174957,0.08400993
174965,0.048356745
174966,0.050409593
174967,0.08327235
174977,0.11873286
174983,0.046608537
174986,0.114852615
174987,0.05942073
175012,0.1041169
175015,0.055281807
175025,0.113026865
175027,0.17511003
175029,0.020582931
175056,0.17072697
175075,0.06963132
175081,0.123152375
175097,0.116091765
175128,0.0908558
175129,0.018913824
175138,0.06504946
175169,0.08032995
175183,0.07540311
175211,0.01285318
175212,0.10201231
175215,0.020391515
175223,0.040522065
175225,0.01799005
175233,0.0638393
175250,0.00806526
175253,0.025373533
175257,0.0140878325
175260,0.028673632
175261,0.055884574
175264,0.01876668
175284,0.12868868
175288,0.009659062
175295,0.042295124
175309,0.027537555
175310,0.052047577
175313,0.15957724
175334,0.036757935
175337,0.025975786
175346,0.008426031
175347,0.059980337
175349,0.06745911
175350,0.09486941
175351,0.05981093
175367,0.32208332
175369,0.027134482
175371,0.14962001
175372,0.013534363
175392,0.22666778
175400,0.013477287
175402,0.023173334
175403,0.20292434
175407,0.09516973
175408,0.013573631
175414,0.05908027
175431,0.015580583
175435,0.043409478
175442,0.018182553
175454,0.038229574
175456,0.03712178
175457,0.04963609
175464,0.05314139
175465,0.073487125
175477,0.02171827
175488,0.047778983
175495,0.075769976
175499,0.11143934
175500,0.062040735
175515,0.11329304
175519,0.020527083
175520,0.035829075
175531,0.018373655
175534,0.014111471
175543,0.16398266
175566,0.016542157
175568,0.017047115
175573,0.036363073
175574,0.11064263
175576,0.056918845
175591,0.031363644
175593,0.03140135
175605,0.36811057
175609,0.051534865
175617,0.008589642
175624,0.18158601
175629,0.025675967
175633,0.0104358345
175645,0.14764723
175649,0.0077236304
175650,0.024318358
175653,0.035716444
175659,0.01048826
175660,0.005614659
175661,0.058825642
175664,0.02166715
175665,0.051624987
175677,0.03381328
175682,0.09101592
175684,0.111910395
175687,0.027461769
175690,0.103426225
175706,0.016587911
175722,0.06859854
175724,0.037185684
175730,0.16664761
175731,0.008907447
175737,0.05731767
175743,0.09152182
175745,0.12544604
175758,0.10661679
175768,0.025527865
175769,0.0485687
175773,0.027088618
175775,0.08601671
175794,0.01576794
175798,0.09939539
175809,0.152103
175818,0.029435668
175830,0.003142791
175835,0.010627945
175840,0.19195446
175864,0.02755804
175875,0.060316004
175890,0.018363552
175892,0.020657249
175914,0.044573467
175930,0.20858409
175935,0.047141172
175955,0.020674126
175958,0.057983883
175959,0.029344797
175960,0.11501662
175964,0.013263324
175968,0.018561712
175986,0.09385627
175987,0.12110035
175997,0.029817756
175998,0.10941274
176003,0.038776156
176004,0.1312026
176021,0.044034053
176034,0.046556123
176035,0.09254025
176043,0.20987613
176045,0.07662149
176051,0.04636095
176052,0.021023469
176059,0.0092315385
176067,0.052750595
176073,0.14559016
176076,0.022555469
176077,0.008673665
176085,0.011601867
176088,0.08890133
176095,0.08560122
176118,0.10236741
176129,0.12453059
176177,0.07392969
176183,0.02669316
176206,0.1579083
176218,0.023561742
176240,0.02559789
176253,0.012130771
176260,0.19136532
176275,0.05808356
176285,0.04663868
176288,0.10608916
176289,0.1560796
176290,0.07681835
176297,0.033996128
176300,0.28037372
176301,0.097825326
176319,0.03979589
176322,0.029697457
176337,0.01412772
176346,0.09010117
176347,0.12722091
176352,0.07509419
176358,0.025432378
176359,0.10869166
176365,0.07286301
176371,0.04876515
176403,0.11257681
176419,0.065578416
176428,0.021902438
176429,0.2439696
176430,0.047473148
176432,0.08307328
176437,0.117153436
176440,0.031712987
176441,0.1753918
176450,0.06756449
176454,0.06621755
176459,0.05025528
176460,0.079829134
176467,0.07048117
176472,0.3261676
176482,0.09905032
176483,0.5870083
176486,0.03144163
176487,0.0233983
176494,0.04683905
176497,0.020210415
176500,0.05543253
176509,0.09900672
176511,0.04635102
176512,0.015313501
176522,0.052777596
176525,0.05218765
176526,0.24617459
176537,0.03446832
176538,0.08059316
176572,0.044050362
176573,0.056828227
176574,0.09524406
176579,0.06307223
176580,0.06470106
176592,0.2160557
176601,0.024282135
176603,0.06731278
176605,0.071643956
176606,0.022590239
176615,0.042519853
176620,0.09746444
176634,0.07966398
176635,0.0127399815
176638,0.032358825
176639,0.069268554
176641,0.088710755
176661,0.03455312
176668,0.14071976
176669,0.15247495
176683,0.09412582
176688,0.01950565
176700,0.12393756
176702,0.03364325
176705,0.031066028
176709,0.016345501
176710,0.13896361
176720,0.085286975
176726,0.00720598
176731,0.10419368
176732,0.097945526
176733,0.027215542
176734,0.057417918
176736,0.06912896
176741,0.01929258
176756,0.015880967
176785,0.026561009
176790,0.02973397
176793,0.024098884
176820,0.08094618
176827,0.04638677
176828,0.008432819
176839,0.07372975
176848,0.018252475
176850,0.079797186
176853,0.0067356583
176866,0.0036002144
176867,0.066454686
176875,0.04163666
176883,0.29354456
176888,0.1131009
176890,0.28854853
176898,0.14594242
176917,0.04630605
176925,0.04694099
176929,0.04146183
176934,0.12859882
176938,0.2221387
176953,0.11082571
176957,0.17174436
176970,0.019857114
176997,0.03577581
177029,0.07729063
177030,0.020128144
177031,0.06910457
177032,0.05989529
177047,0.050832417
177048,0.03280662
177051,0.06042561
177055,0.035244364
177060,0.052379295
177064,0.25987855
177065,0.0064949063
177069,0.065771915
177076,0.053957824
177085,0.02434108
177087,0.04072626
177105,0.101222955
177126,0.051411092
177133,0.037871163
177141,0.034331568
177146,0.055940032
177156,0.10525901
177179,0.034178782
177187,0.3784154
177192,0.22660835
177203,0.038691763
177228,0.1537341
177229,0.1043588
177249,0.04665927
177250,0.18326469
177253,0.059016358
177260,0.06786681
177262,0.059689652
177270,0.061966754
177275,0.10288925
177284,0.057870075
177285,0.17611279
177314,0.18654245
177319,0.1312854
177325,0.009704003
177327,0.062147547
177339,0.14526857
177344,0.111333705
177378,0.094397776
177384,0.063841656
177385,0.0421293
177386,0.026543988
177387,0.048917774
177405,0.05157297
177423,0.10344318
177424,0.008127138
177425,0.033882294
177430,0.14367402
177435,0.053799536
177447,0.20069093
177448,0.037667852
177449,0.028661953
177451,0.05568165
177460,0.16552913
177479,0.03669946
177489,0.030738264
177504,0.008396486
177505,0.10866062
177511,0.102081984
177524,0.031088391
177526,0.021608623
177535,0.013640672
177558,0.034362525
177562,0.13778813
177569,0.025356632
177579,0.019802632
177580,0.06247072
177583,0.009354437
177584,0.12322895
177585,0.07941649
177605,0.15338698
177606,0.013051115
177618,0.090779535
177639,0.4196503
177649,0.040056627
177656,0.031794265
177657,0.011062124
177661,0.052267164
177665,0.028098855
177669,0.038283005
177680,0.28013015
177688,0.37962374
177689,0.024218723
177694,0.023841286
177696,0.07316474
177700,0.04927095
177705,0.0528633
177710,0.09889957
177720,0.022617029
177728,0.063350596
177729,0.10181946
177731,0.03065643
177733,0.16466191
177749,0.08547465
177751,0.03732878
177767,0.1072187
177776,0.052297853
177780,0.18264668
177783,0.011458654
177785,0.20978405
177791,0.023697259
177797,0.031610306
177798,0.02524675
177799,0.010446309
177802,0.026312431
177803,0.036360934
177805,0.0113774445
177820,0.008603249
177824,0.028309941
177825,0.0994258
177829,0.050870683
177839,0.08527691
177861,0.022466758
177865,0.055357676
177867,0.014589309
177875,0.16514458
177876,0.34040356
177878,0.11517644
177883,0.055272494
177886,0.00803846
177891,0.1292394
177892,0.07287955
177902,0.032458376
177904,0.17821139
177931,0.09079481
177939,0.021683855
177944,0.20204711
177946,0.023372844
177959,0.07947234
177977,0.06377248
177992,0.101152815
177993,0.1539831
178005,0.09583819
178008,0.03422873
178009,0.047127485
178012,0.2352482
178015,0.010843286
178018,0.042590853
178037,0.072034836
178050,0.011309914
178058,0.118877165
178060,0.026847014
178064,0.30579656
178074,0.046426747
178077,0.06999759
178094,0.039188866
178095,0.15552893
178096,0.06792579
178107,0.058119796
178117,0.026371386
178146,0.024703078
178154,0.04727507
178160,0.051802047
178164,0.032957442
178172,0.016761677
178174,0.25427687
178182,0.23524676
178184,0.12619519
178196,0.07347787
178223,0.16272402
178225,0.08758899
178226,0.085824065
178240,0.15967055
178242,0.041604754
178250,0.13648824
178268,0.056731958
178282,0.04375884
178285,0.19519962
178288,0.03157289
178290,0.0022929136
178295,0.016801497
178312,0.017143382
178317,0.036635347
178342,0.24732748
178343,0.057530146
178344,0.071819745
178346,0.03035956
178353,0.22261247
178356,0.35744464
178358,0.02258578
178359,0.08374953
178362,0.3133535
178380,0.02193996
178387,0.045084774
178391,0.13348699
178395,0.11562094
178408,0.12307172
178415,0.009097555
178421,0.01480633
178424,0.2910247
178428,0.07563485
178432,0.045847695
178433,0.033878338
178436,0.041513897
178442,0.03515936
178453,0.029924195
178459,0.064308375
178467,0.09009673
178472,0.09605445
178491,0.010193036
178499,0.056972504
178504,0.08845438
178506,0.08541246
178509,0.034763645
178517,0.032003038
178525,0.06696711
178530,0.08393631
178531,0.18388844
178537,0.042856075
178553,0.064368755
178557,0.021968434
178565,0.06614967
178566,0.032241248
178579,0.015958821
178586,0.19979939
178589,0.037717137
178592,0.07243712
178610,0.012647527
178620,0.11061784
178621,0.013688943
178622,0.12971348
178643,0.019551987
178665,0.047126126
178671,0.022317857
178675,0.021786425
178692,0.044090178
178722,0.047733594
178723,0.04354192
178726,0.048860572
178731,0.1986742
178737,0.07612293
178739,0.06932597
178745,0.008833479
178766,0.030786995
178771,0.09808508
178775,0.01543402
178785,0.029943408
178789,0.109804004
178790,0.0569299
178792,0.1425594
178804,0.011567572
178817,0.048693046
178821,0.044103257
178825,0.035010703
178830,0.03877421
178831,0.10900316
178832,0.11915027
178847,0.04179911
178853,0.0534716
178856,0.20497222
178867,0.049818154
178868,0.024901722
178881,0.030333992
178887,0.03244907
178888,0.35428247
178908,0.0547593
178909,0.054699823
178942,0.16067772
178943,0.3665218
178946,0.04476151
178947,0.27689964
178950,0.20594528
178958,0.15652496
178976,0.0184949
178986,0.031953666
178989,0.013591806
178995,0.15766898
178996,0.10767637
179006,0.08245818
179025,0.06534726
179034,0.033775054
179038,0.20506857
179043,0.02135678
179050,0.029748812
179051,0.1102206
179076,0.20696706
179077,0.02102327
179091,0.083642095
179092,0.09999122
179111,0.060901545
179128,0.046321742
179132,0.14844884
179137,0.05115901
179138,0.08411404
179146,0.08442474
179148,0.11635439
179149,0.03154231
179150,0.03396185
179155,0.034913182
179164,0.024386935
179177,0.010897582
179178,0.047448047
179182,0.16166785
179184,0.014768081
179186,0.08171552
179191,0.16329336
179194,0.08691948
179201,0.0819738
179210,0.006607444
179211,0.058810886
179212,0.09048271
179216,0.21398425
179229,0.027242988
179235,0.033489835
179236,0.06394614
179241,0.05349388
179244,0.057447832
179249,0.0598851
179256,0.37040874
179260,0.09182206
179262,0.122980125
179264,0.070574775
179268,0.07320439
179272,0.034587212
179280,0.031419136
179287,0.026462685
179288,0.022835921
179290,0.008861374
179295,0.012903839
179298,0.06021577
179306,0.030992605
179307,0.022952879
179310,0.39192513
179314,0.01717274
179317,0.071352236
179319,0.07598434
179327,0.014158376
179336,0.08037077
179342,0.019212319
179344,0.21349074
179347,0.018633997
179357,0.027384127
179368,0.100683734
179413,0.034088805
179425,0.05288687
179435,0.06370362
179447,0.028091017
179449,0.015905384
179458,0.016200356
179460,0.04008845
179475,0.1657244
179486,0.09086681
179493,0.009909969
179499,0.016636582
179501,0.041553322
179508,0.042500686
179511,0.018723818
179513,0.054249473
179519,0.088004485
179537,0.016542654
179550,0.020061886
179559,0.036818
179560,0.020127894
179578,0.120231904
179583,0.013374678
179590,0.010667045
179597,0.017593672
179599,0.017411506
179602,0.17163093
179609,0.009431762
179621,0.10562888
179624,0.14570431
179625,0.020610835
179630,0.023235604
179640,0.043694146
179641,0.013322753
179644,0.010080442
179649,0.033036124
179650,0.13214236
179652,0.05253926
179653,0.03445861
179660,0.09891037
179662,0.027809992
179673,0.08127467
179678,0.042330306
179679,0.055455964
179686,0.013036371
179721,0.012032317
179733,0.082679056
179736,0.1362112
179737,0.01718067
179748,0.14369653
179750,0.28277957
179751,0.05650457
179752,0.15272363
179753,0.06022522
179765,0.017631285
179768,0.08163883
179798,0.011252849
179827,0.02978687
179837,0.010630553
179838,0.06772898
179851,0.09290157
179868,0.1562523
179875,0.06842715
179876,0.0142421285
179882,0.07281764
179883,0.03277782
179894,0.016542498
179905,0.11196084
179907,0.082413025
179919,0.025444916
179926,0.077726334
179936,0.022636209
179941,0.056030568
179945,0.09297878
179951,0.064059526
179960,0.02202678
179967,0.014292544
179980,0.3250634
179985,0.3051231
179997,0.035555556
180001,0.10124197
180007,0.028852792
180011,0.24499765
180017,0.03545192
180027,0.05177665
180033,0.09653644
180036,0.3768419
180037,0.022679048
180041,0.34395987
180042,0.3208305
180050,0.40734282
180059,0.012971418
180066,0.032147128
180067,0.081542894
180085,0.039923962
180092,0.027285023
180099,0.033173323
180101,0.2718499
180115,0.09764398
180122,0.0708971
180126,0.02984988
180127,0.047207296
180140,0.07820249
180141,0.013490767
180158,0.01698289
180163,0.13519365
180178,0.01635821
180189,0.029113932
180198,0.06941412
180201,0.15258536
180202,0.14292164
180209,0.12588191
180239,0.09773129
180244,0.04680882
180270,0.008381805
180271,0.038694836
180286,0.026917597
180287,0.059934903
180291,0.027833099
180293,0.03239891
180296,0.08026025
180297,0.051252484
180305,0.03412413
180318,0.034276668
180319,0.07574083
180322,0.013379605
180323,0.03224533
180331,0.068836026
180365,0.011660845
180368,0.15151931
180369,0.04764789
180382,0.04607792
180387,0.016954485
180388,0.36144227
180389,0.046581496
180398,0.019989014
180399,0.008130228
180402,0.12975161
180406,0.05824694
180407,0.022946661
180408,0.1667452
180413,0.030890826
180416,0.06893869
180420,0.019085733
180429,0.29843983
180430,0.5035826
180431,0.025277311
180438,0.011323759
180441,0.026210817
180448,0.07023717
180453,0.0106374305
180478,0.33393967
180480,0.102153905
180510,0.023212759
180524,0.091491416
180534,0.021952195
180537,0.38954708
180545,0.020755762
180550,0.084065095
180559,0.015318592
180583,0.050783146
180587,0.0039552306
180594,0.022372628
180597,0.17406815
180598,0.09769617
180599,0.12939842
180601,0.15421109
180624,0.23803239
180625,0.4586767
180634,0.01954551
180647,0.022699408
180652,0.0416012
180656,0.21750236
180664,0.03740399
180666,0.11993924
180674,0.047040563
180679,0.059937
180685,0.10504821
180692,0.10819848
180698,0.033667482
180699,0.022866355
180700,0.022144683
180702,0.032470632
180710,0.031645175
180736,0.046325218
180739,0.12261752
180741,0.10403801
180743,0.26567522
180747,0.010388079
180754,0.17587738
180755,0.05091244
180756,0.015120918
180768,0.028429857
180773,0.030462496
180775,0.047266804
180784,0.108470865
180787,0.025329921
180795,0.022014713
180796,0.057707705
180799,0.01980987
180811,0.059907936
180813,0.047726985
180827,0.05115555
180828,0.03171341
180833,0.13692233
180834,0.10129736
180847,0.037118476
180852,0.15112412
180853,0.08145779
180854,0.033223238
180855,0.15670909
180856,0.08649323
180858,0.03211981
180859,0.198354
180867,0.033916082
180868,0.032060064
180872,0.059219655
180873,0.06115565
180874,0.27034184
180875,0.052811887
180878,0.035538316
180888,0.02819199
180889,0.019957881
180891,0.016675819
180902,0.016541382
180907,0.18753788
180913,0.027786545
180916,0.02889032
180954,0.033909366
180962,0.043186527
180963,0.0201902
180967,0.11551424
180971,0.20701636
180975,0.061047
180985,0.095292576
180991,0.041231826
181009,0.03596477
181012,0.01328381
181015,0.123418935
181034,0.04682152
181064,0.09894693
181071,0.07502223
181083,0.07497305
181084,0.012682922
181085,0.038392458
181088,0.073261075
181098,0.19456553
181110,0.25559336
181111,0.08329085
181112,0.010981695
181114,0.095729366
181117,0.24124616
181157,0.01319355
181160,0.13607053
181161,0.09727739
181165,0.08759146
181179,0.30845287
181186,0.057680715
181196,0.07805769
181197,0.34804124
181204,0.09881267
181213,0.03067365
181214,0.3123076
181221,0.07633821
181224,0.0358237
181226,0.054531626
181236,0.21564648
181256,0.27143168
181257,0.01856487
181279,0.06259208
181282,0.044988163
181285,0.068266965
181288,0.02082978
181289,0.11274666
181290,0.014867846
181298,0.01804728
181299,0.033255562
181307,0.041340165
181312,0.1579957
181318,0.08172292
181322,0.07194182
181338,0.10905376
181340,0.019253042
181342,0.008810268
181344,0.043711416
181350,0.045361534
181373,0.09460248
181374,0.13729173
181375,0.015550859
181379,0.06884007
181381,0.016413646
181385,0.12104667
181388,0.02945687
181392,0.06976459
181393,0.0701883
181425,0.0038400933
181465,0.039164994
181481,0.09426411
181484,0.070212305
181494,0.021993691
181501,0.025940184
181507,0.031894665
181521,0.07559387
181524,0.022336211
181538,0.21303105
181540,0.03618935
181547,0.18116607
181551,0.024578797
181555,0.07586578
181561,0.047267918
181564,0.045646373
181567,0.14866112
181599,0.029740412
181602,0.22150274
181612,0.072585955
181613,0.047929592
181615,0.087944075
181621,0.021717554
181622,0.082451634
181629,0.07360025
181630,0.017536525
181633,0.04938279
181635,0.08861501
181641,0.018825892
181643,0.2753958
181644,0.21334766
181649,0.017806599
181659,0.030820897
181660,0.016848372
181665,0.1343694
181666,0.049370445
181672,0.07075663
181682,0.20911965
181693,0.16245839
181697,0.09820261
181703,0.01860234
181704,0.03537311
181720,0.045395643
181722,0.046637744
181732,0.111473344
181733,0.045838278
181736,0.013095925
181737,0.032775294
181747,0.030140651
181758,0.3683486
181764,0.03412763
181770,0.12169357
181774,0.13690886
181783,0.14055529
181788,0.027292075
181789,0.035786726
181804,0.04191708
181809,0.0457185
181821,0.14108688
181836,0.015955985
181863,0.034434225
181867,0.07833386
181868,0.1730561
181871,0.045179047
181904,0.3042218
181931,0.017192364
181932,0.049968824
181941,0.07385583
181944,0.13627565
181958,0.13021986
181971,0.022870367
181986,0.03750306
182002,0.03600485
182007,0.02687562
182012,0.029554555
182022,0.042989448
182031,0.13275109
182050,0.08523967
182053,0.06606353
182071,0.09442468
182072,0.095222674
182073,0.03422598
182102,0.030918973
182106,0.042561214
182116,0.019270547
182117,0.119554415
182118,0.0064575
182124,0.17490926
182125,0.09514263
182145,0.039859466
182150,0.11678208
182154,0.037305005
182167,0.018183371
182179,0.12743507
182181,0.047107533
182183,0.032713186
182218,0.029259067
182225,0.012954701
182226,0.15201753
182266,0.20748489
182272,0.08048756
182275,0.11034223
182295,0.21785292
182305,0.009975123
182312,0.06462292
182313,0.020285795
182327,0.010625774
182337,0.033194993
182340,0.016161278
182341,0.051955227
182342,0.046170887
182345,0.059822865
182353,0.015961997
182355,0.012833019
182371,0.02530527
182376,0.022418417
182381,0.019446302
182382,0.0125607485
182384,0.030602941
182387,0.1048065
182412,0.029183896
182419,0.08245645
182432,0.074354365
182438,0.052397028
182448,0.3043662
182450,0.099053025
182465,0.013683569
182468,0.01652121
182474,0.0543985
182483,0.044090178
182484,0.17226288
182485,0.014089264
182486,0.075941645
182489,0.17258625
182500,0.055895578
182501,0.042672917
182504,0.28226304
182514,0.018126711
182524,0.034895103
182525,0.10028142
182533,0.014818925
182536,0.056229968
182539,0.07117308
182550,0.020229083
182553,0.08102303
182568,0.02531156
182571,0.012619655
182573,0.018926805
182580,0.02997182
182615,0.06942804
182618,0.022648117
182624,0.012026021
182644,0.03817057
182686,0.26055512
182687,0.043731045
182695,0.40089655
182718,0.08232933
182726,0.059781767
182735,0.04196752
182742,0.05452954
182747,0.037827924
182748,0.027213579
182752,0.061307587
182761,0.14847372
182800,0.014500023
182802,0.0809146
182807,0.09606693
182816,0.08273721
182818,0.028641503
182826,0.08979328
182836,0.009675985
182840,0.2078108
182841,0.16985033
182846,0.044393145
182862,0.12286847
182864,0.06751018
182871,0.0907954
182878,0.042366505
182880,0.09185081
182885,0.011363514
182893,0.0265234
182894,0.18160586
182895,0.032575723
182901,0.09279867
182907,0.12426089
182921,0.14269987
182952,0.035503693
182964,0.19600585
182966,0.4362719
182980,0.015584657
182985,0.33387187
182989,0.12821475
182994,0.07088894
183035,0.42274386
183037,0.22709145
183042,0.03156918
183049,0.033802163
183050,0.016476449
183051,0.016116237
183062,0.01783106
183063,0.021402618
183064,0.026565164
183076,0.060204998
183078,0.23598644
183086,0.021241369
183089,0.06274018
183091,0.061617114
183097,0.041964415
183104,0.009011963
183118,0.18614237
183119,0.16324492
183134,0.06668073
183142,0.05741835
183157,0.026298642
183162,0.039193526
183180,0.015216635
183193,0.08782858
183213,0.033093538
183216,0.19977045
183223,0.024894996
183226,0.047778234
183264,0.030417323
183273,0.121638596
183278,0.015739333
183282,0.03435767
183283,0.095622785
183286,0.04573657
183288,0.053803865
183299,0.082141995
183310,0.014536904
183315,0.057631064
183332,0.015277067
183336,0.034091868
183341,0.061855987
183342,0.028592592
183345,0.016159307
183347,0.074216925
183360,0.10231121
183362,0.026840651
183370,0.030091358
183379,0.017032443
183386,0.10241831
183410,0.14437072
183417,0.0619413
183419,0.030155765
183421,0.06540032
183425,0.35945135
183427,0.0940715
183433,0.15700719
183434,0.10353237
183438,0.010111718
183439,0.02422557
183440,0.12964706
183450,0.073364176
183451,0.21231051
183453,0.011337867
183454,0.029578455
183455,0.13591969
183457,0.0200656
183463,0.25191236
183475,0.022300897
183478,0.16192003
183480,0.08910835
183490,0.01547322
183494,0.14183658
183503,0.06368957
183512,0.1750241
183517,0.119915046
183530,0.08984859
183532,0.013627699
183533,0.009149888
183536,0.016732045
183545,0.01475559
183549,0.019332882
183550,0.016914682
183551,0.13842353
183555,0.06391501
183560,0.041588936
183585,0.020059384
183591,0.017417414
183592,0.011978219
183603,0.19890688
183610,0.069350325
183628,0.1791477
183644,0.039248005
183646,0.205386
183649,0.021491157
183656,0.10539961
183658,0.5798785
183688,0.01260637
183690,0.025697341
183691,0.07202123
183697,0.11801062
183709,0.08538205
183711,0.08760968
183714,0.1717597
183725,0.08888214
183736,0.04549634
183742,0.008841398
183772,0.098066084
183776,0.08824103
183787,0.020402687
183792,0.20728974
183793,0.12332941
183799,0.29188153
183816,0.045172118
183818,0.2638896
183832,0.023794746
183836,0.018167952
183839,0.026724912
183840,0.059097983
183855,0.01436854
183857,0.05453635
183863,0.08527688
183866,0.043137953
183876,0.081539445
183878,0.107229985
183897,0.01699427
183902,0.070704296
183915,0.013686394
183925,0.31266868
183936,0.041120417
183939,0.076905236
183951,0.01681073
183956,0.048911873
183957,0.021350527
183974,0.016160823
183982,0.048043642
183994,0.034496214
184008,0.054409422
184013,0.16801816
184016,0.021034915
184019,0.024152193
184024,0.042418614
184025,0.08854658
184038,0.011774164
184045,0.022601001
184056,0.028491395
184060,0.06841776
184071,0.024217632
184073,0.0745951
184074,0.01775886
184077,0.014617764
184105,0.04898945
184106,0.074256115
184133,0.11177121
184154,0.4289836
184163,0.013509444
184165,0.1641709
184193,0.14030083
184194,0.06746155
184195,0.007985425
184202,0.115848415
184226,0.62296546
184230,0.0325337
184231,0.20389284
184234,0.08851368
184238,0.015346624
184248,0.023860915
184257,0.02565926
184268,0.027482808
184282,0.023215152
184291,0.06585589
184294,0.017071182
184295,0.39746672
184304,0.027368193
184309,0.015276987
184318,0.051042363
184325,0.059511434
184329,0.0135082295
184330,0.016759492
184333,0.16616377
184337,0.0030517292
184338,0.15121925
184340,0.008533968
184341,0.071392655
184347,0.081606716
184354,0.04040983
184355,0.033926886
184372,0.01988443
184384,0.038794618
184385,0.018510275
184386,0.01311445
184389,0.12031301
184401,0.0137570705
184405,0.0927592
184431,0.16722888
184450,0.015531146
184453,0.33726403
184470,0.056116827
184471,0.039399575
184486,0.09654276
184488,0.018879069
184489,0.056591764
184497,0.033779535
184508,0.032566775
184509,0.040630512
184516,0.053405296
184525,0.078578815
184526,0.040635977
184531,0.039834082
184557,0.021054627
184576,0.01937294
184589,0.013372702
184605,0.009813663
184613,0.11116593
184630,0.034895673
184635,0.033101868
184636,0.01633523
184643,0.018472543
184645,0.06098366
184653,0.077983364
184655,0.08816685
184656,0.10902369
184660,0.09439317
184716,0.04575853
184736,0.012482585
184758,0.12550612
184767,0.2217241
184770,0.07439338
184773,0.04000066
184776,0.1589507
184792,0.053139422
184812,0.084185235
184820,0.058452427
184829,0.017837357
184831,0.10735698
184832,0.03851784
184834,0.037416752
184847,0.056319322
184848,0.06643199
184858,0.011412377
184866,0.028255686
184869,0.071859725
184870,0.07197007
184873,0.013838982
184874,0.012612556
184876,0.10316433
184879,0.14796892
184880,0.025500745
184885,0.057922475
184896,0.027972909
184916,0.35856706
184918,0.027190143
184919,0.054446924
184921,0.078374974
184936,0.048299585
184944,0.23058012
184956,0.09435152
184963,0.14436927
184964,0.010004536
184965,0.13513716
184972,0.074733764
184977,0.053443093
184982,0.039207615
184988,0.23226705
184992,0.071923405
184994,0.018011095
184998,0.17926958
185017,0.019378368
185024,0.023905335
185032,0.06692634
185037,0.04992357
185040,0.0062966356
185043,0.06566256
185048,0.023985175
185059,0.03634434
185076,0.15045814
185083,0.018814156
185090,0.05827011
185099,0.031074893
185101,0.023666905
185106,0.045350317
185121,0.19879234
185125,0.17034842
185126,0.24084875
185127,0.13335235
185153,0.078638755
185167,0.11800493
185171,0.06346999
185178,0.099752225
185180,0.12588397
185181,0.017740138
185183,0.09943777
185186,0.15942417
185187,0.08783704
185188,0.03884964
185189,0.030642377
185194,0.19764532
185207,0.035587013
185209,0.030743087
185210,0.086499535
185212,0.013271078
185220,0.06204938
185221,0.11101766
185230,0.111040846
185231,0.07907608
185245,0.01812666
185249,0.11018256
185262,0.0129243415
185285,0.20665362
185286,0.076317266
185288,0.032868847
185296,0.034478437
185298,0.3691061
185299,0.009125025
185308,0.039813466
185311,0.024785744
185313,0.06278782
185314,0.060959764
185332,0.12887986
185337,0.02728915
185338,0.013608464
185339,0.06581482
185341,0.11447816
185342,0.037076406
185344,0.04408358
185349,0.16338345
185362,0.038469315
185363,0.06652397
185394,0.010234517
185410,0.10656534
185418,0.045822408
185423,0.09083383
185428,0.046993803
185442,0.1387511
185447,0.029106595
185450,0.019096693
185454,0.010927196
185475,0.24593815
185481,0.07895064
185483,0.031539876
185485,0.11658822
185496,0.013960941
185504,0.009388345
185505,0.0046792836
185512,0.029176638
185515,0.00934017
185534,0.05379736
185536,0.034336604
185538,0.02881525
185552,0.014600371
185569,0.0816223
185576,0.031174593
185578,0.07146629
185581,0.21648295
185584,0.025191871
185585,0.031580966
185586,0.13569881
185592,0.04805675
185604,0.008345051
185606,0.009699591
185607,0.06928768
185618,0.07520165
185622,0.047241986
185628,0.23426908
185629,0.029489517
185634,0.048860393
185637,0.14690435
185638,0.009614114
185640,0.21544324
185641,0.014125581
185645,0.06398422
185646,0.090893544
185647,0.017646868
185662,0.061916605
185669,0.10034953
185675,0.010365485
185687,0.031330008
185688,0.029105628
185689,0.033997186
185690,0.034508754
185697,0.037328172
185710,0.10468018
185733,0.017451886
185740,0.111239396
185806,0.056365237
185812,0.19568008
185824,0.041039016
185825,0.021848658
185826,0.09494262
185827,0.25249377
185828,0.01910067
185837,0.04601818
185859,0.060968813
185861,0.012634903
185872,0.011053958
185874,0.04269276
185891,0.12350143
185893,0.045823924
185897,0.05172286
185900,0.020439789
185910,0.04380113
185919,0.0087057
185932,0.01677196
185937,0.05604534
185939,0.015134047
185965,0.023863114
185968,0.12515026
185971,0.020397222
185978,0.08873954
185980,0.039664496
185981,0.049776357
185982,0.05651244
185991,0.032311942
185997,0.021201508
185998,0.053803135
186014,0.035731405
186021,0.028448565
186025,0.10839112
186034,0.042826347
186054,0.043622416
186061,0.050932173
186065,0.10494083
186066,0.066496916
186070,0.07578208
186080,0.024514938
186085,0.03990251
186094,0.25059044
186110,0.12133173
186113,0.014355992
186116,0.032536574
186127,0.01164594
186129,0.07000935
186135,0.01607551
186139,0.3726255
186151,0.04229511
186153,0.040705465
186156,0.0047881794
186158,0.027528541
186159,0.013451516
186166,0.16419326
186168,0.023898771
186169,0.057973802
186170,0.013428874
186179,0.024018072
186188,0.03270501
186210,0.009567457
186227,0.024769586
186229,0.10150794
186230,0.065513246
186249,0.013012992
186254,0.06563284
186264,0.012449184
186265,0.112555556
186273,0.01207673
186276,0.070337825
186289,0.045910805
186296,0.12212392
186308,0.021005847
186309,0.030180939
186310,0.060316663
186316,0.027477067
186321,0.01911062
186333,0.043902803
186346,0.056837622
186391,0.08926866
186398,0.14752908
186407,0.03879011
186411,0.04165247
186415,0.059966534
186426,0.13783641
186444,0.010698602
186448,0.13129176
186453,0.17437391
186456,0.00781779
186460,0.014367831
186461,0.07748476
186473,0.08803941
186489,0.19461107
186490,0.14360954
186491,0.12609899
186492,0.007918518
186493,0.07039371
186503,0.05453394
186505,0.23357706
186506,0.0108004
186508,0.012571363
186524,0.14300758
186526,0.053481422
186536,0.022914793
186539,0.06432272
186543,0.03926697
186558,0.28536475
186568,0.12060072
186573,0.07263841
186587,0.064969845
186599,0.044264313
186609,0.3521649
186610,0.013117672
186612,0.026847776
186632,0.13693444
186634,0.031854026
186649,0.06324524
186652,0.111388944
186660,0.053212583
186668,0.18599519
186674,0.15017682
186675,0.036114737
186679,0.055808004
186682,0.029115569
186683,0.041239876
186695,0.30302125
186696,0.0073447665
186704,0.07659426
186709,0.32046592
186714,0.1109795
186723,0.01248553
186726,0.4449009
186728,0.07627324
186729,0.030218646
186731,0.08959054
186737,0.065506995
186742,0.029518876
186743,0.0060866396
186745,0.16420098
186747,0.019815788
186750,0.07423968
186769,0.056054104
186771,0.19710574
186787,0.050869923
186796,0.15880641
186802,0.17848802
186811,0.025708087
186812,0.048652057
186815,0.050581496
186840,0.03713064
186842,0.3449759
186853,0.20983405
186859,0.10884966
186878,0.02644206
186885,0.03955105
186890,0.014841351
186906,0.20721081
186916,0.03247421
186927,0.028263886
186928,0.118003644
186931,0.15823363
186934,0.03874007
186938,0.28789183
186943,0.25463668
186944,0.04840114
186945,0.1474562
186947,0.042243756
186952,0.045685377
186953,0.05364741
186960,0.12748119
186962,0.04483425
186991,0.014635763
187001,0.45723775
187017,0.013424546
187019,0.1332648
187024,0.026276993
187035,0.0067484723
187037,0.10268297
187056,0.008225149
187057,0.030697795
187058,0.20085779
187065,0.053215094
187066,0.07230039
187069,0.011799257
187070,0.056762945
187074,0.017570173
187085,0.02420664
187087,0.01748726
187100,0.073134236
187117,0.089069545
187158,0.26212353
187159,0.02407663
187162,0.06096697
187164,0.036413692
187167,0.07332504
187168,0.030224314
187171,0.023631603
187184,0.16903691
187194,0.16344936
187208,0.12380433
187211,0.2217203
187220,0.032065887
187224,0.03385798
187242,0.061305936
187259,0.030898526
187260,0.037916668
187267,0.19420901
187280,0.24615824
187287,0.009096932
187291,0.04159995
187296,0.024123758
187301,0.05970828
187315,0.15627651
187319,0.016985094
187326,0.10998468
187328,0.10021611
187329,0.06782906
187330,0.0518776
187335,0.035759274
187339,0.021539655
187340,0.21574195
187353,0.07623463
187356,0.027928757
187367,0.18036722
187383,0.034344144
187388,0.05020996
187401,0.048370127
187415,0.058687527
187422,0.018081354
187439,0.15036963
187440,0.12657629
187442,0.37575907
187447,0.03437307
187448,0.038288407
187451,0.039442357
187468,0.030656746
187475,0.09840895
187477,0.12177443
187480,0.03784444
187498,0.09137823
187499,0.037057012
187516,0.0085034035
187524,0.00516
187534,0.031187525
187552,0.027274383
187577,0.06321467
187584,0.023244977
187585,0.028941909
187603,0.049552046
187608,0.010159429
187625,0.016403109
187637,0.04515675
187639,0.16111968
187641,0.029163465
187652,0.06854236
187684,0.023578405
187689,0.038937707
187698,0.09139955
187708,0.031208187
187716,0.03105895
187717,0.042459346
187719,0.020663293
187720,0.25609416
187743,0.079581685
187749,0.16869453
187762,0.036683694
187763,0.04768889
187772,0.10073944
187786,0.0116199795
187787,0.014126138
187809,0.0811063
187826,0.08137674
187828,0.026284417
187829,0.026025284
187833,0.020056773
187847,0.07007355
187852,0.030278407
187862,0.041024525
187867,0.08103809
187868,0.16765022
187870,0.09254764
187871,0.03502123
187879,0.31723797
187894,0.06938791
187895,0.06436293
187899,0.022951478
187903,0.3249886
187915,0.01689461
187919,0.10193179
187941,0.04530802
187942,0.070304446
187944,0.043491337
187947,0.11722964
187949,0.3711523
187950,0.011109972
187952,0.12503192
187964,0.34739575
187967,0.010035694
187977,0.037673384
187983,0.047904313
187987,0.045309957
187988,0.052972283
187990,0.024115924
187991,0.1901364
187998,0.12113922
188014,0.06110997
188017,0.036542363
188021,0.18213932
188032,0.009606008
188039,0.031144463
188040,0.023327505
188044,0.06480809
188045,0.019137915
188054,0.054464757
188069,0.014775062
188070,0.19199613
188081,0.07346539
188092,0.22671553
188106,0.077202685
188108,0.02671418
188117,0.018962724
188120,0.017639264
188130,0.027127571
188133,0.14651667
188136,0.025277853
188151,0.012229357
188153,0.06633498
188158,0.011936885
188171,0.019072525
188175,0.036476903
188192,0.120889425
188194,0.08672361
188198,0.14643875
188199,0.08608484
188228,0.122512884
188232,0.045147583
188233,0.070827655
188234,0.025077218
188245,0.025580518
188248,0.03233922
188254,0.063038476
188261,0.025505792
188262,0.048384987
188267,0.017610475
188276,0.012673927
188281,0.45419878
188282,0.076128736
188295,0.025830973
188309,0.02957474
188313,0.19064784
188324,0.02853879
188327,0.07781023
188328,0.03683712
188329,0.07904776
188336,0.06908399
188337,0.07610642
188350,0.025351986
188389,0.14242056
188399,0.0044205543
188413,0.03417136
188415,0.043146074
188421,0.012301366
188438,0.046110235
188449,0.3967888
188466,0.03459254
188470,0.0088778725
188486,0.03459189
188492,0.020899363
188507,0.02800238
188511,0.017073903
188521,0.06791631
188540,0.16771182
188542,0.06605578
188551,0.43009672
188557,0.027645648
188558,0.040075954
188561,0.11221898
188563,0.18552087
188565,0.05381353
188577,0.055224486
188586,0.042148683
188591,0.029784488
188594,0.043194722
188614,0.050158456
188622,0.039478224
188626,0.028987616
188632,0.16022193
188635,0.07038632
188639,0.036401756
188645,0.1341778
188646,0.23909077
188647,0.09422679
188653,0.023516962
188659,0.026427863
188677,0.20860048
188694,0.055001345
188695,0.004037629
188696,0.01357736
188707,0.01480633
188714,0.04790897
188715,0.12945057
188722,0.15555164
188724,0.04306004
188729,0.035392005
188734,0.022846779
188739,0.37306133
188746,0.037489206
188747,0.03159553
188768,0.038331132
188770,0.045424487
188772,0.058121897
188787,0.024199964
188792,0.031068856
188793,0.020294173
188808,0.02895261
188828,0.064658836
188848,0.032896418
188851,0.050068945
188856,0.08031646
188862,0.13510996
188875,0.36060822
188876,0.4129245
188878,0.083528064
188880,0.0077077164
188890,0.060189225
188900,0.031476337
188914,0.04998176
188928,0.14784367
188936,0.01174925
188946,0.0074523427
188947,0.012732312
188948,0.045613606
188949,0.00885352
188950,0.04449765
188980,0.013012551
188982,0.24712871
188988,0.21973066
188990,0.047055997
188992,0.041462213
188993,0.019816635
188994,0.06898497
188997,0.03182328
188998,0.24203657
189009,0.03066765
189018,0.017569853
189022,0.042606916
189034,0.018417161
189045,0.009597687
189059,0.13163185
189062,0.029423818
189075,0.22471152
189086,0.010217514
189087,0.06724572
189107,0.047088787
189113,0.031604894
189144,0.03309331
189148,0.033096727
189199,0.05969252
189201,0.1167205
189202,0.007833903
189207,0.28580514
189213,0.14299631
189214,0.13347176
189224,0.024744136
189230,0.023288349
189251,0.037588377
189252,0.015218527
189255,0.014562297
189256,0.027640957
189257,0.028513104
189260,0.0123712
189261,0.16489555
189262,0.02786605
189263,0.023061685
189272,0.021308133
189282,0.006828135
189284,0.16249557
189294,0.022933675
189304,0.09830435
189314,0.14831094
189317,0.16878384
189333,0.018220734
189337,0.060303994
189347,0.01624998
189355,0.025164912
189357,0.09733393
189366,0.15899564
189374,0.046327345
189379,0.023552023
189388,0.073151365
189397,0.053581093
189418,0.04700396
189453,0.028098693
189458,0.018739931
189460,0.0851786
189481,0.020743327
189482,0.14243276
189483,0.08357722
189490,0.07341727
189491,0.008091766
189492,0.09726137
189511,0.061873425
189512,0.022297623
189518,0.05363966
189519,0.16973089
189531,0.036711294
189541,0.172
189550,0.04474993
189551,0.14130084
189559,0.15661542
189564,0.017530061
189573,0.072053455
189585,0.023239464
189587,0.13678043
189605,0.02594669
189612,0.020343905
189633,0.035527457
189640,0.01795262
189641,0.18813345
189643,0.024586046
189650,0.113207296
189652,0.05615418
189656,0.053218726
189661,0.06912764
189663,0.0773363
189684,0.054429706
189688,0.017561592
189711,0.1539739
189729,0.13190329
189747,0.09121581
189761,0.15159984
189773,0.048208944
189774,0.025778433
189779,0.06447145
189780,0.040663265
189796,0.0145255085
189799,0.1889025
189800,0.05597215
189807,0.04865736
189808,0.042234924
189826,0.1427617
189836,0.018677415
189843,0.051993515
189845,0.07423088
189852,0.15853035
189853,0.11619778
189855,0.030404266
189866,0.017707737
189886,0.030156566
189888,0.03435573
189902,0.0848178
189907,0.22898597
189910,0.030335113
189922,0.012059141
189924,0.09319249
189933,0.0518076
189935,0.023502393
189939,0.052631445
189951,0.58511096
189965,0.029460218
189966,0.06208352
189977,0.06429883
189989,0.027914131
189990,0.070375696
190002,0.0314839
190006,0.2936224
190008,0.037974197
190009,0.13675463
190021,0.03702837
190058,0.09605422
190061,0.06771724
190069,0.03958069
190072,0.13345286
190078,0.05202735
190109,0.09329245
190112,0.15947296
190117,0.11015832
190132,0.005007252
190133,0.03605372
190153,0.11485353
190164,0.018777633
190167,0.0069888285
190169,0.24578959
190179,0.2451843
190184,0.047072913
190188,0.017453603
190199,0.046573535
190200,0.16115628
190201,0.030305987
190227,0.08045429
190229,0.020540567
190245,0.019643867
190272,0.09104483
190274,0.050764143
190281,0.075105935
190282,0.14718677
190290,0.107297294
190299,0.15947238
190301,0.073340386
190304,0.10006997
190306,0.033704083
190311,0.10108637
190341,0.040659964
190354,0.019827725
190364,0.011899516
190368,0.13018782
190375,0.0913932
190383,0.052348863
190384,0.05179662
190387,0.025238588
190388,0.15986323
190392,0.20950563
190394,0.19774394
190405,0.13570178
190406,0.071370624
190412,0.018235564
190413,0.1947816
190431,0.029178062
190452,0.017402275
190454,0.037430838
190461,0.12499604
190475,0.019469284
190489,0.170157
190507,0.13266195
190513,0.015543925
190515,0.30864766
190516,0.0175477
190522,0.019530175
190523,0.23308364
190526,0.10732105
190533,0.008791217
190537,0.074430175
190542,0.019016529
190545,0.09883797
190548,0.027763698
190555,0.11680938
190561,0.025632247
190562,0.027424205
190566,0.009544431
190581,0.038116723
190590,0.019748203
190591,0.20696378
190593,0.038036156
190612,0.06340596
190617,0.03945102
190618,0.037076898
190619,0.10843077
190643,0.19520439
190647,0.039017037
190663,0.021828867
190664,0.016479502
190678,0.025084792
190691,0.007137631
190697,0.051266886
190698,0.045550056
190701,0.2594165
190702,0.2489878
190713,0.079308085
190739,0.042443745
190744,0.10737345
190756,0.059029795
190767,0.19592714
190777,0.03139742
190808,0.035593387
190825,0.050431777
190830,0.10368628
190844,0.17023772
190855,0.07916542
190860,0.09216107
190861,0.037567798
190865,0.030812442
190884,0.0468614
190886,0.056625165
190887,0.14653747
190893,0.10513688
190899,0.06658221
190900,0.045205947
190901,0.03917367
190903,0.0074514295
190909,0.030430656
190911,0.4670933
190916,0.05253697
190922,0.060019508
190926,0.008233239
190927,0.04624296
190929,0.057745878
190931,0.17682691
190948,0.019045074
190954,0.00539137
190957,0.013911683
190965,0.0125985015
190978,0.09701984
190986,0.04851666
190990,0.025691176
190993,0.049261026
190998,0.034824993
190999,0.031968385
191028,0.04634417
191033,0.023580095
191042,0.16490996
191076,0.009166651
191114,0.059435427
191137,0.33687758
191138,0.040985893
191140,0.07716967
191141,0.019797077
191143,0.07003048
191145,0.10791612
191161,0.1513544
191167,0.034303512
191192,0.035372328
191199,0.1188707
191200,0.010132147
191205,0.015298049
191206,0.020069791
191214,0.027764907
191217,0.011047231
191222,0.041316804
191224,0.020239826
191232,0.2403857
191238,0.044217397
191243,0.05068943
191247,0.055494174
191250,0.012030407
191266,0.03947442
191278,0.018931126
191279,0.037123412
191282,0.17070965
191287,0.061125048
191290,0.12457985
191291,0.10923592
191296,0.18104528
191301,0.12277582
191304,0.012474382
191305,0.03067944
191306,0.26212698
191324,0.18413718
191359,0.018996632
191360,0.049556762
191362,0.010291821
191371,0.16443121
191379,0.095444955
191394,0.011843004
191413,0.2924159
191430,0.017253673
191435,0.05486533
191449,0.04523775
191452,0.014067192
191464,0.18086086
191465,0.019749466
191466,0.053281344
191469,0.14503232
191490,0.21864186
191494,0.17500739
191498,0.22023684
191506,0.080630384
191508,0.015900541
191509,0.014763654
191515,0.25218064
191524,0.016268378
191548,0.075438276
191562,0.01362511
191568,0.12728892
191596,0.16663335
191609,0.046278294
191619,0.028334947
191624,0.09915675
191628,0.006462198
191630,0.10351966
191648,0.24237157
191649,0.051805
191654,0.07811955
191655,0.034419872
191659,0.10120333
191674,0.15796919
191675,0.00611627
191680,0.06077595
191681,0.024858875
191684,0.053509127
191686,0.0054659117
191721,0.09774878
191722,0.04117022
191726,0.17276016
191727,0.020830326
191732,0.064482115
191735,0.014890393
191738,0.32956988
191745,0.19519165
191746,0.031329654
191751,0.06273057
191761,0.14717028
191772,0.027103972
191785,0.087815724
191794,0.016263425
191799,0.035616357
191806,0.16379334
191807,0.013378869
191809,0.15251786
191824,0.1774387
191826,0.04849649
191834,0.08194601
191837,0.03400312
191841,0.06318177
191845,0.017127097
191847,0.09273561
191850,0.05459683
191869,0.064670935
191873,0.04820169
191876,0.030587437
191878,0.124222495
191880,0.028981034
191881,0.023282878
191883,0.026419846
191898,0.08158844
191907,0.047815595
191910,0.038853683
191918,0.042351272
191920,0.06632395
191923,0.020319426
191942,0.038174044
191943,0.06612416
191951,0.13205892
191952,0.016536992
191958,0.038306214
191963,0.21005164
191971,0.25164545
191992,0.04005701
192000,0.13618986
192001,0.12575701
192008,0.034744035
192018,0.020479249
192029,0.013795455
192030,0.026456662
192031,0.021028642
192043,0.1024003
192045,0.02327588
192052,0.0679401
192056,0.011389347
192071,0.06411939
192082,0.054537516
192088,0.016484248
192103,0.019484408
192105,0.09835445
192119,0.009935927
192144,0.10656992
192151,0.075494215
192158,0.016770331
192163,0.02376479
192172,0.2549463
192176,0.031512592
192177,0.03247892
192212,0.04530769
192221,0.3043562
192223,0.16209151
192224,0.08456402
192238,0.06271873
192239,0.060498
192252,0.35100678
192259,0.038782742
192268,0.021572828
192274,0.08799182
192276,0.08803961
192277,0.06384055
192289,0.017496306
192296,0.18205762
192308,0.10200119
192309,0.011141087
192315,0.032090858
192322,0.10167888
192324,0.068161346
192343,0.07185839
192345,0.013813431
192367,0.105765566
192375,0.03295577
192382,0.23991248
192389,0.017131945
192390,0.17388593
192391,0.16773215
192423,0.019682238
192427,0.018273275
192431,0.058800854
192433,0.020432642
192451,0.04884474
192453,0.07622155
192455,0.025229605
192468,0.03525102
192469,0.03032172
192474,0.021195365
192481,0.089829214
192482,0.03678404
192483,0.0154901305
192486,0.09623924
192490,0.13713689
192491,0.19035062
192494,0.0775811
192507,0.008140256
192508,0.029974842
192509,0.21084508
192525,0.12492402
192526,0.08009456
192528,0.009449286
192535,0.03270832
192545,0.3585534
192548,0.13135692
192572,0.2646314
192594,0.022808306
192607,0.02966395
192625,0.06974954
192626,0.09497747
192631,0.047086306
192632,0.05559624
192636,0.024631038
192637,0.026508944
192655,0.027870128
192657,0.004927032
192674,0.054992415
192675,0.00759948
192680,0.23887688
192682,0.12946379
192686,0.057033256
192698,0.090233326
192703,0.015610282
192705,0.007850914
192717,0.045790117
192720,0.045895237
192721,0.17490162
192722,0.064816475
192728,0.0064025503
192734,0.008546124
192739,0.033860546
192740,0.07728062
192752,0.018459436
192761,0.021252936
192770,0.007374449
192780,0.045096684
192782,0.07231021
192783,0.20366402
192789,0.11445104
192796,0.010809384
192800,0.030212047
192802,0.061122954
192811,0.1262817
192812,0.052669477
192815,0.019198993
192838,0.24018398
192861,0.0151148755
192868,0.059933424
192872,0.026496008
192876,0.060185425
192877,0.039893813
192897,0.13604012
192898,0.034622736
192903,0.042467333
192904,0.068640366
192905,0.009598572
192911,0.38468838
192920,0.032869432
192921,0.017436478
192922,0.073583916
192942,0.038517237
192946,0.08593079
192963,0.040414497
192978,0.13822776
192979,0.21343786
192981,0.20162994
192991,0.07538124
192995,0.05957392
192998,0.21496001
193019,0.036650866
193027,0.022670828
193028,0.022199485
193032,0.025556918
193036,0.04295099
193044,0.038036782
193046,0.029063584
193049,0.026420264
193050,0.058754463
193054,0.03805207
193057,0.029427217
193060,0.28716332
193075,0.012645937
193088,0.008432452
193091,0.0480718
193112,0.01875161
193122,0.026803473
193123,0.18391585
193128,0.034000512
193133,0.025667105
193143,0.046867512
193150,0.17676453
193151,0.02284659
193160,0.33630455
193180,0.11381406
193198,0.022923961
193204,0.07756894
193207,0.03608022
193210,0.27481517
193225,0.028201967
193232,0.0754575
193248,0.08722054
193249,0.16123289
193262,0.032027125
193270,0.11025919
193273,0.04433473
193275,0.015376204
193286,0.020160073
193289,0.1841171
193290,0.05214704
193311,0.23125142
193321,0.028454546
193322,0.02312445
193340,0.0806693
193349,0.0403838
193368,0.16277188
193369,0.029330416
193375,0.0129735
193385,0.12533996
193389,0.01578762
193394,0.089204095
193396,0.033573274
193398,0.016005151
193402,0.13162407
193409,0.0124283265
193421,0.032913085
193426,0.011017566
193430,0.022659402
193436,0.09907083
193437,0.026089536
193440,0.013962575
193441,0.13747086
193449,0.06147723
193462,0.013073701
193464,0.023555545
193468,0.013302966
193474,0.010515279
193475,0.022881465
193479,0.119491525
193484,0.057642788
193488,0.059101913
193496,0.023744272
193507,0.07420855
193510,0.04072149
193512,0.0139588015
193514,0.016190525
193515,0.06202232
193516,0.12368104
193520,0.01109354
193522,0.17585543
193541,0.022765372
193545,0.0089613255
193549,0.10074311
193554,0.07999333
193558,0.25535494
193568,0.024406042
193569,0.32939243
193579,0.044552077
193587,0.048734017
193589,0.033186927
193613,0.035667636
193642,0.14106266
193643,0.074278094
193647,0.03641667
193648,0.054154124
193663,0.10172649
193664,0.1912769
193665,0.056357365
193672,0.041509468
193675,0.17646077
193686,0.27512783
193692,0.03575856
193706,0.029853242
193725,0.019623395
193726,0.03078022
193727,0.031174788
193733,0.049410813
193738,0.21843058
193739,0.0077134953
193745,0.10641224
193759,0.016860185
193767,0.055168808
193774,0.20767602
193776,0.022268837
193777,0.41546705
193787,0.39554837
193789,0.061816838
193793,0.047555745
193805,0.0067188637
193808,0.007012705
193816,0.019930275
193817,0.053699005
193821,0.09840251
193831,0.13620082
193832,0.024991065
193874,0.1578372
193879,0.04295953
193882,0.04448786
193910,0.031094432
193915,0.040946387
193916,0.086438626
193921,0.15663743
193924,0.096212864
193926,0.018056154
193927,0.04554506
193949,0.027263783
193954,0.18685228
193966,0.18797253
193970,0.07109447
193971,0.07383182
193975,0.03513964
193980,0.04264442
193982,0.21809962
193983,0.06967382
193987,0.03380549
193997,0.03879974
194000,0.10822608
194013,0.022827905
194014,0.42183205
194026,0.035872877
194039,0.035282765
194042,0.03414248
194054,0.048506808
194057,0.08829338
194058,0.04407933
194068,0.038951527
194071,0.16712542
194073,0.056678
194075,0.0721869
194093,0.014567745
194098,0.20620331
194105,0.025384286
194106,0.29153976
194110,0.017875927
194128,0.04841763
194137,0.06797372
194149,0.024385465
194150,0.032465428
194155,0.120463364
194157,0.046109598
194158,0.059198197
194164,0.027229933
194165,0.108805306
194166,0.02336971
194170,0.03089919
194171,0.031007793
194177,0.04484769
194187,0.06064423
194188,0.014857611
194213,0.0789724
194229,0.21231362
194230,0.08889347
194241,0.0023736209
194243,0.069505624
194244,0.0301198
194276,0.013281571
194279,0.020617561
194280,0.022383576
194281,0.10941531
194291,0.02862334
194293,0.1565938
194306,0.012546267
194307,0.042364713
194308,0.012800054
194310,0.17195964
194314,0.05184974
194326,0.24557698
194330,0.1024783
194338,0.02481494
194366,0.11554386
194370,0.019769702
194371,0.03309991
194379,0.010279459
194382,0.079486825
194383,0.1817077
194395,0.23184673
194402,0.04228437
194406,0.015295262
194408,0.39883462
194413,0.087460995
194414,0.04857401
194419,0.08021136
194423,0.10338464
194424,0.06761308
194429,0.087618046
194436,0.057188764
194468,0.023777269
194469,0.015025274
194478,0.045790534
194480,0.14082585
194484,0.040338755
194505,0.12276895
194514,0.027535263
194516,0.014453075
194523,0.21944095
194526,0.017879374
194533,0.011460291
194534,0.031572364
194536,0.049921375
194548,0.05612502
194552,0.41267902
194558,0.055019427
194561,0.09670846
194563,0.029004201
194569,0.1540006
194581,0.31893536
194586,0.025566634
194590,0.03166718
194598,0.029114138
194600,0.03270485
194603,0.04429746
194604,0.011434314
194605,0.07685453
194607,0.26701355
194610,0.10717981
194620,0.019715708
194627,0.1274304
194650,0.16987558
194652,0.02087878
194659,0.013963987
194660,0.13055244
194662,0.018902613
194665,0.047186922
194675,0.10619726
194677,0.060875803
194679,0.010859859
194691,0.24800722
194696,0.03520418
194713,0.12124469
194716,0.024930492
194717,0.032714844
194725,0.064885385
194732,0.012304054
194737,0.15896375
194738,0.11085534
194769,0.052837342
194791,0.018518038
194802,0.11491955
194806,0.0961314
194810,0.006205296
194812,0.053609163
194813,0.07834729
194816,0.012248098
194827,0.029360393
194844,0.010017348
194856,0.03349635
194860,0.033782743
194866,0.03546508
194867,0.044436846
194877,0.123446725
194879,0.20171534
194880,0.0146411145
194881,0.013606064
194887,0.015638208
194900,0.024806343
194906,0.05689031
194907,0.06523642
194908,0.13506101
194914,0.050098564
194934,0.18883598
194955,0.119948514
194956,0.06677919
194965,0.026164498
194966,0.11356903
194980,0.06737175
194985,0.08027149
194986,0.05612723
194995,0.048509154
194999,0.023000183
195000,0.08262928
195010,0.072130986
195013,0.16545282
195044,0.03236684
195048,0.03507494
195050,0.64520997
195051,0.09755951
195055,0.098546155
195070,0.02882917
195074,0.37947193
195075,0.1321491
195077,0.24081783
195081,0.03249501
195088,0.025331283
195089,0.004640513
195091,0.014417243
195096,0.2691272
195100,0.13224776
195103,0.08613128
195116,0.012155584
195117,0.050102856
195129,0.0890489
195151,0.004345946
195158,0.11486632
195164,0.05261355
195176,0.17900918
195186,0.100383
195187,0.2656412
195198,0.039850634
195201,0.019668248
195207,0.0342434
195214,0.1664353
195215,0.046785932
195234,0.052702703
195235,0.01869422
195239,0.026116872
195240,0.06275952
195253,0.061008718
195255,0.012175244
195280,0.020869775
195291,0.0099825
195293,0.049730323
195300,0.03263638
195306,0.026915489
195307,0.13476615
195322,0.074617125
195326,0.22157358
195330,0.0077420888
195341,0.086481735
195343,0.028996715
195367,0.026924636
195369,0.038853142
195371,0.017992672
195372,0.0166849
195389,0.12536108
195415,0.01576415
195435,0.08252529
195439,0.05194008
195440,0.053562056
195444,0.011233099
195447,0.026686242
195450,0.01877828
195451,0.041684233
195456,0.089639574
195457,0.054294568
195461,0.057240617
195462,0.1992781
195463,0.010872918
195466,0.09309315
195468,0.009237598
195469,0.14104375
195489,0.011309648
195495,0.08165855
195496,0.10122471
195504,0.12134898
195505,0.0706798
195506,0.06219855
195511,0.04937276
195518,0.017594563
195519,0.097842626
195529,0.013467326
195531,0.041934777
195546,0.03880497
195547,0.018820196
195552,0.04459778
195577,0.068847425
195579,0.043089766
195588,0.027408635
195597,0.06297759
195607,0.005800876
195617,0.05026542
195626,0.07311774
195632,0.31338
195634,0.19832774
195635,0.026434537
195645,0.04124704
195648,0.041849617
195674,0.29757956
195691,0.012473678
195695,0.27771017
195703,0.17279948
195710,0.106673
195711,0.029583406
195727,0.09364123
195729,0.022634437
195734,0.09785422
195739,0.1149635
195740,0.018202867
195746,0.31370282
195750,0.27582353
195769,0.13726076
195772,0.18085706
195785,0.008445064
195789,0.08790788
195793,0.07262606
195801,0.04832721
195803,0.041088905
195810,0.20304494
195818,0.045856748
195819,0.5576542
195823,0.1272523
195828,0.107137084
195836,0.051104784
195843,0.05271209
195858,0.04590148
195876,0.078160085
195890,0.113409765
195891,0.033145923
195900,0.03995734
195905,0.08690058
195910,0.11634433
195911,0.17385918
195912,0.022077477
195917,0.18961084
195918,0.21718007
195923,0.43072638
195937,0.07046788
195940,0.46280953
195945,0.01337345
195946,0.017842002
195948,0.061772253
195955,0.03489301
195957,0.14203356
195958,0.008802077
195959,0.21786274
195970,0.018656975
195974,0.007689212
195979,0.15815623
195990,0.19158573
196004,0.039210632
196007,0.17833026
196012,0.17153992
196019,0.058639426
196029,0.21467733
196034,0.08894597
196042,0.03705042
196066,0.26989758
196067,0.086362675
196071,0.020958418
196074,0.19829844
196075,0.022166878
196079,0.011313637
196080,0.47676525
196082,0.025362978
196083,0.018758064
196085,0.28603882
196115,0.081609115
196118,0.11501453
196128,0.023403248
196149,0.059449285
196150,0.030480245
196162,0.0994498
196194,0.19549252
196198,0.023755787
196204,0.022364704
196206,0.069343336
196210,0.14151472
196220,0.118397035
196221,0.02300056
196230,0.0068402616
196236,0.057045847
196242,0.1258433
196256,0.30526233
196261,0.28575343
196274,0.03867029
196281,0.032791313
196303,0.0064433175
196305,0.15501049
196322,0.017607186
196343,0.0052148416
196346,0.08370494
196354,0.017208809
196357,0.048999634
196359,0.004872839
196360,0.19520307
196361,0.033095956
196364,0.41421464
196371,0.009793851
196375,0.043822873
196377,0.02766859
196378,0.028686449
196381,0.025551325
196384,0.020217951
196385,0.16534597
196388,0.27313238
196394,0.23059422
196400,0.23409967
196401,0.09566509
196404,0.109580465
196411,0.09992762
196436,0.0798765
196443,0.037403192
196444,0.14352095
196446,0.09764584
196475,0.16370027
196476,0.14889209
196486,0.012001118
196489,0.074885815
196492,0.09019994
196498,0.17813055
196500,0.009201242
196505,0.15242067
196507,0.035177562
196510,0.07330351
196514,0.037070002
196530,0.024782559
196544,0.0028810385
196551,0.034568556
196578,0.034491155
196585,0.13859846
196587,0.034279626
196588,0.07379341
196594,0.11719433
196598,0.05376147
196605,0.015370824
196618,0.04740308
196619,0.061618105
196623,0.07967294
196624,0.025978886
196643,0.038261883
196649,0.04132042
196650,0.008132913
196656,0.005727707
196663,0.33329478
196667,0.099742755
196669,0.16430053
196681,0.20302868
196717,0.026907759
196726,0.20077454
196728,0.009234129
196729,0.0384337
196731,0.052448947
196736,0.030744692
196738,0.032535374
196745,0.04677041
196747,0.03457888
196748,0.03262908
196753,0.025546376
196757,0.031300206
196760,0.08446233
196777,0.30711204
196788,0.06977949
196799,0.048860416
196808,0.019915354
196819,0.038888976
196825,0.019337023
196826,0.102882914
196834,0.026720304
196841,0.13011424
196847,0.103418306
196849,0.042893797
196851,0.0704003
196867,0.016647467
196884,0.011996393
196889,0.12103086
196898,0.030677885
196901,0.006810401
196917,0.07738604
196930,0.048975233
196936,0.08385006
196956,0.00487199
196959,0.012742716
196962,0.037555825
196963,0.06541636
196971,0.13567491
196972,0.12170365
196977,0.03457509
196984,0.01766777
196985,0.46525308
197010,0.12845552
197029,0.20271967
197040,0.06410639
197058,0.14238408
197060,0.029402073
197064,0.17193896
197075,0.043174915
197083,0.29973608
197102,0.2463875
197103,0.20425954
197107,0.116974756
197129,0.057147235
197135,0.029825203
197140,0.018456632
197150,0.04531528
197152,0.050173003
197153,0.054476324
197154,0.034745995
197156,0.25093684
197166,0.023160001
197167,0.053487435
197177,0.068833925
197178,0.03693417
197187,0.0649558
197191,0.024409119
197205,0.22090225
197206,0.1953959
197219,0.11005698
197224,0.014817198
197245,0.10083114
197246,0.045497596
197273,0.09826305
197275,0.022314344
197278,0.08286581
197288,0.058825076
197290,0.06489754
197294,0.083694056
197295,0.022259612
197311,0.04156759
197314,0.23816307
197320,0.09127107
197321,0.22756845
197324,0.17492384
197327,0.02950386
197332,0.021288112
197333,0.18125625
197335,0.029392127
197348,0.013507334
197362,0.17090908
197363,0.13307373
197368,0.013787712
197378,0.07508805
197381,0.16878632
197384,0.020331955
197386,0.04740396
197393,0.07527441
197396,0.043298185
197400,0.010709595
197408,0.023904268
197412,0.047497336
197413,0.1833414
197415,0.024500165
197418,0.21486661
197427,0.012852291
197443,0.09645381
197448,0.11669191
197449,0.03262272
197470,0.10506682
197478,0.11763262
197482,0.1859711
197488,0.021395633
197491,0.081245445
197495,0.054533605
197498,0.12132356
197502,0.19307402
197507,0.14811864
197509,0.14907242
197510,0.14103271
197512,0.045310155
197513,0.016859371
197524,0.07680258
197525,0.21757466
197529,0.34975225
197533,0.013644264
197534,0.20021091
197540,0.17318514
197541,0.034090478
197559,0.00897323
197566,0.04152679
197582,0.010462518
197585,0.04337494
197587,0.14031626
197595,0.029232064
197598,0.024862736
197601,0.055453353
197603,0.059147228
197607,0.048983786
197611,0.16705836
197625,0.19882423
197631,0.026820816
197633,0.0302023
197638,0.07197199
197640,0.09228963
197644,0.010611171
197645,0.010465534
197646,0.054357428
197650,0.04358208
197657,0.08581467
197664,0.049078673
197668,0.047065407
197681,0.0399924
197682,0.08484195
197693,0.049296666
197695,0.069857925
197699,0.14022034
197709,0.032783918
197711,0.08641747
197715,0.01654035
197716,0.2656367
197722,0.16809742
197728,0.091084525
197729,0.06860694
197730,0.135949
197744,0.025144566
197768,0.032154966
197770,0.019970635
197775,0.35097328
197788,0.01730534
197795,0.026447898
197806,0.18396284
197808,0.10181635
197812,0.09694104
197813,0.008145505
197822,0.005202962
197827,0.027533641
197828,0.038400523
197836,0.1305406
197857,0.04403897
197862,0.25983572
197872,0.037389565
197892,0.024154147
197903,0.049472697
197907,0.0958217
197908,0.0306793
197916,0.039494473
197921,0.023503443
197924,0.027614115
197930,0.06869725
197934,0.23780258
197942,0.04504422
197945,0.25969902
197958,0.02240223
197959,0.020015733
197967,0.068774186
197969,0.22818537
197978,0.18096884
197999,0.020669285
198001,0.15343237
198004,0.015144044
198007,0.02775471
198019,0.039878815
198020,0.066820115
198024,0.04257183
198026,0.15012155
198038,0.06718015
198044,0.045601442
198050,0.2291502
198054,0.1674046
198055,0.07772099
198082,0.04487057
198094,0.01893191
198095,0.029142816
198099,0.0960197
198101,0.068880506
198102,0.037584405
198114,0.17683129
198125,0.093095504
198127,0.036715563
198128,0.026123008
198137,0.012665613
198141,0.018665327
198142,0.049503222
198155,0.11408689
198179,0.06050149
198181,0.07573524
198184,0.07011941
198185,0.031589273
198186,0.0835141
198187,0.063199334
198193,0.020712044
198197,0.033628047
198209,0.016756987
198221,0.03703175
198225,0.060270116
198229,0.2446839
198237,0.13575955
198239,0.3271141
198247,0.101081304
198253,0.083685346
198272,0.009077901
198279,0.015323793
198282,0.024082668
198284,0.011436249
198285,0.02648319
198287,0.05903193
198294,0.07867137
198309,0.018046461
198312,0.18714643
198315,0.023230636
198323,0.06445327
198331,0.011847515
198333,0.16780034
198359,0.027637638
198370,0.024676474
198378,0.039450057
198379,0.10771957
198381,0.010716119
198383,0.026204282
198384,0.04365959
198385,0.02438976
198420,0.06256176
198421,0.13293935
198425,0.088029325
198427,0.12252381
198429,0.015252238
198437,0.025503693
198445,0.019192813
198452,0.019756466
198454,0.009526039
198487,0.025066104
198523,0.12759843
198528,0.09291492
198530,0.33976844
198539,0.019239964
198540,0.030311033
198547,0.034600977
198566,0.03265834
198568,0.010796778
198569,0.06947488
198595,0.0100536505
198600,0.05399985
198614,0.029037658
198617,0.024211
198619,0.40006754
198627,0.051014107
198640,0.008962449
198655,0.09162521
198664,0.09537815
198665,0.009019802
198666,0.26310802
198670,0.051534444
198673,0.21254964
198680,0.044884786
198689,0.033098422
198690,0.110751554
198702,0.02049346
198703,0.018035179
198704,0.23503669
198714,0.17342117
198715,0.24548358
198717,0.026379475
198718,0.037496917
198720,0.28884044
198721,0.012094698
198730,0.035393022
198739,0.047478497
198754,0.024509802
198761,0.028929522
198772,0.02559403
198774,0.030465307
198775,0.10925687
198779,0.060629524
198783,0.01805604
198790,0.13414052
198794,0.12852147
198798,0.20776805
198799,0.057743963
198802,0.11202905
198806,0.04715624
198847,0.0496588
198854,0.17241323
198858,0.05550048
198859,0.15419576
198865,0.071249254
198872,0.037952133
198874,0.029975886
198878,0.05343007
198883,0.06661448
198884,0.10466965
198891,0.055784006
198899,0.058208704
198907,0.061348647
198916,0.086027
198917,0.24597657
198934,0.016635193
198937,0.011053323
198938,0.027724216
198941,0.13512263
198957,0.047246903
198966,0.023128819
198984,0.030138232
198997,0.0025529698
199001,0.16250396
199003,0.11345783
199009,0.06123322
199011,0.011631437
199013,0.027866425
199015,0.012544419
199024,0.066713795
199026,0.032940358
199027,0.2616922
199029,0.070968404
199030,0.052286394
199041,0.018066332
199048,0.088736564
199057,0.05559439
199058,0.018341843
199062,0.016563037
199067,0.025852373
199070,0.045902565
199075,0.009369774
199076,0.015052142
199092,0.14222513
199096,0.020071441
199104,0.19333637
199114,0.050164558
199115,0.007321482
199117,0.113209985
199126,0.12990105
199131,0.07775211
199141,0.026740229
199145,0.03499321
199150,0.15745817
199151,0.028079825
199153,0.0133112185
199166,0.020713037
199167,0.03236947
199177,0.2833313
199182,0.014552385
199183,0.19696735
199185,0.0055279643
199212,0.017456857
199213,0.14093792
199222,0.21126084
199229,0.027130634
199230,0.0097969305
199242,0.25369996
199243,0.009484907
199246,0.11544672
199247,0.11809823
199249,0.033959623
199262,0.09890669
199263,0.050647657
199275,0.01687949
199276,0.066419214
199287,0.0598458
199298,0.016648233
199304,0.09076186
199307,0.017097797
199311,0.070104115
199316,0.0073117227
199320,0.24853149
199321,0.109763935
199325,0.036896303
199326,0.23986512
199327,0.09061936
199334,0.012707486
199344,0.33677736
199345,0.04199268
199352,0.077186584
199364,0.17728673
199378,0.06645896
199379,0.044748973
199387,0.02268491
199405,0.09420451
199418,0.1144481
199424,0.11960919
199425,0.019182626
199432,0.032530136
199433,0.09524401
199442,0.22903714
199446,0.01807366
199457,0.0639678
199458,0.023575896
199477,0.047713842
199522,0.055540707
199525,0.17423102
199533,0.1538118
199536,0.06374292
199537,0.013381834
199550,0.10697253
199560,0.03796783
199564,0.26793042
199575,0.12195603
199580,0.014194588
199586,0.02639368
199597,0.039023776
199598,0.06910306
199604,0.03322568
199608,0.16291817
199609,0.1241589
199616,0.0130540645
199625,0.1230486
199648,0.19176054
199650,0.014480643
199655,0.007530933
199663,0.018492542
199670,0.011236129
199673,0.043569203
199685,0.076086394
199696,0.05446083
199703,0.065207824
199704,0.060670584
199706,0.033343248
199727,0.023418587
199740,0.075711176
199746,0.089409634
199764,0.06292101
199766,0.15655832
199785,0.019771237
199786,0.0385207
199795,0.07413265
199797,0.067498595
199803,0.3441545
199804,0.1159497
199810,0.069253676
199815,0.04851259
199822,0.04809283
199824,0.032245815
199828,0.06415812
199833,0.099386014
199840,0.08321648
199844,0.070153505
199846,0.07304441
199858,0.11981265
199862,0.08464032
199865,0.09555488
199866,0.06607961
199869,0.070194654
199870,0.039858244
199871,0.03913683
199878,0.023093889
199889,0.07170476
199891,0.048344567
199898,0.017849967
199903,0.011456429
199904,0.02219433
199924,0.12042106
199950,0.022085002
199954,0.06463987
199956,0.024133392
199962,0.09240638
199965,0.25309494
199971,0.01408829
199972,0.059102166
199988,0.41762584
199995,0.16948022
199997,0.038085494
199998,0.015960447
199999,0.027636683
200011,0.08793662
200012,0.006331409
200016,0.011686944
200019,0.0038142242
200030,0.047487985
200031,0.0968517
200032,0.039734483
200038,0.09535596
200043,0.047893558
200044,0.050431423
200045,0.1652543
200053,0.17174126
200057,0.02352252
200061,0.013346091
200064,0.103784345
200071,0.19709761
200084,0.1326724
200085,0.011916015
200086,0.081458226
200093,0.08454693
200095,0.077709675
200105,0.024451777
200111,0.031080326
200116,0.2263724
200125,0.3354727
200126,0.043889817
200157,0.060292263
200173,0.11725389
200181,0.040951725
200185,0.06555023
200187,0.017753895
200193,0.039808553
200200,0.12881775
200202,0.024186173
200206,0.11239829
200207,0.025333231
200216,0.00946763
200229,0.07239212
200234,0.005519302
200241,0.021344675
200244,0.018134817
200258,0.046407055
200262,0.07301804
200268,0.21071665
200277,0.047027342
200286,0.008047244
200293,0.119158775
200299,0.25549686
200306,0.025828201
200335,0.027516225
200358,0.09065955
200366,0.007953619
200367,0.027769385
200370,0.024243657
200373,0.27005106
200374,0.026392985
200383,0.068853505
200387,0.05319845
200390,0.24824272
200391,0.058582243
200421,0.15439239
200437,0.062162377
200442,0.021144813
200447,0.013622405
200460,0.0346701
200463,0.15662853
200467,0.13736928
200487,0.03587042
200488,0.07459012
200490,0.06378351
200493,0.10853249
200494,0.03286775
200501,0.121840596
200506,0.08001341
200516,0.023304043
200518,0.053833783
200520,0.109843865
200523,0.14532049
200524,0.06718112
200525,0.051119283
200534,0.10578234
200538,0.08600209
200552,0.029506309
200556,0.028566465
200557,0.2629353
200567,0.018063085
200568,0.027162137
200570,0.024372883
200572,0.07242987
200576,0.022321919
200585,0.098544374
200587,0.09828194
200588,0.09973055
200593,0.10248686
200594,0.045449805
200595,0.14911793
200603,0.38447812
200615,0.06281807
200624,0.18785498
200631,0.2799658
200632,0.011248204
200636,0.019102667
200638,0.029275643
200641,0.032065324
200650,0.06597466
200653,0.024696633
200657,0.10816749
200668,0.047159262
200669,0.03838893
200670,0.0155520765
200676,0.0790624
200697,0.012978459
200710,0.1212037
200720,0.042315636
200729,0.006115418
200749,0.06382679
200753,0.22411753
200755,0.07637355
200756,0.076276414
200757,0.1525085
200768,0.05000554
200776,0.0142273735
200799,0.12394565
200801,0.015647857
200810,0.17287426
200823,0.051970653
200832,0.26755667
200836,0.047868542
200838,0.008784202
200864,0.25207934
200867,0.043507893
200869,0.027340408
200873,0.07151403
200876,0.055824563
200881,0.021196423
200883,0.009603055
200890,0.094643004
200895,0.037448898
200897,0.025677498
200899,0.02482334
200900,0.050026033
200907,0.04630802
200912,0.027554525
200926,0.06617263
200930,0.24444912
200971,0.007096355
200974,0.015876496
200979,0.03671161
200998,0.22709338
201008,0.16733254
201018,0.111410595
201026,0.016628206
201043,0.0356534
201049,0.01819395
201050,0.07018819
201061,0.14109546
201062,0.026607016
201072,0.018693672
201076,0.10358103
201077,0.04414231
201081,0.10596218
201084,0.11658057
201089,0.07284515
201092,0.008470789
201109,0.06498203
201110,0.093727976
201116,0.0142546445
201122,0.116526015
201135,0.20926824
201143,0.010562766
201153,0.010980546
201159,0.10387151
201165,0.024522802
201187,0.1461307
201197,0.03721434
201218,0.097974844
201219,0.08106861
201231,0.01816509
201234,0.016233645
201243,0.01275565
201246,0.055261128
201254,0.10056441
201256,0.02527541
201262,0.41892216
201263,0.12117044
201272,0.22334263
201273,0.011512034
201281,0.045530315
201290,0.023602387
201294,0.034045365
201296,0.0035706735
201320,0.011176002
201332,0.04379543
201342,0.08936693
201343,0.030075429
201347,0.065482244
201350,0.022768619
201351,0.16907178
201362,0.29491705
201363,0.08383822
201368,0.21276066
201373,0.047010582
201375,0.027771363
201378,0.05738405
201386,0.054430034
201387,0.008998819
201390,0.3481924
201393,0.079980366
201409,0.02673977
201442,0.07558581
201444,0.09703203
201447,0.18463098
201451,0.019378839
201474,0.15965815
201481,0.060934585
201491,0.012647068
201498,0.037427675
201499,0.11347515
201501,0.1071661
201502,0.03556073
201516,0.024469282
201517,0.02107723
201524,0.047757085
201526,0.45120344
201528,0.016415577
201532,0.042369347
201543,0.27267727
201544,0.036789417
201546,0.09306307
201552,0.06798104
201554,0.075866826
201556,0.058007304
201557,0.031050473
201559,0.10108191
201575,0.027321901
201592,0.1712013
201593,0.16156054
201600,0.059325226
201630,0.056945253
201631,0.102690056
201635,0.013277454
201638,0.057215855
201642,0.025826005
201645,0.00785129
201660,0.018240994
201663,0.07806801
201665,0.01853054
201674,0.034316126
201675,0.0077915033
201677,0.17413093
201688,0.17129551
201698,0.11122194
201706,0.034778427
201709,0.012790454
201710,0.075570635
201718,0.046110217
201720,0.14907293
201727,0.093612984
201730,0.025663309
201732,0.054595623
201733,0.060772378
201736,0.050264645
201738,0.0441543
201744,0.19573607
201747,0.100056805
201751,0.13918006
201766,0.17841433
201777,0.014868769
201778,0.05628453
201785,0.2041134
201804,0.07189088
201808,0.22274029
201813,0.13462165
201815,0.018332599
201820,0.029651303
201825,0.031801496
201830,0.020922268
201838,0.007781715
201839,0.32316917
201845,0.06238534
201849,0.0070239007
201850,0.033169255
201853,0.020334905
201856,0.046686083
201873,0.075269714
201875,0.018495165
201906,0.036626656
201907,0.07898187
201908,0.044542033
201909,0.06202504
201911,0.21629195
201927,0.048672456
201928,0.04305003
201937,0.0445564
201943,0.044045094
201946,0.0313332
201948,0.015580963
201949,0.15659684
201955,0.012329258
201962,0.070667416
201977,0.016429048
201996,0.019463448
201997,0.16837671
202004,0.061010983
202005,0.02188172
202006,0.08413986
202010,0.016634077
202020,0.06719449
202029,0.43621218
202033,0.047338597
202034,0.049512513
202040,0.121355474
202045,0.014723426
202048,0.0128741
202055,0.026737168
202058,0.048255034
202062,0.046166647
202073,0.10269109
202078,0.028795252
202079,0.14647947
202080,0.11159815
202085,0.14291906
202090,0.046634108
202092,0.11869784
202114,0.03623435
202124,0.020860374
202133,0.05772561
202136,0.07135514
202150,0.0081204055
202156,0.009841521
202159,0.03292027
202165,0.03278478
202167,0.13172892
202168,0.041098516
202169,0.096613005
202170,0.04456786
202204,0.026127873
202209,0.008736699
202216,0.10109005
202220,0.09829777
202228,0.02425604
202229,0.017523155
202231,0.079490274
202232,0.012020979
202234,0.17168123
202252,0.15130518
202253,0.083191745
202272,0.03405044
202273,0.021934632
202292,0.017332876
202300,0.030938502
202302,0.03714643
202311,0.007824387
202316,0.035939153
202318,0.06777163
202324,0.0998766
202343,0.042939626
202344,0.084133305
202349,0.015852293
202351,0.09173907
202355,0.012657857
202379,0.113285854
202407,0.0073510995
202409,0.06336643
202410,0.025953263
202422,0.051109117
202423,0.13534524
202435,0.07172765
202437,0.2628479
202438,0.12500338
202439,0.19081052
202441,0.07819417
202444,0.01170799
202446,0.114378884
202450,0.060393196
202455,0.05285841
202457,0.015486467
202461,0.14399952
202463,0.12885682
202473,0.013455135
202478,0.03844908
202484,0.32351014
202490,0.025435941
202491,0.019932719
202492,0.15350197
202497,0.1736574
202508,0.08211335
202509,0.055776477
202510,0.030627355
202511,0.06943642
202514,0.00688649
202524,0.02809904
202527,0.06014749
202547,0.04923768
202554,0.013534358
202557,0.088703275
202568,0.1432183
202573,0.03254416
202587,0.021459658
202599,0.018259738
202610,0.07303262
202613,0.05254683
202618,0.24075978
202621,0.022600096
202645,0.047526836
202646,0.02056298
202649,0.08004035
202653,0.03638954
202655,0.053624716
202656,0.030930307
202659,0.14195646
202661,0.05894745
202681,0.07042699
202688,0.083260074
202691,0.004664213
202692,0.008676326
202697,0.41083857
202698,0.09770455
202717,0.04209871
202720,0.11854789
202724,0.048331585
202725,0.045893807
202734,0.12300882
202740,0.017235313
202743,0.026961312
202746,0.015304945
202760,0.04517017
202761,0.02366585
202765,0.044146273
202769,0.12899984
202785,0.03223891
202793,0.074682556
202796,0.047923453
202805,0.004091509
202816,0.050497994
202823,0.17398173
202825,0.039297007
202829,0.0075864946
202830,0.15332745
202848,0.1487531
202861,0.09551873
202862,0.16198331
202863,0.0252631
202879,0.11363164
202889,0.012747186
202894,0.30032364
202895,0.032008298
202897,0.01681814
202899,0.019372724
202900,0.08406484
202907,0.046939306
202927,0.12935697
202945,0.06371851
202951,0.04613842
202955,0.02761095
202960,0.02323496
202967,0.08173396
202972,0.034464963
202982,0.13156512
202993,0.01479775
202996,0.019792726
202998,0.011068328
203008,0.028599154
203026,0.12874047
203038,0.14033778
203044,0.06315659
203054,0.023363953
203070,0.3005358
203075,0.043207318
203082,0.03196517
203089,0.031652752
203090,0.01577971
203098,0.17112823
203108,0.061631396
203109,0.03290273
203113,0.08614853
203123,0.021767922
203124,0.007727344
203128,0.037845716
203129,0.25040296
203131,0.23573025
203142,0.06989099
203154,0.061837148
203175,0.15217939
203176,0.084488876
203183,0.05123576
203185,0.017077183
203195,0.06216599
203201,0.09984826
203205,0.08299537
203218,0.044592407
203241,0.032436743
203244,0.11749054
203245,0.042250466
203253,0.41191024
203259,0.040518366
203264,0.41195795
203276,0.044555362
203283,0.058046814
203286,0.0055278097
203288,0.050541554
203290,0.057983313
203298,0.122843206
203300,0.026491132
203312,0.052537017
203318,0.03475055
203331,0.12611581
203337,0.0063840277
203339,0.034242023
203344,0.005674531
203348,0.101145335
203349,0.010698944
203350,0.02418901
203358,0.20151584
203366,0.051325317
203371,0.043922223
203377,0.11935172
203399,0.033869475
203402,0.040086184
203407,0.20480172
203410,0.032923173
203421,0.12691924
203428,0.03719544
203431,0.15814364
203433,0.09441596
203459,0.0281699
203460,0.18292114
203462,0.099404074
203470,0.025350578
203475,0.34284848
203476,0.027124936
203496,0.19893537
203518,0.013580088
203547,0.04977717
203549,0.023259992
203550,0.018102357
203552,0.0077491067
203561,0.03673947
203564,0.1742577
203567,0.041370373
203575,0.09804257
203590,0.038480196
203591,0.018412465
203605,0.10557966
203606,0.040567484
203640,0.082501754
203643,0.49335906
203647,0.089018695
203648,0.039871812
203669,0.016194772
203671,0.010421456
203692,0.044282615
203695,0.069908485
203706,0.019618684
203713,0.05774025
203730,0.02610195
203736,0.02390241
203745,0.16516295
203751,0.09326315
203753,0.031258058
203755,0.017468074
203762,0.124737576
203769,0.021216188
203774,0.023508165
203796,0.023871029
203799,0.02510134
203806,0.024764298
203807,0.06816227
203810,0.024431875
203816,0.07076774
203821,0.45279416
203822,0.036550075
203850,0.12805593
203854,0.012492687
203862,0.068433635
203868,0.03383466
203869,0.03180208
203870,0.024317402
203876,0.026579194
203878,0.057748545
203889,0.040169172
203897,0.012093963
203905,0.17262658
203914,0.08494638
203915,0.073097005
203950,0.032428604
203956,0.041028697
203957,0.033326566
203973,0.08780864
203975,0.008107006
203980,0.047747016
203997,0.066271886
204001,0.078055084
204008,0.08566497
204017,0.14355125
204020,0.0860413
204021,0.039544474
204026,0.055875413
204027,0.014646118
204043,0.009814585
204047,0.036680795
204055,0.030249383
204059,0.031093476
204060,0.14954399
204061,0.009479528
204073,0.058457993
204076,0.09051327
204086,0.08436664
204088,0.04928118
204102,0.108859606
204116,0.04073962
204117,0.050299667
204121,0.1148373
204129,0.01734082
204139,0.19466065
204148,0.013511655
204149,0.0633826
204175,0.023760686
204181,0.1419957
204183,0.03819107
204187,0.062195186
204193,0.13322382
204194,0.043546904
204195,0.017310401
204196,0.12674569
204202,0.0856768
204206,0.009536114
204207,0.13931085
204214,0.021573529
204222,0.05501654
204226,0.012565221
204227,0.09810368
204228,0.045938853
204231,0.054304972
204232,0.261519
204235,0.13917607
204237,0.0040227803
204239,0.022290725
204242,0.020882437
204254,0.022745717
204255,0.062423695
204259,0.013828763
204268,0.018082099
204280,0.0062937806
204282,0.18011297
204307,0.0072910893
204314,0.102083094
204318,0.0650029
204321,0.06650022
204330,0.0368322
204335,0.088036984
204339,0.23886858
204344,0.01748626
204350,0.18070155
204371,0.015543831
204372,0.043438636
204374,0.050422344
204383,0.07134885
204392,0.15630312
204403,0.0053612487
204409,0.011052932
204416,0.026382446
204417,0.03737927
204437,0.16258761
204440,0.00921128
204445,0.012469103
204446,0.07648309
204449,0.21639961
204468,0.04769997
204504,0.10203275
204506,0.008213997
204536,0.037369166
204539,0.08655673
204601,0.026472876
204614,0.04500385
204616,0.15314406
204618,0.06827844
204623,0.0057067974
204630,0.09709238
204636,0.020813482
204639,0.0064439434
204642,0.07401717
204644,0.019768585
204648,0.024772221
204662,0.020739095
204673,0.020387074
204674,0.18247889
204681,0.0057235644
204682,0.04181447
204683,0.12870754
204689,0.13463457
204690,0.1059993
204707,0.0785648
204728,0.1400227
204736,0.13055849
204740,0.039730445
204749,0.084088676
204756,0.03286787
204771,0.015459235
204778,0.027613519
204808,0.020327413
204822,0.19692075
204827,0.12963317
204831,0.09664664
204836,0.031036409
204837,0.0069334125
204843,0.0783736
204846,0.01197352
204847,0.012595009
204850,0.048674077
204852,0.01785862
204854,0.036999475
204856,0.16608496
204857,0.18526462
204863,0.114384465
204870,0.00999662
204885,0.091032766
204895,0.051983632
204905,0.06808473
204911,0.07793209
204927,0.04022941
204929,0.05606623
204941,0.034625962
204959,0.059547313
204962,0.17745328
204965,0.29840088
204970,0.13586992
204971,0.025264893
204972,0.21693215
205000,0.09413178
205011,0.0233022
205013,0.015347742
205014,0.29261234
205019,0.022365794
205043,0.053205755
205045,0.16470797
205054,0.01486617
205066,0.027101899
205069,0.19004092
205070,0.029930092
205071,0.13703018
205073,0.13423929
205077,0.063767485
205078,0.022904424
205088,0.015218107
205104,0.09791016
205107,0.02538698
205117,0.044940483
205118,0.009795658
205128,0.123815455
205134,0.013096823
205140,0.013704636
205141,0.25682053
205142,0.0064609367
205153,0.4229696
205158,0.01848365
205169,0.014895529
205170,0.068147965
205183,0.014951348
205184,0.046045654
205197,0.01350196
205199,0.032138057
205204,0.012102762
205208,0.020410547
205209,0.024413584
205210,0.09499753
205216,0.07554843
205219,0.20651427
205222,0.060259774
205225,0.013950823
205235,0.061104104
205236,0.04928224
205241,0.0069405767
205244,0.046696737
205251,0.09162915
205252,0.12406238
205258,0.03082269
205262,0.050407577
205264,0.008129014
205274,0.25297096
205277,0.09568643
205281,0.02481442
205306,0.029440893
205307,0.1244573
205323,0.050145216
205336,0.3605275
205337,0.31682205
205360,0.12292633
205363,0.04081574
205365,0.038895253
205367,0.23708338
205368,0.014156984
205375,0.021171749
205403,0.06933945
205411,0.028312225
205415,0.046302207
205429,0.06174238
205434,0.09736399
205445,0.026987316
205463,0.026228495
205471,0.04670157
205472,0.1396469
205479,0.09273601
205480,0.049077187
205493,0.19099729
205503,0.12653357
205508,0.042221263
205524,0.092074506
205525,0.037484087
205526,0.018797122
205533,0.03199194
205542,0.011043304
205545,0.06816324
205552,0.030413285
205561,0.07482576
205563,0.020191299
205564,0.11666014
205565,0.023620779
205566,0.018565787
205569,0.072523676
205579,0.043064784
205585,0.14475174
205587,0.008861018
205588,0.018202176
205591,0.035520032
205594,0.27750197
205600,0.042014487
205608,0.024594251
205613,0.01932293
205618,0.104097664
205619,0.003869005
205623,0.0063349376
205627,0.24820408
205628,0.13942477
205635,0.016813308
205638,0.021429159
205640,0.15989003
205641,0.19248977
205642,0.4091167
205643,0.016934445
205646,0.045016393
205655,0.12587722
205672,0.023461938
205678,0.042960092
205681,0.013721307
205682,0.021023868
205690,0.008531431
205693,0.018187096
205695,0.044354897
205724,0.014171919
205738,0.02786527
205741,0.040874366
205744,0.03776007
205750,0.023380067
205751,0.15566386
205752,0.008749688
205766,0.04085956
205773,0.1041468
205775,0.038680173
205776,0.016348952
205789,0.12062017
205793,0.08047164
205797,0.012045207
205798,0.014734989
205802,0.0053499965
205806,0.04446798
205807,0.041462213
205815,0.040437378
205819,0.02615138
205821,0.016308436
205822,0.14681074
205831,0.039566666
205832,0.060275044
205836,0.04854713
205843,0.21024704
205862,0.033167824
205863,0.037038747
205866,0.13212344
205873,0.046798162
205877,0.059609693
205879,0.046233308
205880,0.009976932
205886,0.15589142
205898,0.09354423
205903,0.03760264
205907,0.02941822
205908,0.071814924
205909,0.020233864
205930,0.010779781
205931,0.022680227
205932,0.034310557
205951,0.018266402
205957,0.47942272
205960,0.042482354
205987,0.06209918
205994,0.36359882
205995,0.039166592
206006,0.023615517
206007,0.02388727
206013,0.01449789
206020,0.008638509
206030,0.01288235
206035,0.009951032
206038,0.005872753
206039,0.08999674
206061,0.024212869
206066,0.10933825
206068,0.20916843
206071,0.08447538
206076,0.03276838
206077,0.039976776
206091,0.026494224
206097,0.08399155
206101,0.10755688
206145,0.06331923
206147,0.018013395
206163,0.03165302
206171,0.024024963
206173,0.20090033
206174,0.23794353
206197,0.026599152
206198,0.03960703
206209,0.059444763
206211,0.06351784
206213,0.018232282
206246,0.34486097
206252,0.052986797
206253,0.21133411
206254,0.038250454
206257,0.066556595
206270,0.041779224
206283,0.010130866
206290,0.03236211
206291,0.0331022
206292,0.23443061
206307,0.046712726
206315,0.035825156
206319,0.14830698
206324,0.08281764
206326,0.1601454
206338,0.076556616
206339,0.0124589205
206354,0.033992253
206359,0.020642344
206374,0.088001765
206377,0.026862735
206395,0.10336771
206403,0.020051727
206410,0.17645149
206413,0.03644551
206414,0.03011256
206418,0.13445228
206424,0.06944136
206427,0.031493742
206428,0.031974282
206429,0.043750603
206430,0.053532124
206447,0.014181303
206451,0.06894673
206465,0.13111927
206477,0.18062139
206484,0.082016975
206497,0.018326055
206517,0.027869351
206533,0.013399706
206542,0.25860146
206557,0.051149044
206563,0.02672038
206564,0.21203452
206565,0.020221226
206582,0.06143287
206593,0.15248927
206605,0.21178322
206606,0.041041072
206621,0.043027572
206639,0.027654365
206640,0.051021922
206641,0.022728808
206645,0.06205003
206656,0.032685425
206666,0.064341985
206679,0.073376656
206681,0.014922133
206684,0.05518965
206686,0.011957059
206687,0.016798692
206697,0.062004056
206700,0.058137532
206702,0.07222398
206703,0.02903883
206708,0.044078343
206710,0.05728469
206721,0.07875616
206723,0.047412433
206735,0.057440992
206739,0.091524936
206742,0.039911818
206744,0.3650231
206747,0.2264278
206752,0.023134325
206774,0.033839382
206776,0.2021102
206792,0.019201238
206799,0.26479214
206805,0.030591527
206806,0.23045047
206809,0.088463165
206812,0.055091966
206814,0.010774519
206830,0.017363172
206831,0.01777069
206878,0.22711657
206905,0.009951474
206908,0.14884733
206910,0.03042551
206917,0.02020559
206920,0.102453865
206927,0.03938952
206933,0.025054082
206945,0.043797206
206968,0.027063703
206987,0.031470835
206989,0.008433329
207017,0.26002264
207027,0.024491448
207029,0.038780075
207030,0.20464653
207035,0.048036665
207040,0.082725935
207043,0.15476243
207054,0.13177279
207055,0.027833074
207059,0.020753916
207060,0.01635637
207062,0.015946472
207071,0.06818597
207073,0.21971689
207079,0.0199505
207100,0.03917725
207107,0.015914276
207129,0.043947645
207132,0.046476867
207139,0.055957083
207148,0.17193832
207153,0.021132486
207163,0.1219
207164,0.03537984
207168,0.030686848
207171,0.004068524
207173,0.20773207
207174,0.008580036
207181,0.020331599
207182,0.022746736
207198,0.036721103
207201,0.017466322
207213,0.103536524
207234,0.08411238
207238,0.052863836
207256,0.030240314
207257,0.13443434
207264,0.21298014
207268,0.24143498
207275,0.057559088
207291,0.023751851
207296,0.042732865
207304,0.21136273
207308,0.051351305
207314,0.028369943
207324,0.088167176
207332,0.051597077
207333,0.13535397
207339,0.031074611
207349,0.012432553
207351,0.067400664
207359,0.1598328
207361,0.00935841
207365,0.065623924
207369,0.012075445
207372,0.053786367
207377,0.037978247
207380,0.017198393
207394,0.023439365
207412,0.13383397
207423,0.049996935
207426,0.017649587
207427,0.39811558
207428,0.034449145
207430,0.36751765
207437,0.0299275
207440,0.053279255
207455,0.026847446
207456,0.030127501
207471,0.07635488
207476,0.019250115
207483,0.017115477
207497,0.08960641
207506,0.02471227
207515,0.042915266
207529,0.06561798
207533,0.046210963
207534,0.008615829
207541,0.11517439
207560,0.02116386
207561,0.1730193
207570,0.029428517
207600,0.035272036
207630,0.116869465
207633,0.27543175
207634,0.007858257
207635,0.029339867
207660,0.019737968
207682,0.020393515
207684,0.032446127
207687,0.04413543
207706,0.18944684
207708,0.036620338
207713,0.056639798
207714,0.026961697
207718,0.02027317
207721,0.02943239
207724,0.026921446
207727,0.03569834
207731,0.019072266
207732,0.037939172
207734,0.02650409
207739,0.034754153
207744,0.101515114
207787,0.19377334
207792,0.03906773
207801,0.020539325
207811,0.07600687
207817,0.19047327
207818,0.12836847
207819,0.031111661
207830,0.04812944
207834,0.09076692
207841,0.19321705
207844,0.088042304
207849,0.059033383
207856,0.020954901
207865,0.030284531
207867,0.06580716
207873,0.10056719
207882,0.110696115
207887,0.021017391
207888,0.04370786
207889,0.010443278
207907,0.014789054
207921,0.2907114
207922,0.024712767
207928,0.07715147
207930,0.24113771
207940,0.013246142
207941,0.11680363
207956,0.019927783
207960,0.01598347
207961,0.10521963
207968,0.031955693
207971,0.023633039
207972,0.053662203
207975,0.083211735
207976,0.0976695
207979,0.25291514
207997,0.07411215
207999,0.3185823
208008,0.09954105
208027,0.13466294
208030,0.0255362
208033,0.31934884
208035,0.11151319
208040,0.029002786
208052,0.079695605
208067,0.009965611
208090,0.018582975
208100,0.069923885
208102,0.019461079
208110,0.03268027
208117,0.018608151
208119,0.09558073
208123,0.112411134
208127,0.572314
208136,0.013028183
208139,0.0041453284
208140,0.018396115
208144,0.06698041
208149,0.011291885
208156,0.105340526
208166,0.08477077
208168,0.057334963
208170,0.3003502
208172,0.16374283
208178,0.06658384
208193,0.049141016
208195,0.015257582
208211,0.019584753
208213,0.035819918
208229,0.07234312
208231,0.15037912
208235,0.014345079
208238,0.07614217
208240,0.066164896
208249,0.015702795
208262,0.052553076
208263,0.06365988
208270,0.038580913
208288,0.027681535
208292,0.098603755
208302,0.017711876
208303,0.109654695
208312,0.004681038
208317,0.020164963
208322,0.045467228
208331,0.076479726
208336,0.038805626
208337,0.066472985
208339,0.12947969
208346,0.17823866
208353,0.09129601
208358,0.03405708
208359,0.07805549
208360,0.019779371
208370,0.08590292
208373,0.012140608
208390,0.03523605
208391,0.06350432
208394,0.05678995
208396,0.021590484
208397,0.023753084
208398,0.15162049
208400,0.042252287
208410,0.043276206
208420,0.029913118
208421,0.2391644
208431,0.12807955
208450,0.07961227
208451,0.20293407
208455,0.09073061
208478,0.07960346
208479,0.021397965
208482,0.039608635
208502,0.12539223
208516,0.023231205
208518,0.007268091
208534,0.06576346
208550,0.021537796
208551,0.01381202
208566,0.06673496
208567,0.0717675
208575,0.09205151
208576,0.012877196
208588,0.033591643
208590,0.16213526
208595,0.020545442
208619,0.1032079
208620,0.032057025
208627,0.19876315
208629,0.039083056
208642,0.0440902
208645,0.024264462
208661,0.02450526
208662,0.0055823307
208679,0.016621275
208681,0.024505584
208689,0.14118893
208696,0.032322746
208701,0.027469104
208707,0.18258733
208719,0.023953963
208720,0.073637046
208730,0.06457797
208748,0.021138607
208753,0.10422998
208755,0.059309095
208769,0.027901556
208775,0.054550108
208785,0.022657577
208796,0.057452947
208806,0.044400286
208815,0.067059346
208830,0.054311633
208833,0.07512278
208837,0.028825114
208842,0.019143779
208860,0.012622357
208874,0.032212097
208886,0.04968863
208897,0.022954468
208898,0.17395912
208905,0.13863073
208907,0.013815231
208924,0.13203278
208925,0.084588245
208933,0.01965194
208941,0.038827118
208948,0.005192897
208960,0.020759935
208962,0.06381459
208963,0.025518056
208965,0.025202237
208973,0.015047201
208974,0.12107357
208986,0.052619383
208992,0.022482907
208995,0.28519547
209001,0.026557544
209006,0.077194035
209012,0.025069945
209022,0.029885648
209055,0.25115886
209056,0.092498
209057,0.041157704
209060,0.080290064
209067,0.018184358
209071,0.05559176
209078,0.015352057
209080,0.033348344
209094,0.01764333
209097,0.024482438
209098,0.21364829
209101,0.024004757
209108,0.017897176
209109,0.02355285
209111,0.015454539
209116,0.1921006
209117,0.39282882
209121,0.0039954516
209126,0.008662401
209127,0.031427577
209141,0.024053453
209142,0.07994118
209159,0.018638052
209164,0.2592195
209168,0.40187702
209177,0.060601268
209197,0.048192646
209202,0.18388227
209209,0.012170147
209211,0.050888814
209233,0.05714477
209234,0.07948293
209253,0.09069063
209260,0.027798047
209263,0.07748232
209268,0.07241046
209275,0.07013561
209288,0.054745533
209298,0.18459618
209305,0.022996968
209326,0.04575053
209340,0.048046064
209352,0.21994871
209362,0.044335943
209367,0.05477438
209369,0.02553503
209377,0.035144545
209387,0.030632544
209392,0.044935327
209393,0.012973298
209420,0.007224195
209423,0.20153703
209457,0.07383188
209458,0.097182475
209470,0.16297033
209479,0.16251905
209483,0.10274972
209488,0.27656335
209489,0.061607737
209497,0.010913732
209504,0.040330634
209510,0.16130173
209513,0.014608441
209547,0.014796873
209549,0.019980615
209556,0.015701821
209561,0.20724109
209565,0.13847962
209591,0.17520101
209595,0.10008098
209596,0.16691312
209608,0.08128336
209628,0.031518437
209643,0.1129161
209645,0.083798215
209651,0.039409753
209659,0.07304181
209660,0.06750574
209661,0.21639411
209665,0.10267846
209682,0.014141408
209687,0.15531641
209689,0.095878854
209699,0.08779825
209705,0.11068191
209707,0.016708417
209713,0.04247262
209717,0.02167412
209718,0.09066968
209723,0.2310713
209727,0.01297021
209729,0.03724113
209739,0.01798307
209741,0.114168435
209744,0.19760142
209748,0.21814466
209749,0.052775066
209758,0.012404265
209761,0.04118996
209764,0.25625646
209772,0.033800017
209773,0.23548602
209794,0.04769295
209795,0.13549325
209814,0.018722894
209828,0.15692784
209838,0.034393575
209839,0.17956293
209845,0.18932599
209855,0.016413337
209862,0.01607254
209869,0.058838647
209872,0.040367533
209879,0.15532716
209881,0.10597051
209882,0.24023998
209893,0.3111833
209913,0.03867083
209918,0.08429743
209920,0.12830544
209921,0.01711826
209929,0.11654351
209943,0.059446212
209957,0.019897701
209960,0.03915538
209962,0.055465244
209969,0.065761894
209980,0.058924746
209986,0.02823429
209989,0.09594044
209990,0.052709434
209991,0.02152911
210007,0.03835855
210016,0.033933695
210018,0.035903465
210019,0.03351864
210020,0.01042724
210036,0.013633732
210050,0.083980605
210080,0.024475824
210084,0.025303014
210089,0.260861
210104,0.031511508
210129,0.029416649
210135,0.025730742
210137,0.10025647
210140,0.14957383
210145,0.019698085
210146,0.05641931
210147,0.071996905
210152,0.0119962795
210157,0.03514739
210158,0.04996974
210164,0.041528482
210170,0.037787985
210171,0.01705446
210173,0.3514158
210174,0.1394886
210176,0.076566726
210190,0.019534554
210191,0.10555681
210195,0.27277148
210196,0.023502184
210201,0.008660063
210211,0.13466357
210231,0.04310014
210239,0.16846736
210241,0.026461119
210242,0.013400992
210255,0.06496414
210278,0.17813386
210283,0.0043670693
210284,0.09033574
210304,0.0328224
210307,0.03851647
210330,0.0789817
210332,0.02587835
210350,0.2834464
210379,0.017974388
210385,0.041869663
210401,0.03071004
210405,0.045361325
210413,0.31031737
210414,0.10309416
210415,0.06717348
210419,0.059223413
210429,0.076305404
210467,0.21581894
210481,0.024582935
210482,0.030062065
210492,0.023801297
210502,0.20293577
210523,0.029398419
210525,0.15297645
210529,0.09873761
210538,0.011442915
210543,0.03223212
210549,0.052449144
210551,0.058358457
210555,0.10817393
210558,0.11028978
210591,0.09330167
210597,0.21231543
210599,0.0220635
210610,0.042197768
210616,0.1088906
210618,0.026916768
210622,0.21688783
210639,0.0898797
210645,0.017380966
210650,0.017636102
210672,0.011785437
210676,0.06569772
210683,0.09456523
210697,0.19132344
210701,0.03802042
210706,0.0992816
210712,0.07459612
210717,0.05734266
210728,0.17715369
210729,0.042796332
210730,0.07259302
210731,0.038774423
210733,0.12834916
210735,0.04033332
210742,0.015881771
210748,0.0064443923
210749,0.092467226
210758,0.05002023
210767,0.10072517
210769,0.081086256
210777,0.1174519
210789,0.008070756
210791,0.047713347
210794,0.015554247
210811,0.025568528
210814,0.015033623
210821,0.074900396
210833,0.070274994
210835,0.022539446
210859,0.03260312
210862,0.035815448
210870,0.05956199
210886,0.016774436
210893,0.010920674
210901,0.025024973
210906,0.11876288
210913,0.07574115
210953,0.041528728
210961,0.020412123
210962,0.24871483
210966,0.065310314
210983,0.1347805
211000,0.114855446
211025,0.124067225
211036,0.013902693
211043,0.12903501
211062,0.317122
211076,0.04390835
211085,0.054777913
211096,0.01486376
211097,0.35741442
211098,0.1434061
211103,0.038224466
211108,0.10106319
211131,0.09324646
211135,0.25190166
211139,0.013844196
211146,0.055395465
211150,0.009828005
211158,0.018588604
211170,0.3074668
211177,0.06734266
211183,0.07862276
211187,0.10245508
211191,0.017805973
211194,0.32509306
211196,0.15508065
211203,0.0129044885
211209,0.110010214
211210,0.18042009
211211,0.09473269
211232,0.028155787
211244,0.33358344
211263,0.01977773
211264,0.09068178
211270,0.034203745
211278,0.00835551
211292,0.019637642
211293,0.03817844
211295,0.08171567
211296,0.079451434
211308,0.086692005
211310,0.049931407
211312,0.09704867
211325,0.028773898
211326,0.0451175
211330,0.04749109
211333,0.01301935
211341,0.032256085
211342,0.011421014
211350,0.034428068
211355,0.095054366
211357,0.12209545
211358,0.08573374
211362,0.042731382
211377,0.011258305
211378,0.29295373
211379,0.06925453
211384,0.08305303
211395,0.13396281
211398,0.034152657
211399,0.017210187
211417,0.032118633
211419,0.14094208
211420,0.013502068
211439,0.21244295
211442,0.020388883
211451,0.02231766
211457,0.04170456
211469,0.033842366
211483,0.019713925
211505,0.09463596
211508,0.02720101
211509,0.05038818
211510,0.12160768
211526,0.04165157
211547,0.042185113
211548,0.098068975
211550,0.019688182
211551,0.06986988
211553,0.22085923
211562,0.067371376
211563,0.015597954
211564,0.14373861
211565,0.06282383
211571,0.23865998
211572,0.2937136
211577,0.04674397
211580,0.07078344
211609,0.024884094
211625,0.085137405
211635,0.31897384
211646,0.072759196
211660,0.062502846
211670,0.22114532
211672,0.031959802
211688,0.016215585
211694,0.013045484
211696,0.03061472
211711,0.27114984
211718,0.034786247
211732,0.02234123
211735,0.011007646
211736,0.05831694
211740,0.14534386
211741,0.017255055
211746,0.020671101
211751,0.08641489
211754,0.073763974
211770,0.0908921
211771,0.077064246
211787,0.34444878
211788,0.048069205
211802,0.04486629
211804,0.018894907
211810,0.0862858
211832,0.07172751
211839,0.045354903
211860,0.030231435
211863,0.19558153
211866,0.017425176
211869,0.043249324
211872,0.026332768
211894,0.03067123
211901,0.021848598
211902,0.3267731
211903,0.14424518
211946,0.018802583
211950,0.12761149
211959,0.044158388
211964,0.06450802
211965,0.025933942
211979,0.032715343
211983,0.17896487
211986,0.077976234
211987,0.022100786
211988,0.08988966
211999,0.015046932
212002,0.06878446
212004,0.0368098
212009,0.059730086
212015,0.049704295
212023,0.044446558
212048,0.06229338
212055,0.0195357
212067,0.0071115103
212079,0.01925134
212080,0.020414822
212083,0.010781332
212085,0.11861706
212088,0.02085714
212089,0.036130395
212092,0.020926405
212097,0.050008338
212124,0.027873551
212132,0.029957572
212136,0.06070191
212144,0.067870535
212145,0.065476485
212167,0.025374366
212174,0.24628145
212175,0.05175526
212187,0.26674548
212191,0.052657247
212194,0.1219562
212238,0.06310686
212242,0.042838626
212245,0.055024076
212258,0.030917881
212262,0.026642773
212277,0.011397409
212283,0.019988438
212287,0.056185655
212288,0.09386368
212289,0.032542214
212293,0.10067197
212296,0.13521405
212300,0.14272714
212303,0.059429757
212326,0.046001893
212327,0.06354436
212328,0.008879711
212329,0.0187893
212339,0.051498763
212340,0.03994492
212343,0.037902094
212360,0.017486677
212389,0.061031025
212401,0.068841636
212407,0.012257476
212409,0.08771051
212422,0.04943718
212424,0.18883362
212440,0.043268416
212441,0.23208049
212443,0.037629988
212448,0.026300268
212472,0.15244183
212478,0.05163024
212481,0.026557315
212493,0.089160904
212508,0.056696553
212511,0.01200161
212525,0.021913454
212531,0.0768688
212533,0.006045496
212555,0.04624292
212592,0.085131034
212610,0.034279004
212621,0.16206223
212629,0.10480676
212635,0.07022739
212636,0.0075810105
212637,0.0620586
212643,0.08346919
212648,0.07079855
212654,0.31190073
212655,0.093897514
212660,0.08202345
212661,0.069830954
212664,0.1352599
212669,0.016115941
212670,0.03504658
212674,0.17569323
212676,0.30800602
212690,0.040279415
212691,0.05142466
212696,0.029875083
212710,0.12018694
212712,0.008459027
212716,0.029340675
212718,0.07625796
212720,0.055734918
212723,0.076914765
212730,0.0253598
212740,0.010844893
212747,0.15965061
212763,0.058122
212773,0.018989736
212775,0.092196
212776,0.03870964
212777,0.2644893
212781,0.12446691
212782,0.32781655
212785,0.015145274
212786,0.09253024
212795,0.013481822
212800,0.07318501
212818,0.054114852
212834,0.08185405
212837,0.041670714
212841,0.07085849
212842,0.025994208
212847,0.15852277
212848,0.01630104
212851,0.030770972
212865,0.0066139577
212866,0.016515268
212874,0.16851977
212880,0.04303779
212894,0.071800485
212897,0.043352656
212912,0.046894293
212913,0.019858107
212916,0.06781882
212917,0.012963697
212933,0.030921178
212935,0.04376785
212936,0.027375568
212950,0.17693102
212957,0.048624177
212958,0.04247625
212961,0.09231829
212962,0.01636524
212963,0.1613409
212964,0.22756316
212968,0.09976915
212969,0.04211519
212976,0.009047814
212978,0.028628899
212983,0.079764895
212993,0.12361708
213004,0.018870508
213008,0.008613463
213014,0.010559384
213018,0.0756097
213021,0.024879577
213024,0.059394382
213045,0.04447866
213054,0.013426278
213059,0.14639838
213076,0.06625786
213095,0.06743537
213096,0.036081105
213100,0.021782747
213101,0.041484065
213109,0.104241304
213111,0.020754328
213116,0.012601777
213133,0.25313938
213140,0.05560664
213141,0.05284297
213143,0.4277256
213150,0.01527087
213152,0.027924588
213158,0.05351531
213159,0.027159555
213166,0.035193767
213167,0.24954247
213170,0.19709994
213178,0.09647162
213179,0.007221108
213189,0.026591707
213196,0.12642933
213201,0.018397633
213203,0.026156085
213204,0.09251511
213205,0.021865092
213206,0.03401009
213207,0.23398583
213208,0.050072465
213212,0.013070305
213214,0.011522191
213220,0.012163603
213240,0.017886309
213244,0.016227944
213263,0.2631179
213264,0.077331565
213265,0.012125366
213270,0.042617835
213283,0.06907274
213287,0.081050605
213292,0.08002295
213295,0.08302417
213299,0.29727525
213303,0.04577825
213307,0.061054934
213308,0.04453786
213312,0.19210297
213313,0.02056538
213316,0.01806048
213317,0.13561796
213338,0.109521665
213357,0.055311933
213368,0.09753206
213374,0.06128398
213375,0.028310416
213386,0.0925225
213390,0.034236
213393,0.020302547
213401,0.06652714
213423,0.07877459
213430,0.030701332
213431,0.05702979
213447,0.006744191
213465,0.019803185
213468,0.022084678
213473,0.15745889
213475,0.07080752
213476,0.030391844
213482,0.007821875
213493,0.100820705
213531,0.085227475
213534,0.027100094
213542,0.01631565
213546,0.09187068
213569,0.0584019
213570,0.06109116
213588,0.014051672
213591,0.01869035
213595,0.015467394
213597,0.05414375
213598,0.04163684
213604,0.07772018
213622,0.031903833
213623,0.26753277
213633,0.006821602
213639,0.009261404
213641,0.028549865
213649,0.06602679
213671,0.0402937
213675,0.020318842
213679,0.08461058
213680,0.05729032
213684,0.12038406
213685,0.018822422
213689,0.0069726086
213691,0.20979308
213693,0.04906635
213712,0.025351906
213717,0.0136003755
213734,0.108204395
213739,0.31083715
213765,0.051758256
213775,0.021586923
213776,0.18370005
213804,0.3394285
213808,0.024008684
213818,0.15952754
213821,0.021118494
213829,0.021216946
213836,0.066293836
213838,0.05088231
213843,0.068976305
213854,0.053935606
213859,0.20845895
213862,0.47587228
213874,0.06752444
213878,0.23722999
213886,0.008540014
213888,0.039059334
213892,0.06971856
213910,0.049218263
213921,0.110989384
213926,0.06143137
213928,0.019891364
213935,0.037375227
213949,0.038005095
213957,0.100003265
213959,0.049876727
213967,0.04255003
213974,0.039581247
213975,0.047959946
213983,0.07412036
213984,0.011355187
213998,0.044359818
214004,0.038844943
214006,0.023240112
214008,0.047232736
214014,0.01730268
214015,0.0721865
214034,0.01273832
214059,0.045254093
214067,0.006470938
214077,0.0270728
214078,0.027391559
214079,0.05645806
214085,0.06289426
214088,0.09164425
214099,0.03760413
214138,0.0337311
214141,0.005410974
214152,0.063167736
214154,0.017130844
214155,0.039252844
214177,0.04937191
214188,0.011032284
214192,0.04451218
214207,0.060104534
214217,0.03862606
214219,0.044651225
214228,0.10858809
214229,0.15072367
214233,0.023431055
214236,0.07498456
214242,0.012794626
214249,0.003247411
214263,0.018108608
214264,0.018335756
214265,0.036683712
214268,0.08601483
214281,0.04034864
214282,0.026918674
214295,0.047487166
214311,0.013497558
214315,0.044371486
214325,0.027887179
214334,0.022628019
214336,0.033802655
214337,0.03270225
214342,0.299902
214344,0.13177334
214349,0.039594218
214355,0.0132816965
214356,0.022685597
214358,0.03654629
214363,0.051454958
214364,0.01959717
214371,0.049778115
214377,0.25526246
214379,0.041369893
214383,0.16140725
214406,0.00419859
214407,0.119036585
214411,0.06928591
214415,0.118569955
214418,0.16840218
214419,0.015342524
214421,0.009790789
214430,0.022229375
214436,0.017861491
214463,0.093455374
214472,0.14619115
214474,0.15113522
214476,0.045554988
214478,0.017513929
214481,0.10206883
214484,0.026839623
214488,0.14879674
214491,0.078552805
214505,0.054640397
214507,0.1276645
214510,0.04437223
214518,0.08623497
214523,0.27737144
214539,0.052656356
214542,0.0573532
214544,0.07460264
214553,0.040156763
214554,0.052944377
214561,0.063675776
214563,0.05628278
214566,0.016690971
214581,0.027050259
214587,0.0477035
214588,0.061004553
214589,0.10428392
214593,0.16399166
214620,0.10381744
214630,0.08805999
214643,0.068894364
214644,0.12797675
214647,0.052105833
214654,0.01530422
214657,0.020860525
214658,0.03541191
214662,0.05342989
214666,0.20204675
214680,0.03330959
214685,0.03313813
214693,0.012559613
214701,0.06875355
214705,0.02113849
214706,0.056289416
214719,0.038496204
214721,0.3817277
214724,0.026208576
214741,0.05137993
214769,0.06684129
214777,0.011858523
214780,0.06576021
214786,0.021518426
214789,0.04227623
214797,0.06697219
214804,0.036420844
214808,0.1376938
214810,0.22493213
214828,0.22142795
214830,0.018883714
214835,0.13546023
214844,0.0495789
214859,0.38366002
214861,0.031016499
214863,0.038184114
214887,0.018604346
214898,0.018858947
214906,0.049766753
214913,0.02233019
214915,0.09259913
214937,0.018647928
214944,0.16758652
214948,0.106753595
214970,0.07213532
214976,0.07470879
214999,0.15738486
215000,0.1510181
215016,0.017486522
215024,0.0070654843
215029,0.27011037
215033,0.38682106
215037,0.25575238
215054,0.025268825
215057,0.030006478
215064,0.03858973
215074,0.07795142
215077,0.066677615
215082,0.04314869
215096,0.023368094
215101,0.03850022
215103,0.015780013
215109,0.10448455
215124,0.09599494
215142,0.16328222
215143,0.016512906
215145,0.02794265
215157,0.021885911
215159,0.010873852
215161,0.13898316
215166,0.050910674
215177,0.08444406
215186,0.03817817
215194,0.08047471
215196,0.04325419
215204,0.30421028
215211,0.042838067
215230,0.11683359
215241,0.011183461
215256,0.1822452
215257,0.062192086
215266,0.14369537
215267,0.010241413
215268,0.02026724
215278,0.12307203
215280,0.24611923
215318,0.1965637
215326,0.03222295
215331,0.05183395
215337,0.013634616
215344,0.023750551
215346,0.058201563
215348,0.09061127
215351,0.007524695
215358,0.12578182
215360,0.082081676
215367,0.017787918
215369,0.060350623
215383,0.028211959
215395,0.23470587
215407,0.025276579
215408,0.12313147
215412,0.025088184
215433,0.023564233
215454,0.0582395
215463,0.13110583
215488,0.0136448555
215508,0.10098119
215512,0.0071125533
215516,0.08719131
215525,0.12858218
215531,0.05212952
215534,0.089874275
215537,0.033034343
215539,0.024301477
215548,0.009198017
215554,0.07371919
215556,0.020582594
215559,0.2013624
215560,0.0675336
215563,0.026553674
215564,0.014493265
215569,0.088559784
215574,0.5128078
215586,0.16171588
215594,0.1287502
215608,0.062275533
215614,0.03830914
215623,0.20474418
215628,0.1360815
215637,0.35991678
215638,0.22068973
215649,0.027801003
215651,0.024357226
215653,0.031207137
215678,0.043693464
215708,0.036237344
215711,0.06985213
215733,0.03252498
215739,0.01900907
215742,0.010863594
215756,0.04448707
215772,0.08095984
215775,0.16268751
215791,0.018813184
215796,0.092285015
215803,0.025883464
215805,0.017206632
215807,0.015414033
215829,0.026867341
215855,0.025265414
215856,0.14522043
215860,0.10565366
215861,0.02461615
215877,0.011318918
215883,0.040466577
215889,0.09672825
215897,0.020287571
215898,0.012066995
215901,0.02838182
215908,0.05072381
215910,0.7085718
215911,0.012508733
215923,0.018946392
215928,0.033837713
215934,0.102582134
215936,0.07046805
215947,0.0037529382
215951,0.024774106
215958,0.012310679
215959,0.03333933
215963,0.06299392
215968,0.20431037
215972,0.05997173
215976,0.066194385
215978,0.0875666
215981,0.02938504
215999,0.07701593
216001,0.2137184
216012,0.09482193
216020,0.12934838
216035,0.049780227
216038,0.20791115
216041,0.077339396
216049,0.07897027
216065,0.03504713
216096,0.2598115
216110,0.021330178
216115,0.08835589
216121,0.03638801
216122,0.38062435
216129,0.03001948
216131,0.11123034
216138,0.039160267
216142,0.092622936
216143,0.026466323
216150,0.050371125
216180,0.09729734
216184,0.06711491
216189,0.023310829
216190,0.26290795
216197,0.031104818
216218,0.40385875
216219,0.13383476
216221,0.05872781
216231,0.020619333
216240,0.15254168
216272,0.046578255
216281,0.04089867
216284,0.040898394
216290,0.06287333
216297,0.049664654
216305,0.023284864
216306,0.04020799
216317,0.035954215
216333,0.014186336
216338,0.14200146
216339,0.11661332
216346,0.058378257
216349,0.10362536
216350,0.26758188
216351,0.018915854
216353,0.029021347
216355,0.06834604
216364,0.13032795
216387,0.082683705
216392,0.030275572
216393,0.18906882
216399,0.0047405586
216416,0.023598015
216433,0.034580756
216435,0.012766476
216442,0.12767084
216458,0.077336535
216461,0.15097988
216468,0.101801716
216469,0.028038282
216471,0.10532306
216473,0.13790147
216475,0.024585463
216496,0.048239335
216510,0.051195465
216511,0.07228352
216515,0.02261045
216516,0.036756337
216521,0.017180678
216532,0.025459161
216548,0.015450693
216551,0.08996049
216560,0.052939475
216562,0.076227196
216563,0.056767296
216565,0.045288987
216582,0.011800781
216587,0.11067306
216589,0.020754013
216597,0.06414605
216606,0.013796591
216607,0.017961465
216608,0.30259925
216621,0.026239635
216622,0.020850379
216627,0.06506175
216636,0.06256155
216647,0.0238044
216655,0.15231514
216659,0.14001553
216666,0.20875075
216676,0.045557883
216677,0.039161135
216679,0.06282657
216681,0.047232524
216686,0.011734117
216687,0.10449284
216694,0.080236055
216697,0.01413494
216714,0.024171593
216719,0.044220682
216720,0.022272585
216721,0.032026898
216723,0.095160514
216740,0.089469634
216746,0.0843476
216747,0.033241406
216751,0.05244424
216758,0.121712476
216768,0.018045146
216778,0.055609874
216786,0.14089143
216801,0.1537872
216802,0.26115286
216807,0.014310774
216808,0.03723542
216810,0.03723972
216818,0.022044221
216823,0.036147237
216826,0.006990682
216827,0.0096146
216828,0.07518317
216840,0.35866445
216844,0.045185227
216845,0.0686249
216851,0.11171877
216857,0.03348251
216858,0.03770077
216862,0.023075698
216874,0.018444054
216880,0.020893706
216900,0.02702919
216902,0.024422465
216903,0.037726283
216904,0.025439093
216931,0.0411749
216936,0.01613064
216938,0.3050249
216952,0.10306367
216954,0.03612074
216955,0.05535851
216961,0.046424508
216981,0.19390471
216985,0.0228552
216992,0.062056508
216995,0.009086359
216997,0.013450769
216998,0.031934258
216999,0.051433936
217022,0.09671606
217034,0.06904026
217038,0.019716077
217050,0.023490855
217055,0.048211362
217064,0.096859686
217071,0.020637115
217078,0.13364065
217083,0.1016025
217084,0.011765063
217086,0.17972147
217096,0.112847835
217101,0.19738856
217109,0.092988454
217118,0.021841032
217121,0.11231314
217125,0.09295453
217130,0.3063897
217136,0.07244957
217137,0.026007237
217143,0.0059228768
217148,0.02762344
217155,0.012745152
217162,0.036674645
217172,0.07279163
217174,0.04047388
217175,0.16382259
217177,0.032128222
217178,0.2694426
217192,0.022810865
217220,0.019733628
217221,0.024638824
217223,0.014480289
217232,0.06578882
217243,0.06504475
217248,0.112757646
217250,0.070573166
217271,0.11096457
217283,0.015830645
217297,0.3534687
217323,0.054665
217326,0.022321764
217334,0.054356787
217338,0.028547589
217341,0.22590838
217342,0.15776123
217355,0.013102741
217362,0.061772007
217366,0.13960114
217367,0.04774258
217371,0.05890691
217383,0.103885025
217401,0.10920568
217404,0.1302954
217419,0.016591964
217422,0.15110728
217423,0.010345865
217427,0.098906904
217429,0.04003836
217430,0.03641793
217441,0.06559395
217444,0.022003176
217465,0.029736744
217471,0.027895452
217488,0.085340254
217493,0.033482913
217509,0.23455667
217510,0.052194744
217511,0.18164428
217519,0.071024925
217522,0.1146351
217562,0.05882609
217574,0.053905986
217577,0.0068733604
217579,0.104970746
217596,0.011614909
217602,0.016327135
217612,0.058678553
217632,0.062377412
217635,0.015361187
217636,0.14316331
217638,0.08299421
217639,0.12528297
217651,0.07975233
217652,0.006549219
217663,0.2909147
217669,0.025739836
217686,0.07447192
217699,0.045536645
217700,0.2451217
217703,0.06633449
217706,0.12131657
217714,0.06355615
217732,0.017879827
217736,0.121372655
217749,0.292764
217763,0.011013535
217770,0.07096941
217771,0.08025206
217772,0.03528667
217776,0.028284336
217777,0.05369002
217778,0.24889743
217782,0.018284034
217790,0.13260904
217792,0.016030103
217793,0.10946331
217795,0.18351072
217796,0.02466781
217800,0.030011518
217804,0.029103197
217807,0.007187201
217846,0.102182664
217847,0.112012416
217853,0.021220243
217856,0.09195696
217864,0.014443208
217867,0.104310334
217868,0.25217074
217885,0.07686792
217887,0.037499085
217889,0.043950785
217900,0.036725547
217903,0.025219768
217905,0.11982759
217909,0.044678964
217913,0.015570507
217944,0.024559844
217946,0.057482842
217954,0.05046631
217956,0.056616757
217957,0.028582191
217961,0.39024514
217962,0.03785518
217976,0.06208318
217980,0.06000458
217981,0.043916427
218006,0.025756773
218009,0.03352957
218032,0.15044075
218049,0.018886007
218053,0.04537416
218078,0.05076706
218080,0.07307409
218081,0.030957509
218094,0.20461677
218098,0.018264724
218099,0.065998934
218100,0.17112394
218113,0.049978558
218117,0.04973778
218118,0.02443072
218119,0.021996958
218125,0.02195724
218133,0.04375487
218153,0.08964444
218165,0.054667056
218166,0.016569454
218177,0.014128615
218178,0.032414176
218202,0.025130317
218203,0.065503076
218207,0.09731447
218209,0.10960694
218236,0.031057853
218244,0.021868784
218247,0.085764766
218250,0.027718406
218266,0.032421716
218275,0.18401068
218276,0.029749818
218287,0.08866677
218292,0.02502868
218298,0.19481674
218300,0.014473703
218320,0.030020611
218321,0.1993969
218333,0.012101349
218347,0.04888299
218353,0.022576207
218366,0.048881903
218368,0.03302579
218369,0.041915834
218372,0.16945879
218376,0.028539183
218378,0.035735153
218403,0.053716023
218413,0.06615809
218418,0.05993078
218449,0.23066173
218450,0.07411267
218458,0.010876843
218464,0.06964491
218475,0.09480151
218476,0.07317654
218478,0.040578052
218515,0.025982682
218517,0.041472193
218518,0.05333904
218538,0.009766046
218539,0.16705173
218550,0.10176906
218551,0.007963257
218565,0.16687201
218580,0.011979336
218591,0.12062507
218598,0.0064908094
218600,0.03832042
218602,0.046108056
218607,0.22034745
218651,0.033248544
218652,0.012571387
218656,0.44490296
218658,0.020258196
218669,0.07458949
218670,0.10542405
218671,0.026535735
218677,0.10830914
218680,0.03209167
218685,0.008330971
218686,0.14949368
218692,0.064376846
218693,0.061803296
218699,0.3357361
218709,0.0540812
218729,0.028123258
218734,0.019755954
218742,0.026294058
218743,0.01886736
218756,0.041941185
218772,0.09283791
218782,0.032435372
218786,0.03753899
218788,0.091035806
218796,0.02337304
218801,0.043695595
218812,0.036583416
218832,0.089927375
218834,0.08604468
218846,0.30849588
218847,0.18597138
218848,0.010244689
218853,0.1903457
218865,0.06625523
218870,0.018121263
218873,0.010751009
218884,0.015915463
218893,0.1596999
218898,0.0060230647
218911,0.055697337
218933,0.14991702
218934,0.080761835
218939,0.009317026
218948,0.018481964
218957,0.15838426
218962,0.10538999
218973,0.022725
218975,0.015144036
219000,0.010808385
219001,0.029753782
219006,0.011290309
219027,0.03829239
219036,0.056036677
219043,0.08155693
219047,0.028389335
219057,0.02206904
219059,0.35625958
219062,0.028864706
219074,0.017046995
219085,0.011783372
219087,0.067631856
219095,0.03719788
219114,0.031516187
219115,0.029654548
219119,0.02695035
219140,0.06731829
219147,0.034288026
219170,0.031346504
219171,0.16143306
219174,0.08628249
219177,0.029461801
219180,0.010011084
219195,0.014099097
219203,0.011939759
219207,0.04537984
219223,0.06895962
219229,0.108790904
219236,0.021238638
219238,0.10351546
219243,0.1375462
219245,0.053329144
219247,0.23350248
219273,0.02724023
219278,0.15929443
219279,0.15026928
219284,0.06166113
219319,0.032114837
219326,0.055372227
219336,0.05113384
219344,0.12312846
219359,0.03738434
219360,0.016227327
219364,0.06437941
219368,0.08412575
219376,0.050604824
219382,0.010844377
219388,0.010352229
219396,0.20429544
219398,0.06432789
219403,0.039573397
219405,0.021561895
219406,0.09103272
219410,0.054210145
219424,0.10831465
219446,0.0147899855
219450,0.015828284
219451,0.092134476
219464,0.019302232
219465,0.014351115
219469,0.021734389
219472,0.25004712
219482,0.06004763
219506,0.026676701
219507,0.087132946
219516,0.1701118
219521,0.16028479
219564,0.44194224
219565,0.005543507
219568,0.025699168
219570,0.005895555
219578,0.024247443
219579,0.27286753
219588,0.049689926
219593,0.09395798
219594,0.0293898
219601,0.024537774
219608,0.028552284
219616,0.049896628
219620,0.057264496
219621,0.030025559
219628,0.03455367
219632,0.1608808
219637,0.06576179
219670,0.059362102
219688,0.00769212
219704,0.043748654
219717,0.095136024
219723,0.13632126
219741,0.12635185
219772,0.12075408
219774,0.0264541
219775,0.056357935
219778,0.0436054
219787,0.15285271
219788,0.16631721
219806,0.08845966
219811,0.036566954
219815,0.03700282
219817,0.04492406
219835,0.02218098
219845,0.008423164
219848,0.008049007
219864,0.054543395
219866,0.033504963
219868,0.05189288
219870,0.029273128
219886,0.055466864
219908,0.023899466
219910,0.072541416
219914,0.035848007
219925,0.20136757
219935,0.19488806
219940,0.090044886
219959,0.09982915
219962,0.06910865
219975,0.013352579
219981,0.18557326
219998,0.045437712
219999,0.05527557
220006,0.08397744
220010,0.4259727
220012,0.01927838
220014,0.022717815
220018,0.031653445
220019,0.052560106
220021,0.110026956
220058,0.015991744
220060,0.21347857
220061,0.017867247
220063,0.055669405
220066,0.1474275
220070,0.021127183
220071,0.11744903
220082,0.05701815
220094,0.052451137
220107,0.05111986
220114,0.102483205
220120,0.011723709
220126,0.06300997
220143,0.016664071
220147,0.12516335
220157,0.069561675
220160,0.07030935
220169,0.03563921
220177,0.033334874
220181,0.029462168
220186,0.022660928
220189,0.041610133
220206,0.4217556
220221,0.095610596
220227,0.089069925
220228,0.173136
220248,0.03258368
220277,0.09564199
220304,0.19655868
220311,0.04260614
220315,0.077902675
220316,0.030901976
220323,0.019588456
220325,0.03846956
220358,0.023194022
220363,0.063600466
220369,0.08118376
220370,0.015115388
220380,0.09344513
220386,0.3007644
220387,0.017604645
220393,0.014308447
220394,0.045079283
220412,0.09068011
220415,0.04230471
220416,0.30587745
220417,0.052440263
220418,0.026180394
220422,0.011810616
220431,0.057956524
220439,0.20231406
220456,0.0108456295
220458,0.024954356
220468,0.010816872
220474,0.036856346
220479,0.0621179
220494,0.019890964
220501,0.16210233
220503,0.023642002
220511,0.011589581
220514,0.12904619
220516,0.38538432
220521,0.17142741
220530,0.048190862
220562,0.0053568133
220565,0.024075694
220582,0.036914084
220594,0.031520654
220600,0.434041
220614,0.022015681
220621,0.17936058
220624,0.140567
220629,0.035118565
220632,0.05311614
220639,0.011761249
220655,0.021025747
220664,0.02449789
220670,0.019045081
220686,0.005590797
220699,0.0655706
220714,0.028618895
220729,0.09035965
220732,0.205553
220733,0.010730925
220735,0.034619253
220740,0.0132002365
220741,0.026620315
220747,0.15723239
220748,0.03218943
220749,0.077673405
220755,0.1456283
220764,0.04762999
220767,0.15844575
220772,0.10659503
220779,0.047237214
220781,0.08980072
220790,0.011327272
220806,0.054734066
220811,0.02252143
220816,0.10326295
220822,0.018095767
220827,0.19784081
220828,0.05577739
220829,0.087608196
220832,0.022653108
220833,0.07162965
220841,0.09299718
220842,0.08090825
220856,0.07840177
220874,0.13520977
220881,0.12929593
220882,0.033069644
220887,0.019399473
220893,0.036896653
220909,0.01863438
220916,0.034313083
220917,0.23698619
220918,0.07068082
220924,0.016078867
220931,0.07711403
220932,0.08203142
220949,0.029653292
220950,0.15133289
220956,0.04100032
220972,0.0047065183
220994,0.03334111
221004,0.24634214
221008,0.2738695
221011,0.041701667
221030,0.015442405
221032,0.017984914
221035,0.012626245
221058,0.1174285
221059,0.03267727
221075,0.085661665
221079,0.031676322
221080,0.04866858
221107,0.0630448
221116,0.22606681
221129,0.09601752
221148,0.05876379
221158,0.0072600213
221165,0.04814453
221169,0.074886076
221171,0.06167364
221198,0.25307497
221202,0.066998586
221205,0.21123384
221223,0.08337027
221227,0.037415892
221228,0.016546853
221234,0.031256612
221242,0.05831234
221252,0.28943384
221256,0.07372145
221260,0.22450231
221261,0.075327635
221264,0.010282322
221267,0.04325344
221272,0.06975734
221284,0.20052907
221292,0.10649415
221311,0.055425614
221322,0.02353547
221327,0.06735169
221339,0.029672109
221371,0.04118372
221372,0.06160304
221404,0.07053986
221411,0.012395529
221438,0.047287006
221451,0.057573687
221465,0.1237819
221477,0.1195184
221483,0.035935313
221493,0.078766316
221495,0.010939365
221498,0.07880638
221500,0.11627282
221506,0.07668691
221513,0.08908248
221523,0.07287512
221528,0.04652503
221529,0.17792523
221530,0.028638465
221531,0.06830931
221549,0.038857717
221550,0.022768993
221565,0.18135333
221570,0.1276583
221573,0.0030528088
221575,0.052786283
221576,0.14310512
221604,0.13355255
221615,0.091628246
221626,0.025076093
221629,0.14362305
221630,0.038667835
221636,0.036735907
221656,0.024718912
221659,0.0333133
221663,0.15289485
221665,0.046339143
221675,0.15294655
221676,0.03345745
221677,0.08452507
221679,0.019594867
221707,0.03161206
221712,0.049822386
221717,0.04181956
221725,0.06957262
221733,0.053392775
221741,0.022254648
221747,0.01693039
221762,0.061687052
221763,0.01328351
221770,0.035455007
221771,0.035187382
221787,0.005799702
221793,0.0034283444
221804,0.026162598
221805,0.0056962706
221825,0.07930903
221827,0.12432389
221828,0.1930013
221829,0.028018562
221845,0.21732363
221859,0.04352279
221860,0.015483762
221867,0.12666947
221868,0.09587615
221870,0.15855871
221876,0.10394592
221884,0.1610637
221895,0.066261366
221911,0.048467673
221921,0.061982278
221931,0.08409591
221935,0.08271925
221955,0.04830499
221959,0.0068773455
221966,0.034957137
221974,0.025875814
221981,0.04895225
222002,0.41133177
222010,0.010660208
222012,0.057026695
222013,0.15509316
222023,0.09350604
222034,0.034320857
222048,0.04872506
222052,0.21223679
222059,0.09038129
222060,0.05346539
222061,0.045386117
222067,0.015574894
222076,0.35914537
222081,0.16243921
222120,0.037022784
222121,0.08060718
222133,0.08286849
222149,0.1432754
222150,0.017786695
222153,0.03679129
222154,0.027692536
222159,0.03838855
222165,0.065208554
222167,0.018945873
222170,0.08563922
222178,0.14621924
222179,0.044649467
222188,0.055162568
222189,0.024920663
222195,0.06430472
222198,0.06130406
222224,0.013509501
222234,0.023368245
222254,0.08464486
222256,0.09965737
222264,0.038497332
222281,0.02090211
222296,0.40161854
222303,0.19255587
222309,0.03780346
222310,0.029928757
222313,0.14861497
222321,0.12342908
222322,0.020535173
222328,0.12921241
222333,0.0438659
222334,0.10385225
222338,0.006790157
222347,0.10911708
222349,0.03450228
222351,0.036279444
222352,0.08693142
222357,0.03156249
222362,0.0031580417
222381,0.21372892
222392,0.05212847
222401,0.082325496
222413,0.06982637
222422,0.024384603
222423,0.06544424
222430,0.04212139
222432,0.029857362
222452,0.03015419
222459,0.06595407
222473,0.029675316
222475,0.058352534
222481,0.13761154
222482,0.14036721
222489,0.010432255
222496,0.017249592
222505,0.09419101
222516,0.072580226
222537,0.05859881
222555,0.037277922
222566,0.12687978
222572,0.027703522
222577,0.05721892
222618,0.044577427
222619,0.013576
222624,0.012248871
222625,0.04981039
222626,0.016673058
222629,0.03166265
222634,0.015862264
222636,0.17749862
222637,0.017065246
222641,0.015293624
222646,0.049160425
222648,0.20543532
222659,0.006302062
222663,0.01054907
222665,0.020954054
222671,0.08852894
222674,0.024372924
222675,0.023559185
222707,0.09320327
222709,0.015372044
222711,0.17870075
222717,0.071062855
222728,0.2035626
222752,0.1799739
222753,0.031507365
222755,0.020114178
222765,0.014296199
222768,0.31512627
222769,0.26969808
222783,0.1981461
222799,0.042963706
222821,0.011776061
222825,0.20880976
222837,0.171369
222862,0.19308321
222863,0.1152336
222869,0.089219205
222876,0.0355707
222892,0.108092815
222898,0.035538286
222912,0.014044624
222920,0.04992687
222926,0.04082688
222934,0.05355385
222938,0.0709119
222945,0.118446656
222947,0.02135379
222966,0.22143945
222971,0.09460124
222994,0.025490081
223008,0.15133432
223019,0.0071975826
223040,0.12500726
223042,0.21952319
223049,0.0117300255
223051,0.0107051395
223056,0.013621105
223058,0.059405405
223064,0.03535872
223067,0.010065083
223073,0.40523478
223075,0.02189991
223078,0.09887967
223079,0.066931
223082,0.13666409
223098,0.1814066
223112,0.032474913
223116,0.10001703
223121,0.07911286
223128,0.14724955
223135,0.0549152
223136,0.053811297
223144,0.01652145
223151,0.017592765
223157,0.073538795
223181,0.082823746
223190,0.04078994
223197,0.061120745
223205,0.047450308
223209,0.016273728
223221,0.35078266
223235,0.15459172
223238,0.042243104
223244,0.03545429
223258,0.020220064
223262,0.0851807
223272,0.07493063
223288,0.087374486
223298,0.044523053
223310,0.11382983
223320,0.014486259
223357,0.15742765
223365,0.016424872
223369,0.04616488
223375,0.13381203
223384,0.010589597
223393,0.01346742
223412,0.030756062
223428,0.050147235
223440,0.22524726
223456,0.59720993
223470,0.036993112
223471,0.042399347
223484,0.0206231
223488,0.1512045
223489,0.034895144
223490,0.034933697
223492,0.025496116
223496,0.07250322
223503,0.03342658
223507,0.050512593
223518,0.13447718
223519,0.032209132
223521,0.014512525
223524,0.00875923
223526,0.024708321
223527,0.2765101
223529,0.01749129
223534,0.014841894
223538,0.07832722
223547,0.025358692
223549,0.025521122
223551,0.124722116
223552,0.09361652
223567,0.032837607
223571,0.18831912
223582,0.018094845
223584,0.034933913
223585,0.2755616
223586,0.03894788
223588,0.017015127
223592,0.023333572
223594,0.05488457
223607,0.15400492
223608,0.013210222
223609,0.32236728
223610,0.015228965
223611,0.042962395
223635,0.031221151
223636,0.03248359
223638,0.030143417
223649,0.010438391
223670,0.25950465
223688,0.044083096
223698,0.03923047
223699,0.102866456
223716,0.12001417
223718,0.10525406
223720,0.014497051
223727,0.025421128
223729,0.0043534627
223739,0.048284605
223740,0.03347587
223741,0.022065202
223750,0.022267923
223752,0.09782086
223764,0.067120284
223781,0.013530092
223783,0.16602369
223794,0.030069845
223808,0.025357496
223810,0.13552979
223814,0.06479347
223817,0.10962113
223830,0.13830897
223839,0.034744915
223849,0.12100781
223851,0.16334663
223854,0.09530251
223888,0.28127915
223914,0.059847318
223923,0.053138748
223925,0.00472913
223939,0.032631144
223949,0.06204757
223951,0.21794263
223952,0.1068668
223967,0.047068987
223971,0.27152944
223974,0.0478841
223978,0.1188762
223991,0.109847695
224008,0.0430181
224016,0.0062610023
224024,0.042310774
224039,0.02792521
224040,0.08136679
224044,0.122517206
224047,0.052135516
224055,0.01900092
224061,0.08010174
224065,0.02830107
224079,0.050006647
224080,0.017642083
224089,0.037108336
224094,0.17083234
224095,0.14532216
224109,0.08279026
224111,0.043564413
224112,0.04544876
224134,0.19527355
224135,0.027264422
224138,0.08789964
224139,0.023909627
224158,0.040901795
224161,0.14404213
224171,0.11315176
224182,0.069428936
224191,0.04594034
224194,0.026299106
224195,0.08619706
224205,0.033052433
224206,0.10287955
224211,0.017214607
224213,0.020426283
224214,0.09435171
224236,0.049177065
224239,0.26511705
224241,0.15429366
224251,0.07920344
224259,0.08844056
224262,0.05689336
224263,0.019395513
224268,0.044786073
224270,0.048831575
224282,0.047794558
224300,0.0077353697
224315,0.095536485
224319,0.015425175
224325,0.023600755
224337,0.048133876
224339,0.0760933
224343,0.015294314
224344,0.113537446
224347,0.17801756
224353,0.1052357
224363,0.051519252
224370,0.0516336
224379,0.022533206
224380,0.09363063
224393,0.05340932
224395,0.072651275
224407,0.04724837
224408,0.029818065
224426,0.058916457
224427,0.044100452
224428,0.01235381
224437,0.31494662
224444,0.005782058
224445,0.194587
224459,0.010778714
224473,0.29764193
224488,0.14435856
224490,0.13881643
224493,0.2325589
224494,0.10205744
224495,0.070084035
224499,0.036506157
224524,0.040056974
224528,0.017682474
224538,0.48635656
224553,0.123301275
224554,0.015329931
224575,0.028542142
224586,0.021711437
224593,0.05252788
224599,0.055969354
224614,0.023944082
224625,0.019965224
224626,0.026475957
224627,0.07999872
224628,0.11926357
224631,0.0075159576
224651,0.15263943
224658,0.08528455
224664,0.008572184
224668,0.020743322
224673,0.05660277
224674,0.05092094
224683,0.039136644
224708,0.07939042
224748,0.032181874
224756,0.03868131
224757,0.077203706
224760,0.014043852
224771,0.09627369
224772,0.023816725
224797,0.047740467
224823,0.14883259
224831,0.065962724
224841,0.02721634
224843,0.1218896
224844,0.17937551
224849,0.0139946155
224855,0.077552974
224856,0.0101476535
224864,0.022389175
224871,0.033091683
224876,0.06898378
224889,0.09760869
224896,0.09132858
224899,0.050874114
224912,0.038943898
224916,0.092632495
224918,0.06255141
224925,0.069078654
224929,0.02111794
224934,0.06374
224950,0.13079984
224953,0.044180665
224956,0.11910147
224958,0.076451674
224960,0.07551712
224971,0.20658289
224975,0.057020675
224978,0.09087245
224986,0.041849874
224987,0.10165683
224990,0.022358699
225010,0.017743362
225041,0.02127469
225044,0.011660663
225045,0.031186728
225048,0.10128862
225053,0.20540844
225058,0.031815305
225075,0.04235769
225085,0.013425216
225103,0.037095595
225107,0.021751637
225114,0.03317991
225122,0.06312685
225130,0.02780829
225131,0.14426497
225132,0.03396832
225134,0.022766093
225136,0.031287882
225141,0.048833665
225145,0.02015395
225146,0.0069292244
225156,0.035573203
225158,0.08755833
225165,0.04027618
225185,0.074726574
225194,0.10188787
225195,0.009546095
225223,0.13240431
225224,0.1153781
225231,0.0695234
225233,0.08387534
225246,0.255191
225281,0.020845342
225286,0.052437656
225301,0.20723334
225302,0.021316808
225336,0.05076767
225347,0.0928052
225351,0.034499582
225362,0.038243383
225363,0.019989772
225364,0.030288735
225370,0.040845174
225374,0.024422817
225375,0.0767123
225380,0.017645232
225381,0.018739752
225382,0.035010614
225392,0.030432891
225410,0.061725516
225425,0.098092064
225431,0.022178663
225456,0.008813342
225460,0.09257694
225475,0.029364789
225478,0.026020588
225483,0.10077662
225499,0.25370812
225514,0.49037457
225517,0.036859605
225524,0.24511369
225532,0.021993369
225545,0.058302432
225546,0.026223166
225550,0.021880211
225580,0.087414876
225581,0.09926892
225582,0.047385942
225585,0.14011475
225601,0.12448736
225612,0.13968568
225621,0.12074904
225636,0.06764961
225639,0.07203825
225650,0.041035205
225654,0.043912474
225664,0.045140523
225665,0.29628
225666,0.007369048
225686,0.06620063
225689,0.023862716
225691,0.028920943
225721,0.010927701
225733,0.060936216
225739,0.05837208
225741,0.26085547
225766,0.014181449
225776,0.1132391
225788,0.015793461
225792,0.016590144
225803,0.06331089
225804,0.059162058
225805,0.16271414
225808,0.022640927
225819,0.02448101
225826,0.01578848
225832,0.076335
225850,0.029498514
225851,0.04238848
225854,0.047450524
225858,0.047967605
225875,0.019391874
225884,0.04419854
225890,0.011468943
225906,0.037162088
225908,0.05017774
225910,0.057488367
225920,0.20099556
225950,0.14793307
225990,0.03824812
225991,0.03539111
226010,0.03941709
226011,0.013276337
226018,0.025022164
226029,0.12664959
226030,0.06857534
226041,0.033252183
226044,0.02244742
226051,0.09620387
226054,0.022657845
226085,0.12450889
226105,0.051891018
226116,0.43285203
226130,0.12141884
226131,0.15005761
226170,0.053038903
226171,0.044926517
226176,0.17156985
226177,0.09149829
226183,0.010423492
226187,0.10070155
226188,0.22603075
226190,0.11349299
226206,0.023027962
226213,0.15591633
226214,0.13557994
226226,0.022682559
226244,0.045680527
226245,0.013943053
226251,0.14446713
226258,0.01300267
226259,0.057156563
226265,0.109262906
226291,0.19209526
226294,0.03077616
226299,0.032325212
226300,0.05923808
226301,0.18542644
226302,0.12524432
226308,0.037361454
226309,0.0308553
226318,0.010317475
226319,0.07103944
226320,0.040861774
226325,0.09942407
226334,0.041786946
226337,0.15584917
226348,0.13026768
226353,0.0074289427
226361,0.01064142
226387,0.11579289
226395,0.048694592
226413,0.015478079
226416,0.024292571
226427,0.021692064
226433,0.12366179
226447,0.22340344
226487,0.052392747
226495,0.080534436
226496,0.028226746
226499,0.016313188
226501,0.09628396
226505,0.033428214
226506,0.039232016
226507,0.038809184
226516,0.024579078
226523,0.089410685
226527,0.0848429
226533,0.03812306
226537,0.052723594
226539,0.01163477
226551,0.14800511
226556,0.018066997
226557,0.01090081
226561,0.14950185
226565,0.052210905
226567,0.027034631
226590,0.044001445
226599,0.16405903
226639,0.14687508
226654,0.15873888
226664,0.0554732
226668,0.16256405
226677,0.077110946
226682,0.11837722
226689,0.032908797
226691,0.021281898
226698,0.060032878
226713,0.026967442
226720,0.05400238
226734,0.032589287
226735,0.06579373
226738,0.08495405
226742,0.011633481
226763,0.006457683
226766,0.060910217
226772,0.026692733
226779,0.07168937
226780,0.18315893
226787,0.35387743
226790,0.4261131
226792,0.07534594
226797,0.017759284
226803,0.03251784
226807,0.0869194
226827,0.013674157
226828,0.039019443
226836,0.03492435
226837,0.006750119
226838,0.21519068
226847,0.03405867
226881,0.33756858
226882,0.03147927
226884,0.03954631
226917,0.060509954
226921,0.07267619
226933,0.028170854
226938,0.25459492
226948,0.04781263
226952,0.049701635
226954,0.096105754
226965,0.018979976
226970,0.020562394
226977,0.35438713
226986,0.020584168
227005,0.05034419
227009,0.053686265
227010,0.062484268
227013,0.07277435
227019,0.04119351
227025,0.07711088
227026,0.046677712
227027,0.050634354
227029,0.015529541
227049,0.08173289
227053,0.019589711
227054,0.06501755
227058,0.044475544
227074,0.030885393
227099,0.01713886
227100,0.018795103
227109,0.022323845
227111,0.05672933
227112,0.028515276
227125,0.10837514
227145,0.08999571
227148,0.1173513
227151,0.058766346
227160,0.14076416
227165,0.17085113
227200,0.13809389
227210,0.07275863
227213,0.08801777
227235,0.0557407
227242,0.086812936
227245,0.13548122
227246,0.023882281
227248,0.043278795
227251,0.06349258
227252,0.016344115
227258,0.029648202
227264,0.06887991
227270,0.13115361
227272,0.017717957
227274,0.014779214
227281,0.021233201
227290,0.03703563
227293,0.10672275
227299,0.07659332
227306,0.04307472
227323,0.02880481
227325,0.020384863
227326,0.0630637
227332,0.15725526
227336,0.015306915
227343,0.03467429
227344,0.0137793105
227345,0.047063652
227348,0.11127633
227360,0.022169689
227376,0.032438144
227386,0.085362464
227392,0.07272057
227393,0.047001697
227401,0.0073381774
227404,0.15632747
227413,0.03506816
227420,0.10677249
227459,0.015260771
227460,0.0071190186
227462,0.058899168
227463,0.14224051
227481,0.093169436
227482,0.04183291
227485,0.22520097
227486,0.05515772
227493,0.02857477
227500,0.04363891
227501,0.043274608
227502,0.03841427
227506,0.107870564
227523,0.18479083
227525,0.020265874
227531,0.028799862
227532,0.26820523
227535,0.04170418
227542,0.0588949
227545,0.06569329
227566,0.026522059
227578,0.021913288
227585,0.17038423
227586,0.015732398
227587,0.025463456
227590,0.039360233
227595,0.1493557
227596,0.017458681
227597,0.22678876
227600,0.101824634
227621,0.105338745
227637,0.0465586
227640,0.16505966
227649,0.26898384
227653,0.017423894
227674,0.065475464
227675,0.06472472
227680,0.052489463
227696,0.023400987
227701,0.3928508
227707,0.06347482
227713,0.097849675
227715,0.056141276
227728,0.04319901
227730,0.029098827
227731,0.008875775
227732,0.025839385
227736,0.08621359
227739,0.16458769
227740,0.4444835
227741,0.20528723
227742,0.40728348
227745,0.06095003
227749,0.24136603
227752,0.012137869
227756,0.23744583
227769,0.11364849
227779,0.05865042
227783,0.18255064
227799,0.04887992
227803,0.02140946
227818,0.05791956
227822,0.12981589
227823,0.0150777465
227824,0.032137595
227825,0.03834314
227826,0.12722237
227833,0.037223645
227834,0.11663389
227837,0.061643034
227839,0.006422593
227856,0.036876917
227872,0.03550311
227876,0.08109279
227905,0.14002648
227908,0.20547643
227909,0.21822715
227912,0.051698614
227917,0.059830476
227931,0.076031
227936,0.1261811
227939,0.019511374
227941,0.018513957
227942,0.0428437
227944,0.05023506
227945,0.10187056
227952,0.1145956
227954,0.07017166
227968,0.0064201923
227975,0.028812466
227989,0.079004884
227992,0.032235913
227993,0.031743955
227996,0.05011198
227997,0.032364987
227998,0.013784981
228040,0.046319846
228044,0.045099877
228045,0.029072762
228046,0.012363086
228051,0.054931223
228052,0.060570836
228053,0.022330692
228059,0.045546137
228062,0.039077774
228070,0.04035997
228074,0.05582906
228077,0.0324214
228078,0.08206277
228097,0.08925957
228099,0.13158526
228100,0.019617828
228102,0.2237717
228103,0.112359025
228104,0.23067304
228107,0.08035237
228117,0.051505078
228123,0.032911506
228125,0.020600053
228130,0.015857456
228134,0.033324525
228141,0.088682115
228153,0.14269541
228163,0.08285631
228164,0.01507369
228166,0.12922001
228168,0.18107834
228169,0.080830544
228183,0.18690404
228198,0.052318607
228199,0.10066534
228201,0.022226997
228207,0.06842549
228209,0.054188676
228219,0.036083877
228239,0.010222347
228248,0.05319517
228260,0.12612347
228268,0.29517248
228280,0.059250534
228282,0.06630373
228288,0.018632151
228289,0.05436234
228295,0.016979452
228296,0.061563414
228297,0.1904714
228298,0.020887341
228299,0.038224895
228301,0.0036355637
228322,0.11662094
228324,0.12116764
228332,0.01343896
228334,0.03389854
228342,0.18858662
228351,0.030717812
228354,0.050197285
228355,0.010242858
228362,0.0070188176
228375,0.04101946
228383,0.070035964
228389,0.056087848
228392,0.16732103
228411,0.037673615
228414,0.028978417
228420,0.057175413
228424,0.035276372
228426,0.124828145
228429,0.009940834
228447,0.3737977
228455,0.02292433
228458,0.12694196
228467,0.19315742
228472,0.033793483
228479,0.012135177
228482,0.13504061
228488,0.04964862
228489,0.29604885
228499,0.02001521
228501,0.008955297
228502,0.043648586
228503,0.28380698
228509,0.012443225
228512,0.09902456
228514,0.034766767
228519,0.23881869
228530,0.023214126
228534,0.14855516
228536,0.0040162
228537,0.01324408
228538,0.07187412
228539,0.047674026
228557,0.092429936
228591,0.07254958
228592,0.021222252
228608,0.103428274
228609,0.043463904
228636,0.05424952
228647,0.12445914
228656,0.13383168
228657,0.03652563
228661,0.14727399
228663,0.051137697
228671,0.02232862
228682,0.13080323
228697,0.096128546
228698,0.04428559
228712,0.02717646
228713,0.036145974
228729,0.023804365
228730,0.107521534
228737,0.10891993
228744,0.032747477
228752,0.05875942
228761,0.28802186
228763,0.16572052
228764,0.013302866
228770,0.039885394
228774,0.0125710135
228781,0.035148192
228792,0.04593389
228794,0.27979934
228796,0.012175933
228799,0.096943334
228808,0.17986815
228809,0.04049655
228810,0.04803446
228813,0.017913619
228821,0.39063877
228826,0.052325368
228830,0.019318946
228831,0.02804911
228835,0.14555451
228854,0.020079743
228855,0.036490094
228863,0.08731049
228869,0.124352194
228872,0.09391169
228885,0.106711686
228888,0.030797195
228889,0.07909202
228890,0.07621056
228891,0.016701985
228894,0.20292929
228902,0.06548435
228907,0.06600174
228915,0.053604804
228918,0.09924016
228919,0.07519724
228933,0.048830286
228946,0.016584264
228947,0.076716654
228954,0.037321396
228956,0.20264077
228958,0.028942343
228969,0.20305549
228973,0.030912427
228978,0.011028445
228979,0.19916613
228988,0.08141738
228995,0.11785855
229019,0.11415261
229037,0.032659996
229041,0.04705974
229042,0.021187821
229046,0.0274304
229048,0.019393632
229053,0.028871696
229064,0.34828666
229073,0.045579564
229074,0.028659377
229077,0.13754523
229095,0.41412044
229100,0.12758607
229103,0.02535683
229104,0.07355119
229105,0.013662585
229107,0.016279126
229115,0.036862068
229117,0.13010047
229118,0.05347459
229124,0.2155089
229125,0.010226155
229130,0.17144938
229157,0.0253444
229162,0.011851937
229185,0.28257912
229195,0.010778714
229201,0.09126832
229202,0.028206823
229219,0.045457367
229220,0.015471956
229223,0.22986703
229224,0.12858906
229229,0.112705246
229233,0.014946461
229255,0.017676363
229261,0.06271581
229262,0.057948574
229271,0.08050512
229276,0.09540657
229277,0.018556498
229278,0.11053456
229280,0.037013255
229298,0.0057590776
229301,0.080139056
229316,0.093005486
229325,0.054335505
229329,0.038279917
229334,0.029955514
229336,0.15064964
229337,0.10779608
229342,0.013713675
229349,0.049926106
229357,0.028208049
229369,0.20857376
229374,0.04233624
229402,0.048774652
229427,0.01922594
229452,0.12634307
229455,0.12234378
229459,0.31050748
229462,0.046177924
229482,0.042319365
229488,0.02164846
229496,0.099644214
229507,0.09935636
229508,0.019972557
229531,0.043158002
229576,0.022801239
229595,0.18066095
229602,0.07565824
229609,0.08734242
229610,0.31355363
229614,0.11690677
229615,0.19436985
229631,0.060050312
229632,0.04706667
229638,0.06876661
229647,0.020517413
229651,0.012191595
229659,0.18175358
229663,0.10837282
229671,0.1049394
229672,0.032283235
229675,0.052479286
229684,0.040104665
229687,0.096082665
229705,0.035008278
229711,0.0154682435
229713,0.07886731
229714,0.046268098
229731,0.10733521
229738,0.14047998
229742,0.15305986
229745,0.029834677
229746,0.04565817
229749,0.1890734
229765,0.058624756
229767,0.010829292
229779,0.20759515
229782,0.07120534
229802,0.1695156
229805,0.024243211
229810,0.48659006
229816,0.025768876
229828,0.060588993
229838,0.08408761
229850,0.123374015
229858,0.0201569
229860,0.05048955
229877,0.008500529
229888,0.019425688
229894,0.01146163
229898,0.17042862
229905,0.06322548
229912,0.26554093
229913,0.03763997
229921,0.2716207
229923,0.03124431
229930,0.012836994
229962,0.029967545
229963,0.17022312
229977,0.031212427
229984,0.02313203
229998,0.053689077
230012,0.030879576
230016,0.16591874
230020,0.074969135
230024,0.30341733
230037,0.0350453
230038,0.089650586
230040,0.039845727
230042,0.018733852
230044,0.08590062
230050,0.059882898
230056,0.016552081
230067,0.039905384
230076,0.0428832
230077,0.10172265
230084,0.13249102
230098,0.036904693
230107,0.11001673
230116,0.07067744
230119,0.06457513
230121,0.038728528
230122,0.08150265
230135,0.15736474
230139,0.022620443
230179,0.020428749
230180,0.10754832
230185,0.03061794
230192,0.15133227
230203,0.286396
230216,0.07082695
230226,0.08752594
230260,0.23159139
230268,0.07087482
230289,0.20923118
230296,0.0064554876
230317,0.016342442
230328,0.1648815
230329,0.41387188
230330,0.05075345
230332,0.02131251
230338,0.08435614
230343,0.025428899
230344,0.06628467
230349,0.021572717
230369,0.008607915
230379,0.16559532
230391,0.03923005
230393,0.3752232
230394,0.047216333
230402,0.053082924
230404,0.28287876
230416,0.052870117
230417,0.22038904
230423,0.16105822
230427,0.04074888
230448,0.18426257
230449,0.026432555
230451,0.01591547
230453,0.010647582
230454,0.009791265
230457,0.098473705
230458,0.11386147
230459,0.19027045
230461,0.035190675
230464,0.08695573
230494,0.020736326
230517,0.012611047
230520,0.09295311
230521,0.15343209
230534,0.04079901
230553,0.050154768
230581,0.10848175
230585,0.06235361
230590,0.024336575
230592,0.020262811
230605,0.023011055
230610,0.01021223
230623,0.046132673
230628,0.052285545
230629,0.12881419
230640,0.051680066
230641,0.024660628
230642,0.011199718
230655,0.039006375
230656,0.008469015
230662,0.020087888
230675,0.054977648
230677,0.06506765
230688,0.006994976
230709,0.13328521
230716,0.0047605354
230742,0.021111362
230748,0.13483089
230763,0.118904985
230779,0.13499983
230780,0.040871363
230781,0.32176933
230783,0.022403056
230788,0.06426453
230789,0.014512497
230792,0.022834774
230817,0.07169316
230820,0.018397793
230827,0.115936995
230828,0.023679536
230860,0.03210516
230864,0.1143602
230875,0.051894665
230878,0.011734504
230880,0.13042657
230929,0.038879354
230931,0.20936075
230934,0.116438866
230939,0.036691133
230940,0.03903153
230941,0.06800384
230942,0.41013968
230982,0.061002884
231028,0.030386899
231031,0.08642637
231039,0.16517082
231048,0.06619338
231065,0.103904136
231076,0.016006405
231079,0.06432508
231082,0.05671382
231086,0.025141878
231107,0.04902414
231118,0.08745359
231127,0.016779574
231134,0.025241563
231136,0.028437575
231137,0.06346548
231156,0.13280357
231160,0.17761333
231175,0.058614034
231177,0.10088033
231189,0.042439055
231191,0.12027779
231194,0.10955623
231198,0.11883276
231203,0.16071421
231211,0.07263606
231226,0.104525045
231245,0.055599105
231257,0.06505242
231268,0.048505116
231279,0.084336475
231290,0.0882731
231298,0.041096356
231299,0.039901566
231301,0.046491817
231306,0.014970258
231312,0.04013795
231314,0.103145674
231326,0.37665105
231343,0.077145085
231353,0.078722954
231359,0.07080394
231364,0.022475734
231387,0.12063693
231392,0.019903086
231409,0.027427087
231423,0.048869047
231427,0.015124135
231429,0.18885097
231433,0.04650571
231437,0.0093721235
231448,0.013569091
231454,0.2563129
231460,0.042805348
231480,0.012461636
231496,0.0076556704
231504,0.1799523
231513,0.024274498
231516,0.014277631
231523,0.02029871
231529,0.012965247
231532,0.032170925
231533,0.10310948
231542,0.046753664
231546,0.043672644
231554,0.014147531
231556,0.21764623
231561,0.09679401
231562,0.10137138
231563,0.015238887
231568,0.046773992
231589,0.013466774
231598,0.13364887
231616,0.10223506
231628,0.02420379
231637,0.0808896
231641,0.09248543
231656,0.27465653
231679,0.09758391
231682,0.08423091
231689,0.07296295
231690,0.05931559
231713,0.13806957
231716,0.03299735
231726,0.032509703
231734,0.25793666
231736,0.050425917
231742,0.016663712
231754,0.13155162
231757,0.025172258
231758,0.016767234
231761,0.070120886
231771,0.060956705
231773,0.02337198
231782,0.113165826
231785,0.10412874
231786,0.07160648
231789,0.017849198
231790,0.022930145
231791,0.036156766
231804,0.088658385
231835,0.02809146
231837,0.0059900517
231840,0.15882991
231845,0.15503582
231863,0.1324548
231867,0.2705358
231874,0.4287658
231877,0.06766059
231887,0.029917967
231892,0.014176584
231899,0.02014282
231912,0.4610684
231914,0.029940234
231924,0.087629996
231927,0.053191364
231935,0.02237496
231938,0.107201785
231940,0.25402617
231947,0.05014223
231954,0.022342887
231955,0.1504732
231956,0.016289927
231969,0.034513384
231982,0.015056101
231983,0.0551802
231984,0.019888468
231987,0.0382339
232006,0.009581402
232012,0.005439113
232022,0.012518639
232023,0.11814291
232028,0.037008744
232034,0.053906705
232047,0.057579253
232050,0.026796687
232054,0.042283442
232063,0.10496172
232066,0.036331896
232081,0.09342801
232083,0.0934818
232094,0.13012731
232103,0.015233728
232108,0.02000432
232110,0.06071749
232122,0.051081743
232123,0.012928096
232132,0.010014214
232148,0.25953606
232149,0.022446733
232152,0.2418061
232157,0.10157757
232164,0.09494335
232170,0.056083683
232172,0.05551405
232174,0.07375501
232177,0.13247104
232227,0.055891387
232228,0.03192459
232237,0.012123544
232256,0.08024105
232275,0.051589303
232278,0.028936638
232279,0.017637018
232282,0.0446261
232285,0.035571232
232288,0.011469348
232301,0.05423659
232303,0.018846087
232309,0.11169699
232325,0.032395896
232329,0.039713528
232331,0.011280402
232335,0.052572917
232370,0.09752201
232371,0.020904638
232372,0.01648952
232390,0.5465543
232391,0.017292477
232392,0.10174089
232410,0.024311023
232423,0.006177845
232426,0.064887814
232428,0.24090126
232450,0.06118631
232466,0.1549285
232478,0.100387566
232493,0.11702912
232506,0.13539396
232516,0.12887329
232518,0.09500122
232530,0.03388121
232534,0.022597041
232535,0.07845265
232541,0.031205175
232547,0.02193515
232552,0.03149682
232558,0.06093528
232559,0.012840251
232560,0.011906251
232566,0.050004546
232570,0.008271476
232575,0.06325266
232578,0.029159475
232590,0.021243976
232615,0.043193206
232640,0.35568374
232643,0.014429403
232664,0.24549057
232676,0.03326804
232699,0.13155857
232702,0.02372772
232720,0.009014906
232733,0.02502608
232736,0.021358704
232738,0.029767957
232752,0.012555546
232758,0.013712482
232779,0.061574265
232784,0.1338898
232790,0.031499404
232799,0.05830554
232823,0.008160492
232824,0.038320184
232842,0.0052778656
232849,0.04459975
232853,0.13960668
232859,0.123504914
232862,0.1310804
232864,0.013272064
232866,0.031334016
232869,0.033681408
232871,0.012407911
232876,0.028891971
232881,0.064475514
232898,0.06657021
232899,0.04314038
232914,0.08569637
232917,0.05138838
232923,0.060335655
232925,0.009538173
232942,0.13996983
232943,0.07787091
232965,0.008648342
232968,0.2427723
232972,0.015821613
232980,0.21885881
232999,0.005218848
233013,0.102266334
233021,0.27039078
233022,0.027792241
233054,0.10023774
233059,0.10679539
233065,0.026727306
233071,0.08125361
233074,0.011655801
233093,0.007930371
233095,0.20730302
233102,0.012185089
233104,0.19031556
233107,0.03319693
233108,0.055660482
233109,0.16048098
233112,0.090404905
233113,0.018666284
233122,0.058911398
233125,0.10092442
233126,0.09410345
233170,0.03806252
233171,0.11133298
233172,0.17228417
233175,0.062174313
233179,0.056534372
233189,0.21779722
233223,0.1677081
233224,0.023036009
233228,0.047267295
233247,0.06425916
233249,0.04140683
233263,0.020047035
233271,0.06793227
233273,0.071300894
233301,0.011595503
233305,0.06117456
233310,0.063592955
233311,0.08780595
233312,0.09995115
233324,0.012648849
233326,0.0876985
233327,0.061097745
233335,0.123743154
233349,0.03066371
233352,0.2340315
233362,0.12135106
233373,0.051097497
233390,0.17397045
233393,0.13872378
233400,0.08884671
233401,0.1365017
233404,0.11842977
233405,0.093482606
233406,0.122276045
233411,0.04479548
233421,0.01720635
233423,0.0705225
233424,0.022646533
233427,0.08851943
233429,0.1852471
233431,0.017387465
233432,0.019343665
233438,0.02466174
233448,0.08404885
233450,0.008708893
233451,0.013610614
233453,0.09601123
233480,0.048724722
233482,0.054331742
233483,0.01599431
233489,0.22974378
233490,0.12701079
233496,0.18078339
233497,0.04434146
233508,0.1337136
233509,0.26614162
233512,0.0140144145
233517,0.071783595
233526,0.15554157
233528,0.0462913
233544,0.034370184
233554,0.34446123
233566,0.1553911
233572,0.015481304
233575,0.021892225
233578,0.0042886194
233582,0.43630147
233583,0.07449309
233589,0.08547163
233594,0.09416177
233603,0.08241968
233627,0.020310529
233632,0.05504605
233639,0.019385757
233651,0.057469223
233652,0.11103037
233658,0.014403387
233675,0.027850922
233677,0.061734818
233682,0.027791139
233688,0.08730529
233689,0.11445503
233692,0.046523854
233697,0.2611938
233704,0.07066474
233709,0.09421651
233711,0.13584934
233721,0.025664661
233729,0.022354765
233734,0.008701326
233744,0.017135886
233764,0.11286275
233775,0.11343636
233783,0.38635692
233792,0.031038687
233796,0.024937436
233797,0.065500006
233798,0.05216222
233810,0.051153466
233818,0.073117815
233819,0.04624896
233830,0.044760194
233831,0.05962551
233838,0.02330984
233852,0.055092838
233854,0.0700079
233856,0.020189445
233858,0.05194738
233883,0.010465208
233888,0.020873483
233889,0.017676841
233892,0.025133617
233893,0.009243596
233894,0.037192658
233895,0.14929949
233901,0.0148010235
233927,0.109951906
233928,0.02537508
233929,0.09559508
233960,0.094555855
233965,0.06183947
233970,0.029346293
233975,0.10198554
233981,0.23120944
233991,0.1729762
234012,0.0833172
234016,0.015303385
234024,0.034844965
234025,0.010213522
234027,0.11578364
234034,0.0707305
234035,0.025142392
234048,0.03828164
234069,0.016849488
234077,0.025505524
234086,0.052045073
234103,0.032883283
234110,0.059434686
234115,0.09042359
234126,0.040364478
234135,0.29354984
234136,0.029938977
234147,0.047865063
234151,0.018706208
234159,0.01679418
234163,0.06576391
234174,0.014723722
234186,0.027916566
234187,0.23523626
234192,0.044839673
234198,0.021808894
234205,0.06897848
234215,0.05231662
234220,0.08212456
234225,0.031576455
234227,0.011102411
234228,0.019864852
234231,0.14880635
234232,0.24477404
234236,0.034723565
234239,0.018269511
234240,0.13070707
234242,0.027599392
234262,0.07692235
234267,0.16584079
234283,0.05026605
234284,0.049714215
234286,0.031795975
234291,0.13830744
234302,0.080041505
234303,0.09404915
234308,0.03792573
234320,0.06115
234326,0.049937528
234336,0.05138759
234340,0.17316121
234362,0.006934444
234365,0.039078828
234371,0.015581869
234373,0.062121756
234395,0.009829661
234400,0.07140466
234404,0.10179421
234412,0.040340353
234431,0.085267246
234433,0.25479975
234440,0.047870625
234453,0.059005328
234454,0.03893934
234460,0.024399519
234470,0.14956655
234473,0.016473243
234502,0.10131942
234503,0.095622495
234507,0.2203706
234529,0.10042666
234531,0.016849874
234543,0.014895522
234550,0.33737716
234556,0.020917676
234560,0.051663894
234567,0.011160446
234580,0.13832732
234582,0.15740591
234594,0.025399266
234599,0.12015039
234604,0.011695198
234605,0.06046861
234611,0.019833883
234617,0.039869018
234648,0.0395851
234660,0.007900721
234661,0.09880473
234663,0.09848289
234664,0.00967287
234670,0.01150156
234671,0.17384751
234673,0.032161847
234687,0.17044134
234688,0.050199814
234690,0.10033431
234694,0.02422816
234695,0.0035423774
234704,0.28863072
234705,0.020323493
234710,0.0886349
234718,0.045365702
234719,0.056461174
234732,0.06476771
234739,0.054484222
234755,0.15988655
234760,0.011749981
234778,0.06349665
234781,0.110610984
234786,0.18448855
234788,0.097271815
234789,0.015066733
234802,0.09643494
234809,0.48898846
234814,0.10363363
234823,0.04417752
234825,0.0237948
234829,0.018303916
234838,0.1463638
234847,0.06885559
234876,0.016219847
234908,0.32672003
234914,0.049785584
234917,0.036516055
234935,0.061473884
234936,0.021597873
234941,0.031736385
234942,0.07871211
234943,0.057479274
234946,0.015542036
234947,0.0373766
234960,0.03770626
234967,0.044642095
234980,0.1015378
234990,0.4674986
234996,0.014985461
234999,0.03430727
235002,0.1064499
235021,0.076449774
235025,0.0760054
235034,0.032038134
235037,0.061824914
235046,0.032718897
235051,0.11226587
235052,0.03291006
235054,0.01759716
235061,0.07417614
235066,0.040507402
235076,0.017653482
235087,0.009802969
235089,0.12896587
235091,0.09666571
235107,0.030614892
235118,0.022506284
235123,0.064722024
235134,0.02620312
235137,0.15162334
235146,0.028442793
235147,0.020046763
235153,0.023417044
235166,0.24212068
235168,0.06460725
235183,0.019796297
235187,0.013502429
235189,0.01423239
235202,0.06782812
235214,0.02902909
235215,0.00970481
235216,0.3122054
235219,0.083051234
235223,0.026393477
235231,0.13741043
235240,0.06795054
235252,0.0230231
235253,0.010178224
235254,0.024004148
235259,0.06410341
235270,0.053406376
235275,0.037562832
235283,0.12416716
235291,0.007202706
235306,0.012967181
235327,0.027298987
235337,0.19444472
235342,0.018199645
235356,0.011930717
235357,0.03362937
235372,0.052561376
235378,0.35746974
235386,0.020573007
235401,0.007337851
235403,0.012530233
235423,0.014296126
235424,0.029657546
235434,0.0047006854
235435,0.027743453
235438,0.057703126
235451,0.033204082
235452,0.017926661
235454,0.15231279
235456,0.012667467
235459,0.02627621
235460,0.021711264
235463,0.14673363
235491,0.101408094
235492,0.11451442
235501,0.047303602
235505,0.060990755
235512,0.21359688
235519,0.25148433
235549,0.14076245
235592,0.039018396
235597,0.048959278
235601,0.034461305
235602,0.10884309
235612,0.016719442
235617,0.03842075
235622,0.0140505815
235636,0.010885166
235641,0.020643955
235644,0.034083806
235645,0.015190247
235651,0.07028453
235664,0.03816735
235668,0.25457108
235677,0.01693882
235692,0.009099984
235693,0.016884318
235698,0.08557312
235722,0.119818404
235741,0.030076917
235743,0.42481935
235752,0.014750551
235757,0.15448932
235766,0.010837345
235768,0.12019726
235769,0.036673483
235775,0.055931196
235778,0.13858269
235782,0.31089637
235791,0.12874067
235792,0.077500574
235796,0.17224059
235797,0.12520923
235799,0.17165163
235803,0.14629523
235804,0.1881109
235809,0.044759396
235811,0.039003033
235812,0.030283853
235827,0.11499434
235837,0.027518854
235839,0.04346301
235850,0.16157344
235852,0.018892981
235854,0.08256687
235860,0.021072917
235862,0.033256654
235869,0.0977032
235877,0.029564794
235889,0.19478388
235890,0.13416442
235891,0.023508413
235893,0.04878432
235900,0.016708644
235901,0.048573095
235914,0.010744033
235915,0.418095
235924,0.13704903
235950,0.07827042
235968,0.04021404
235977,0.11068602
235978,0.045152765
235980,0.05668638
235990,0.02959872
235999,0.014505509
236002,0.10899396
236022,0.059673917
236033,0.050395593
236034,0.07978725
236037,0.4531998
236038,0.15509781
236039,0.027205262
236040,0.024066988
236053,0.22992401
236064,0.056927383
236068,0.061632663
236069,0.056763455
236094,0.02282234
236107,0.04382891
236123,0.100210495
236143,0.03906918
236214,0.037913267
236215,0.008017525
236221,0.39090884
236229,0.115658306
236234,0.07038678
236236,0.030901926
236237,0.011114752
236239,0.0697944
236266,0.5045543
236271,0.010473538
236283,0.028282553
236286,0.0061250683
236287,0.31097952
236289,0.0071976446
236293,0.020462641
236302,0.021312863
236303,0.106207915
236313,0.048148144
236324,0.053270105
236330,0.14699703
236332,0.065478675
236345,0.19386142
236350,0.084584825
236352,0.04526955
236359,0.019172689
236362,0.08751063
236373,0.020691076
236378,0.106177956
236391,0.033042256
236395,0.09939429
236412,0.10209161
236418,0.024564523
236421,0.0226056
236451,0.049580384
236454,0.010568833
236457,0.023580398
236463,0.05688366
236469,0.033336386
236476,0.044240415
236485,0.052542344
236508,0.07113283
236509,0.051024925
236525,0.052572787
236527,0.12931159
236529,0.051358122
236555,0.16484174
236562,0.18141498
236568,0.22361936
236569,0.07242226
236580,0.032833867
236581,0.014332556
236583,0.10010154
236586,0.07183481
236594,0.05308429
236631,0.013878546
236632,0.065587685
236634,0.06931545
236638,0.026038758
236643,0.12537773
236648,0.082217224
236655,0.17268835
236656,0.029127717
236657,0.019028941
236663,0.06582557
236681,0.016017133
236683,0.02741306
236691,0.02317613
236698,0.18795599
236713,0.07818415
236727,0.1315683
236732,0.121615544
236733,0.02925843
236735,0.060263585
236737,0.0062068664
236749,0.031220099
236750,0.031498086
236752,0.040431052
236765,0.028759582
236766,0.027669217
236769,0.023696193
236771,0.16927415
236774,0.056700148
236775,0.014895038
236790,0.08854217
236793,0.0332563
236797,0.16134351
236798,0.013348063
236809,0.05146082
236821,0.049241077
236831,0.03971672
236836,0.025634754
236838,0.045740254
236849,0.035324477
236852,0.08197815
236860,0.049308848
236862,0.019825708
236865,0.044534147
236873,0.015105276
236885,0.016713265
236891,0.006317576
236894,0.046577305
236904,0.14235553
236905,0.022505324
236911,0.02966922
236939,0.017784879
236948,0.031700704
236950,0.011355802
236957,0.016432494
236965,0.021303572
236974,0.01506645
236975,0.015118043
236981,0.046329375
236985,0.024737094
236995,0.16003215
237023,0.047333606
237025,0.011480436
237038,0.019792674
237058,0.014763273
237060,0.013251585
237078,0.06391672
237079,0.13361084
237080,0.18725471
237084,0.07661108
237086,0.009098152
237087,0.026899906
237091,0.19219564
237092,0.042183425
237093,0.06991804
237094,0.037786268
237103,0.011172335
237116,0.03918728
237118,0.017610138
237126,0.048962828
237136,0.013611933
237144,0.15488897
237149,0.13674723
237150,0.20744316
237157,0.011350499
237158,0.008554136
237170,0.041866172
237171,0.016142465
237193,0.013918678
237196,0.068258435
237200,0.011042923
237248,0.14406817
237254,0.23344877
237256,0.06396261
237257,0.033548974
237267,0.02340557
237268,0.02178203
237269,0.019098593
237271,0.047598228
237280,0.051828183
237301,0.035223864
237304,0.14071272
237308,0.015731085
237311,0.11277169
237334,0.06561239
237338,0.21751198
237344,0.07268736
237361,0.016108632
237362,0.04410609
237368,0.4532782
237369,0.11623079
237371,0.071747094
237373,0.1278633
237377,0.0474413
237378,0.015462072
237383,0.1282676
237386,0.009618142
237392,0.021975484
237399,0.047383636
237408,0.029210687
237411,0.06852258
237414,0.07521517
237417,0.028509252
237424,0.16607663
237439,0.009486323
237457,0.022294598
237458,0.031842314
237459,0.022977889
237471,0.050261144
237474,0.086956576
237475,0.0991445
237476,0.041741166
237490,0.0806394
237491,0.04226128
237495,0.118130855
237501,0.07602589
237512,0.07531272
237516,0.02917379
237518,0.020395273
237528,0.07570993
237529,0.18700188
237537,0.13622254
237543,0.044331245
237547,0.056753453
237552,0.05206596
237563,0.08381749
237585,0.11027039
237598,0.035104144
237606,0.017855268
237624,0.12671687
237632,0.02120523
237635,0.041309558
237640,0.04121369
237642,0.059304204
237647,0.048293777
237648,0.046576023
237651,0.14785163
237657,0.03884188
237663,0.078564815
237692,0.050984442
237701,0.089232765
237715,0.057758607
237726,0.017982857
237728,0.08265874
237731,0.009243846
237732,0.08013404
237746,0.025560005
237759,0.01659938
237768,0.0210669
237772,0.4608194
237780,0.22137946
237787,0.17007615
237792,0.24677068
237804,0.067788675
237812,0.029303318
237815,0.04713451
237821,0.05136186
237827,0.009289958
237845,0.12831849
237862,0.045435365
237869,0.059107084
237872,0.10818511
237900,0.28706425
237909,0.033030875
237917,0.04970732
237921,0.0038700802
237951,0.12807637
237952,0.12691751
237957,0.0064487928
237960,0.07857764
237963,0.05784675
237973,0.012523715
237984,0.04500551
237990,0.060744897
237997,0.07674434
237998,0.11644609
238025,0.070546724
238027,0.008599589
238052,0.008711861
238053,0.02869586
238054,0.21900284
238065,0.024088204
238066,0.024419347
238075,0.27288577
238082,0.02899383
238087,0.086190715
238114,0.012306859
238117,0.08027522
238127,0.038203504
238129,0.21671496
238133,0.015195212
238135,0.023138985
238152,0.09093925
238157,0.06762363
238163,0.0077664317
238170,0.045189414
238176,0.023820776
238180,0.09652997
238195,0.05285293
238198,0.05644112
238199,0.018381711
238206,0.22975707
238218,0.04727147
238219,0.067958765
238222,0.047004484
238224,0.021441543
238230,0.09362551
238237,0.077464975
238238,0.04210303
238247,0.04121394
238254,0.029334946
238256,0.0048158118
238257,0.031187851
238270,0.165607
238278,0.036874503
238279,0.07100208
238282,0.010774779
238286,0.011087678
238293,0.117124416
238298,0.011618266
238299,0.026155466
238306,0.25411615
238307,0.010469683
238308,0.04832439
238322,0.009069506
238327,0.05839606
238328,0.26894513
238330,0.014315496
238335,0.028663408
238347,0.14723018
238355,0.1747503
238356,0.28589854
238361,0.02052195
238367,0.023241524
238377,0.08040564
238413,0.012910644
238419,0.094049685
238436,0.02082125
238437,0.1127013
238443,0.040537566
238450,0.0059344694
238452,0.013510333
238453,0.19724694
238454,0.21262239
238457,0.06309346
238467,0.05473693
238469,0.023466483
238470,0.02025707
238474,0.29505408
238478,0.24182431
238480,0.11238138
238492,0.027565097
238496,0.094090804
238500,0.084831074
238508,0.4204612
238512,0.037364963
238520,0.027795939
238540,0.03119141
238548,0.05270995
238549,0.029876843
238550,0.051708862
238563,0.022191241
238586,0.024084333
238607,0.017431773
238608,0.04097512
238615,0.08965152
238623,0.108825125
238627,0.029784314
238630,0.2700263
238635,0.085290715
238638,0.074158184
238642,0.019295536
238646,0.0643802
238656,0.0283037
238665,0.05281154
238674,0.022282707
238687,0.039614696
238702,0.105411835
238703,0.027204132
238705,0.08963016
238712,0.20612876
238716,0.048028048
238717,0.108316526
238718,0.045712832
238747,0.059773356
238754,0.15256324
238767,0.07856004
238793,0.013444246
238794,0.25131068
238796,0.1187496
238806,0.058620032
238832,0.17297348
238833,0.043697797
238840,0.118577704
238850,0.009620295
238853,0.026588226
238855,0.020365037
238858,0.041305464
238867,0.40912703
238868,0.042413395
238869,0.27827358
238873,0.042586148
238879,0.1204586
238893,0.22349261
238903,0.010464567
238904,0.051827267
238906,0.25890636
238928,0.029746506
238933,0.11282354
238941,0.10277703
238945,0.04679815
238947,0.024037411
238954,0.027536502
238963,0.05756387
238986,0.08568923
239003,0.20200129
239018,0.024140317
239019,0.20341215
239020,0.10434124
239021,0.10634773
239031,0.02105505
239042,0.06115271
239051,0.027706292
239056,0.06490949
239058,0.061880305
239075,0.08218513
239078,0.038421806
239079,0.03797406
239081,0.009986134
239082,0.07271973
239085,0.1723897
239100,0.030093383
239104,0.052504428
239120,0.11881726
239123,0.02143267
239140,0.17416409
239144,0.016043827
239145,0.15204835
239146,0.022668023
239153,0.014514564
239155,0.010290564
239161,0.11244784
239168,0.03768594
239177,0.1475713
239180,0.05762143
239193,0.0056058327
239199,0.030069623
239206,0.035335593
239207,0.0663635
239209,0.0227401
239221,0.052355666
239225,0.020498466
239227,0.041698407
239237,0.031337433
239249,0.019217126
239273,0.38060835
239282,0.029742008
239290,0.45320916
239298,0.015091023
239302,0.15763003
239307,0.08999239
239309,0.14094594
239314,0.09007787
239319,0.112042084
239328,0.037912346
239334,0.019169863
239343,0.023938954
239344,0.02559984
239356,0.041645553
239357,0.23949386
239428,0.021860426
239429,0.029506193
239453,0.010099245
239471,0.2503381
239479,0.010696457
239480,0.09588136
239485,0.018104047
239489,0.10235431
239518,0.29573298
239522,0.01779903
239525,0.11820526
239540,0.14687207
239567,0.051742896
239573,0.09161499
239574,0.10361296
239578,0.057032958
239587,0.03314109
239588,0.0992584
239597,0.049755633
239603,0.03267999
239612,0.052815393
239616,0.4616137
239617,0.095740065
239618,0.21160334
239631,0.108850904
239639,0.17666249
239644,0.04077845
239672,0.042592626
239680,0.09875791
239685,0.00757352
239687,0.010602124
239715,0.07716346
239722,0.07347651
239733,0.020488339
239746,0.016847773
239748,0.01968862
239760,0.20472911
239765,0.13447806
239766,0.16467471
239774,0.031438492
239775,0.008743611
239788,0.17549162
239795,0.077732235
239796,0.024874909
239801,0.07324716
239808,0.044103004
239816,0.004398511
239819,0.006263753
239825,0.04318039
239832,0.13967614
239840,0.08976889
239845,0.016902048
239853,0.008217734
239862,0.07845711
239867,0.07346794
239873,0.09639162
239884,0.022725143
239920,0.015683806
239924,0.17253016
239937,0.028960226
239938,0.028703276
239948,0.051566023
239951,0.0658874
239952,0.059350975
239996,0.028107472
239998,0.050931677
240013,0.030716827
240027,0.13736106
240028,0.032348953
240036,0.252315
240041,0.14344399
240046,0.04061358
240063,0.026596015
240076,0.009867032
240082,0.24445496
240086,0.043414924
240087,0.015621086
240089,0.08796945
240090,0.011870205
240093,0.23159884
240110,0.15761164
240111,0.09199791
240113,0.007917601
240117,0.020258674
240118,0.11987839
240120,0.033887073
240125,0.24227491
240130,0.06429483
240131,0.30340272
240133,0.05313983
240138,0.26125807
240149,0.034390137
240161,0.03409281
240177,0.20515448
240188,0.14322609
240197,0.07341268
240204,0.14654362
240215,0.024725283
240257,0.02892737
240266,0.032339692
240284,0.09256823
240296,0.018437175
240300,0.022270814
240312,0.008037449
240314,0.12676285
240320,0.028369194
240321,0.13050121
240337,0.09309266
240339,0.06370252
240341,0.13917777
240342,0.14747337
240346,0.01382988
240348,0.1064942
240364,0.04573093
240378,0.037195962
240382,0.1327081
240387,0.022289947
240404,0.013424667
240409,0.038093906
240412,0.021665044
240413,0.20280118
240414,0.071051225
240415,0.016134318
240416,0.08602797
240427,0.028708369
240428,0.12870508
240438,0.15567532
240447,0.010119023
240489,0.1675867
240494,0.13458501
240495,0.04522358
240507,0.049740713
240526,0.20527115
240530,0.13732015
240531,0.17426328
240554,0.040571786
240559,0.046364512
240561,0.05810094
240577,0.04161004
240578,0.083947845
240585,0.16053443
240587,0.12349747
240594,0.11368866
240603,0.0110948635
240615,0.029285107
240629,0.03391817
240631,0.016597286
240637,0.011547831
240646,0.314352
240649,0.058857128
240657,0.024030605
240664,0.16235861
240665,0.4123622
240668,0.02459562
240670,0.32733607
240685,0.14572956
240689,0.087235086
240702,0.016830666
240707,0.059030447
240709,0.1274312
240712,0.18389462
240716,0.056960527
240717,0.03567975
240725,0.014529352
240733,0.012955018
240742,0.20596932
240744,0.0156652
240819,0.08800123
240820,0.0100209145
240826,0.12342557
240836,0.11549636
240839,0.023091087
240847,0.13792764
240859,0.36555982
240866,0.19096367
240868,0.019938085
240875,0.022694368
240878,0.05609041
240888,0.010517478
240896,0.12066981
240897,0.030084735
240898,0.14344561
240899,0.14428246
240900,0.024502512
240901,0.16972329
240902,0.039061893
240903,0.11156799
240904,0.06254962
240910,0.017137438
240916,0.05333086
240921,0.070366144
240923,0.051387377
240929,0.03175272
240930,0.047182325
240931,0.0065754685
240932,0.07845212
240938,0.08089233
240943,0.012562718
240948,0.0212447
240954,0.02457926
240972,0.028490268
240992,0.0844873
240993,0.065456346
240994,0.086523086
241018,0.03318975
241026,0.036776215
241031,0.07948043
241052,0.026366802
241060,0.06123241
241076,0.22414422
241113,0.061859958
241116,0.23602957
241118,0.036753055
241121,0.03111307
241130,0.09142473
241142,0.013222044
241146,0.057823222
241159,0.03682377
241160,0.049925778
241161,0.09024046
241163,0.35737386
241176,0.07678868
241187,0.04089179
241188,0.038253743
241191,0.08293741
241192,0.13739876
241198,0.3020468
241208,0.16301158
241210,0.021769281
241226,0.14221397
241244,0.03407437
241252,0.052602746
241254,0.01758689
241256,0.09616519
241264,0.13610436
241266,0.08932232
241267,0.10405026
241274,0.07188015
241279,0.047467433
241281,0.16919486
241284,0.039057303
241293,0.017715411
241330,0.033930693
241333,0.014941976
241344,0.1594439
241348,0.15484262
241359,0.045454007
241362,0.13783775
241372,0.010909622
241377,0.012936873
241381,0.12912293
241390,0.0155893685
241395,0.0052807303
241397,0.027700042
241401,0.020624142
241402,0.38489693
241415,0.10700414
241417,0.17774881
241426,0.2450157
241432,0.028734287
241436,0.0134322485
241444,0.016783183
241447,0.17125376
241456,0.033780027
241457,0.012307885
241464,0.067546725
241465,0.1439131
241469,0.026667051
241479,0.01715093
241482,0.052840836
241488,0.19754103
241489,0.037701163
241507,0.123543926
241509,0.019642085
241511,0.01609113
241520,0.02323029
241523,0.006039041
241536,0.059597634
241545,0.08299101
241574,0.049776595
241577,0.34163576
241599,0.23730735
241608,0.049783386
241627,0.029795222
241631,0.023109488
241640,0.041608803
241642,0.018908976
241645,0.05587599
241647,0.010752282
241649,0.16962391
241654,0.20192851
241655,0.030139528
241657,0.08147414
241665,0.04658792
241671,0.046369772
241678,0.12308123
241683,0.024505157
241686,0.018037062
241699,0.027844172
241704,0.12092004
241706,0.06809931
241709,0.034185063
241718,0.016527899
241723,0.12555079
241729,0.027625158
241739,0.14143097
241741,0.027121492
241752,0.07625349
241756,0.02316803
241763,0.02822767
241779,0.076188155
241793,0.0062518944
241797,0.030380763
241804,0.06450359
241813,0.027932491
241816,0.108861506
241817,0.16688243
241821,0.01006402
241838,0.1841794
241839,0.08618125
241855,0.10790638
241857,0.04254568
241887,0.0050745714
241888,0.023224952
241899,0.14197244
241903,0.033250105
241908,0.17418423
241914,0.024175497
241919,0.023746936
241933,0.1968759
241943,0.00810405
241947,0.06519424
241957,0.074428685
241960,0.084568694
241961,0.031023288
241965,0.062106702
241971,0.048922777
241982,0.0646401
241990,0.04300334
242011,0.045054074
242022,0.026751537
242023,0.05464143
242025,0.22466524
242035,0.07198859
242037,0.07332304
242043,0.052689504
242067,0.027278595
242075,0.037593115
242077,0.010692764
242088,0.08795843
242103,0.075100094
242125,0.028322335
242134,0.29920328
242143,0.2053445
242144,0.034315106
242148,0.033604793
242155,0.027647251
242163,0.009541231
242171,0.030208599
242182,0.08260532
242185,0.07989441
242188,0.11982759
242201,0.19248256
242203,0.009401508
242204,0.011452407
242208,0.106851876
242210,0.07775506
242217,0.0344422
242219,0.07981797
242222,0.07292549
242224,0.21249838
242229,0.07039959
242231,0.18994752
242236,0.21077739
242256,0.085946046
242264,0.038294084
242269,0.038135964
242280,0.10537641
242281,0.01508622
242285,0.046987396
242295,0.028349893
242302,0.08072379
242314,0.07177151
242319,0.0673236
242332,0.113291435
242338,0.06802819
242342,0.09463073
242343,0.11468499
242345,0.014676406
242354,0.06287979
242361,0.12905721
242365,0.13592245
242373,0.014659673
242378,0.055280227
242383,0.13541672
242385,0.07519492
242389,0.025969012
242397,0.17866637
242404,0.17379817
242406,0.10194277
242410,0.056207716
242436,0.031293444
242439,0.02866688
242440,0.22043803
242444,0.030734375
242445,0.11289566
242455,0.11773579
242477,0.055306874
242479,0.16361287
242484,0.060862564
242491,0.06521179
242492,0.0355945
242497,0.016963605
242498,0.023085434
242499,0.22918604
242500,0.11991893
242501,0.054054476
242502,0.07605702
242516,0.05598117
242518,0.06496118
242523,0.10038522
242525,0.021515679
242537,0.05906802
242549,0.019401787
242550,0.021977235
242553,0.0046765306
242554,0.018419588
242561,0.034633063
242566,0.3519501
242567,0.096072994
242587,0.07371012
242598,0.021524835
242609,0.24538092
242611,0.056174856
242614,0.06848141
242617,0.23688215
242622,0.16939314
242623,0.09587969
242629,0.01991918
242633,0.02149514
242636,0.14635785
242637,0.1893634
242642,0.061075747
242651,0.020646572
242655,0.024011143
242667,0.018212965
242668,0.012207121
242670,0.019497208
242681,0.015630342
242689,0.03572487
242690,0.26046053
242692,0.09962567
242693,0.026730396
242699,0.07891202
242706,0.03855061
242712,0.25361368
242714,0.09421222
242715,0.03302215
242721,0.083174214
242725,0.013063129
242728,0.078673445
242740,0.012458668
242741,0.014752866
242762,0.15785502
242766,0.076601215
242772,0.016152024
242779,0.04995718
242782,0.030543344
242795,0.13851687
242796,0.020886507
242800,0.018494109
242810,0.044816695
242816,0.10740348
242824,0.07479008
242829,0.16346733
242833,0.017480412
242837,0.11079437
242851,0.09356281
242857,0.19344494
242858,0.091557294
242860,0.031596363
242874,0.033012796
242876,0.06975774
242877,0.009542998
242879,0.009999556
242890,0.07119435
242897,0.02134746
242898,0.010850433
242904,0.0084712375
242916,0.008935387
242920,0.083775684
242924,0.06557498
242930,0.033436634
242936,0.089028634
242938,0.010228472
242951,0.11994628
242952,0.026906403
242956,0.02812576
242970,0.33807385
242972,0.009865676
242973,0.01436985
242975,0.018530691
242979,0.16769269
242985,0.025564222
242989,0.013673128
242994,0.3563986
242996,0.16098377
243004,0.11358727
243013,0.023171062
243015,0.03158734
243017,0.033032462
243022,0.014345705
243075,0.30416682
243077,0.025616027
243089,0.032629322
243096,0.026083594
243099,0.033771995
243109,0.04919464
243110,0.09019171
243111,0.008601707
243112,0.015034641
243114,0.087651886
243124,0.505581
243128,0.47632542
243136,0.035169706
243143,0.026419673
243148,0.12025514
243151,0.022834927
243152,0.040436573
243163,0.060708765
243170,0.01722497
243173,0.011696256
243184,0.08590356
243187,0.07083509
243193,0.15275423
243206,0.136517
243208,0.017013174
243236,0.020142218
243237,0.10702283
243241,0.010350793
243244,0.012990278
243251,0.11479411
243256,0.045433145
243257,0.02860381
243263,0.075386845
243265,0.10122114
243276,0.036099385
243283,0.0740399
243287,0.02139487
243289,0.17917931
243291,0.023407787
243294,0.03741237
243299,0.16546129
243301,0.14851412
243302,0.09264061
243310,0.06653819
243313,0.25754276
243334,0.1544372
243335,0.05622024
243345,0.020619622
243353,0.015971273
243369,0.023721376
243371,0.083373204
243375,0.08149316
243383,0.28700542
243387,0.0080421865
243390,0.28181374
243398,0.0046824226
243399,0.03879308
243401,0.018419873
243412,0.01504595
243430,0.034472715
243433,0.05739093
243440,0.034052525
243445,0.31278887
243475,0.08324213
243481,0.056425843
243501,0.16494215
243518,0.21067977
243528,0.0186953
243544,0.050251547
243550,0.04717821
243555,0.052424494
243558,0.1545244
243559,0.24689023
243569,0.08582956
243580,0.020512851
243581,0.006864252
243590,0.028371165
243611,0.053176057
243619,0.037636355
243643,0.08485134
243659,0.08640269
243664,0.02378325
243665,0.37926787
243679,0.03268997
243680,0.07412926
243681,0.018636435
243689,0.14178352
243699,0.07710009
243700,0.101700716
243703,0.038527764
243714,0.40089905
243734,0.016882181
243741,0.19596533
243747,0.023162365
243757,0.16332743
243764,0.28204036
243766,0.057872962
243770,0.03370562
243774,0.11105687
243777,0.033535574
243778,0.03286889
243783,0.07984283
243788,0.14097863
243801,0.057586204
243802,0.020418609
243805,0.2596304
243821,0.08727388
243828,0.052096028
243831,0.12167111
243838,0.25175434
243850,0.0042197215
243861,0.021105431
243871,0.3123212
243873,0.044348992
243874,0.10815213
243875,0.033615775
243891,0.03379533
243893,0.0658496
243900,0.034490336
243907,0.33994985
243908,0.2782763
243916,0.091935925
243921,0.07155456
243943,0.0355668
243958,0.22095118
243963,0.15959637
243965,0.047045734
243968,0.023802837
243978,0.104904756
243993,0.050083037
243996,0.09939871
244004,0.11439314
244006,0.09807914
244045,0.05799111
244046,0.01763449
244047,0.026208991
244049,0.01364703
244051,0.07607152
244058,0.07465128
244093,0.030751234
244100,0.03505069
244102,0.17600004
244104,0.074516244
244108,0.009628781
244112,0.12892641
244114,0.04503665
244134,0.054433793
244136,0.030731622
244140,0.012224457
244151,0.015042729
244152,0.113009885
244164,0.16991174
244168,0.02780064
244173,0.020508379
244176,0.024697496
244179,0.007958383
244189,0.05399543
244201,0.055602614
244205,0.12620868
244212,0.14637539
244216,0.0123823555
244226,0.046047986
244228,0.026041146
244238,0.07417133
244246,0.01885905
244252,0.06517667
244257,0.033551317
244266,0.08615497
244268,0.10534599
244280,0.039979525
244290,0.029287433
244294,0.2371375
244295,0.1422764
244296,0.36245632
244298,0.09146235
244307,0.06988633
244321,0.025958773
244322,0.051274262
244324,0.016669214
244335,0.12947738
244346,0.084044926
244364,0.042108987
244372,0.16443712
244377,0.19743036
244387,0.33748037
244388,0.22517285
244395,0.19272274
244396,0.016715469
244403,0.020728929
244416,0.09355684
244417,0.018715056
244420,0.043403942
244421,0.04098792
244428,0.15121315
244429,0.2187461
244432,0.17420807
244456,0.124090336
244460,0.09615404
244461,0.105635256
244464,0.011241937
244470,0.0151935
244475,0.07727941
244484,0.20639184
244487,0.023837453
244489,0.053339742
244498,0.1498443
244526,0.11858047
244529,0.48242754
244534,0.027378412
244536,0.16825816
244543,0.3832
244545,0.05524644
244555,0.02956183
244560,0.20141473
244562,0.13161732
244570,0.1666464
244572,0.21476369
244574,0.10965011
244605,0.20661147
244612,0.0702486
244624,0.030579498
244631,0.0050485055
244632,0.16559507
244643,0.0071873306
244652,0.103515856
244666,0.0073766345
244671,0.031912833
244672,0.02628887
244683,0.025482472
244690,0.05540654
244696,0.021620017
244703,0.015326563
244710,0.063892156
244713,0.08690608
244719,0.030914864
244724,0.09948196
244736,0.09643401
244763,0.17648128
244764,0.2873867
244765,0.28681493
244767,0.14510725
244772,0.06693521
244786,0.072281845
244789,0.053066786
244794,0.03794321
244799,0.012259513
244810,0.015086686
244815,0.010924996
244830,0.017099537
244848,0.08726909
244852,0.011490127
244866,0.015885908
244867,0.15303427
244874,0.033585582
244887,0.041019917
244891,0.089703195
244897,0.24313864
244898,0.004894845
244909,0.085685484
244910,0.1417621
244913,0.15223183
244925,0.08000186
244928,0.06459488
244932,0.024329897
244942,0.019172551
244943,0.1837903
244949,0.07800051
244954,0.037851393
244971,0.08221864
244973,0.34347045
244989,0.1479486
245001,0.016639264
245012,0.059313487
245026,0.19532639
245030,0.047128204
245036,0.046187785
245049,0.2536829
245057,0.024555258
245062,0.052478086
245063,0.045962635
245074,0.01406981
245076,0.035205863
245105,0.039242838
245106,0.020733459
245121,0.03859529
245124,0.121083
245129,0.008709383
245133,0.12759607
245138,0.068511926
245150,0.11603332
245156,0.11663356
245157,0.0760097
245168,0.18683386
245170,0.020156052
245177,0.03090435
245178,0.023507185
245182,0.002426673
245208,0.031950943
245219,0.23223191
245221,0.017350947
245222,0.03512224
245224,0.032743134
245225,0.023730034
245233,0.09903317
245234,0.041883275
245244,0.071983345
245253,0.22495136
245260,0.039233092
245272,0.02379845
245281,0.02129131
245296,0.15883812
245297,0.19484611
245303,0.017406156
245309,0.16624054
245313,0.0048036124
245316,0.030920792
245328,0.03450187
245344,0.044731
245351,0.0634892
245357,0.10364822
245367,0.021600261
245369,0.1591271
245376,0.1227033
245381,0.014451363
245411,0.06384158
245426,0.049779642
245428,0.011078443
245430,0.102564596
245437,0.2687002
245443,0.015354842
245450,0.018186938
245452,0.050798483
245468,0.13473545
245481,0.016515307
245486,0.018357145
245496,0.047686096
245501,0.123425744
245502,0.034037728
245503,0.026986923
245564,0.30242425
245567,0.093679175
245568,0.29368228
245576,0.26520315
245577,0.062097285
245578,0.022105608
245595,0.031273484
245598,0.011935603
245604,0.029999102
245611,0.023124412
245615,0.14634016
245617,0.014876866
245627,0.06766041
245659,0.056967225
245661,0.09143525
245681,0.056943588
245687,0.09540235
245697,0.1109683
245708,0.051217813
245713,0.04193808
245717,0.02675752
245720,0.019580686
245721,0.2228341
245724,0.080404595
245728,0.13973023
245738,0.04111505
245746,0.036727227
245747,0.113293536
245748,0.069795564
245766,0.027728591
245767,0.14655893
245784,0.03398369
245792,0.06604712
245802,0.11458641
245804,0.014835606
245815,0.021216337
245820,0.041389678
245830,0.046622172
245834,0.01545364
245836,0.03921781
245844,0.06349052
245853,0.014733715
245862,0.028791191
245863,0.18570653
245882,0.07846422
245892,0.016022779
245906,0.08685581
245913,0.017069742
245926,0.0071231215
245932,0.026221078
245933,0.009914016
245934,0.060573578
245939,0.19575754
245948,0.12980856
245955,0.035868943
245957,0.012140951
245967,0.08807721
245979,0.015922247
245980,0.0878961
245989,0.03549434
245992,0.034746114
245994,0.04207264
246006,0.03149158
246010,0.010670839
246017,0.1055869
246041,0.02655469
246045,0.025994541
246053,0.06275591
246057,0.050069015
246059,0.08472353
246061,0.02575792
246079,0.007880811
246082,0.039884895
246089,0.04480113
246091,0.022417512
246102,0.053396195
246127,0.18838568
246134,0.034049295
246135,0.06638908
246138,0.35791963
246143,0.039240126
246146,0.21203873
246148,0.04133252
246152,0.25629717
246155,0.03794532
246164,0.02292959
246171,0.11254948
246185,0.04107468
246192,0.17101169
246200,0.08331927
246208,0.024019552
246210,0.07140214
246213,0.02747341
246214,0.16580747
246229,0.028768988
246242,0.014420772
246250,0.14438014
246258,0.01581937
246267,0.2203674
246273,0.04494211
246287,0.010543915
246289,0.048681904
246290,0.14175005
246302,0.021081707
246303,0.04013602
246304,0.022083597
246312,0.07910542
246319,0.3578314
246321,0.051450696
246335,0.19034056
246337,0.02609139
246348,0.006052081
246358,0.03877238
246362,0.1164042
246369,0.016480468
246374,0.055881273
246382,0.2845406
246384,0.07249988
246386,0.2532282
246390,0.039495125
246396,0.018156897
246400,0.11398195
246401,0.021923002
246405,0.10792001
246415,0.13645206
246416,0.06819243
246418,0.08678481
246422,0.0109272115
246423,0.022936946
246426,0.10179232
246429,0.11537761
246432,0.058395546
246444,0.11881868
246448,0.10657649
246455,0.18876053
246469,0.13228478
246482,0.014713759
246488,0.0138202915
246489,0.104013
246491,0.028639095
246502,0.017666107
246516,0.024427833
246524,0.16230474
246525,0.13109136
246543,0.14192696
246550,0.0782309
246554,0.06594534
246558,0.0064410316
246559,0.16372424
246560,0.121231124
246561,0.014097333
246562,0.02280431
246564,0.03993969
246585,0.32474852
246615,0.12534788
246618,0.028120866
246619,0.03638371
246621,0.17487204
246624,0.014145403
246625,0.018125836
246627,0.13523684
246628,0.030051151
246631,0.07261938
246633,0.13791226
246654,0.04165
246660,0.059157666
246665,0.17887682
246669,0.08415645
246681,0.022761716
246700,0.1966835
246705,0.039164267
246708,0.05874824
246711,0.27151275
246724,0.06787301
246740,0.015277504
246744,0.11251516
246745,0.21659794
246746,0.03651759
246748,0.006854965
246752,0.21399148
246758,0.10644015
246762,0.037989672
246765,0.044100992
246786,0.056735072
246798,0.02693536
246807,0.04698632
246816,0.17343447
246820,0.029970303
246833,0.022943748
246835,0.21661842
246836,0.070355654
246845,0.091747805
246849,0.046304755
246857,0.220258
246861,0.029608412
246871,0.01797539
246872,0.24959713
246877,0.018648757
246879,0.00500893
246894,0.29241514
246896,0.017963273
246905,0.02641989
246907,0.06870682
246928,0.020732215
246935,0.0076078027
246939,0.05586909
246947,0.015164112
246951,0.014268185
246956,0.04381963
246972,0.05283517
246979,0.029681949
247003,0.038030077
247005,0.2533002
247006,0.04053193
247008,0.011538587
247014,0.19538924
247027,0.013384724
247032,0.093677536
247036,0.17022783
247080,0.101198085
247083,0.02699088
247086,0.14161405
247092,0.039581727
247098,0.050991904
247103,0.17378078
247105,0.039036237
247108,0.031543925
247118,0.14408284
247123,0.07186191
247129,0.08372069
247139,0.11073698
247147,0.023699122
247153,0.06624139
247157,0.04955703
247179,0.02760068
247190,0.123555556
247213,0.07043539
247220,0.020170098
247234,0.014023907
247260,0.017790936
247265,0.07561888
247269,0.20230347
247272,0.029490761
247277,0.016433602
247278,0.14093876
247280,0.04531366
247290,0.04942642
247296,0.045710802
247314,0.074170165
247316,0.08698917
247328,0.02085517
247332,0.045191634
247336,0.18385448
247340,0.16344084
247342,0.074507706
247347,0.057972074
247350,0.06091108
247351,0.03492715
247353,0.12301351
247354,0.043920334
247360,0.024723321
247371,0.03261328
247378,0.025739223
247394,0.15168267
247402,0.022006009
247406,0.082766525
247409,0.041734867
247446,0.033026256
247453,0.023668095
247455,0.14575773
247463,0.015803322
247484,0.02333899
247485,0.06574658
247492,0.09391841
247497,0.088388
247510,0.03319576
247521,0.04712421
247527,0.13012633
247534,0.13510159
247537,0.0932942
247558,0.04246869
247559,0.024094759
247560,0.15260054
247567,0.14183101
247572,0.15797025
247582,0.03520491
247583,0.2654406
247594,0.03906417
247595,0.015823232
247597,0.0646125
247598,0.023254013
247607,0.09932032
247619,0.1046985
247632,0.25694576
247638,0.057870157
247639,0.18173441
247646,0.059480883
247655,0.030994752
247660,0.008199559
247672,0.09920087
247677,0.012144504
247682,0.052818898
247685,0.21108827
247690,0.07049786
247701,0.009611304
247708,0.31279743
247715,0.07238367
247734,0.027497113
247758,0.04863854
247761,0.017974826
247763,0.015336288
247766,0.022411076
247774,0.041732147
247775,0.07695757
247779,0.01528895
247781,0.11602597
247783,0.09097102
247785,0.041592
247787,0.0077301124
247793,0.004664328
247798,0.027296359
247802,0.09195448
247805,0.041851327
247814,0.011849831
247816,0.0992631
247834,0.019892214
247836,0.01598989
247844,0.14513974
247849,0.11338365
247852,0.012043166
247859,0.020094503
247861,0.18672062
247867,0.020608978
247868,0.02080453
247883,0.04468143
247890,0.020920224
247892,0.28873587
247896,0.013413191
247897,0.01651362
247902,0.26013035
247904,0.04054368
247909,0.030819822
247910,0.026499275
247911,0.14166601
247929,0.015499958
247930,0.0068509146
247935,0.022611087
247942,0.22775744
247950,0.038843058
247951,0.042878237
247972,0.09428547
247989,0.058486655
247993,0.05823324
247995,0.11202835
248012,0.028446482
248018,0.04939538
248019,0.04088071
248036,0.01331581
248037,0.12590945
248039,0.023435622
248040,0.2010095
248043,0.11208488
248054,0.017607044
248056,0.04576512
248068,0.132407
248075,0.10534219
248085,0.037061673
248087,0.04212789
248089,0.02190189
248095,0.017091446
248105,0.056954075
248109,0.0702559
248115,0.034180067
248131,0.094547376
248135,0.13532658
248148,0.1191572
248154,0.13129254
248156,0.031287137
248165,0.13908537
248169,0.056580655
248173,0.00905079
248179,0.023294566
248187,0.025176086
248204,0.023457112
248207,0.18184707
248210,0.22871281
248212,0.04068429
248214,0.022775207
248229,0.05935201
248236,0.07418076
248239,0.08895206
248240,0.15954776
248246,0.0121480515
248249,0.048988003
248261,0.05090862
248267,0.020437984
248268,0.06043907
248272,0.015124306
248276,0.0477228
248293,0.11209528
248303,0.07669449
248307,0.052348264
248308,0.1784034
248327,0.046531763
248330,0.026352905
248345,0.08072885
248355,0.024521679
248364,0.12220476
248368,0.15222786
248373,0.10602697
248375,0.15153648
248378,0.054472238
248390,0.025401065
248394,0.035924572
248405,0.015710078
248409,0.10540917
248411,0.052822754
248415,0.098241545
248416,0.028556399
248419,0.1918038
248421,0.017685654
248422,0.02137766
248424,0.010637043
248427,0.04481214
248429,0.44889337
248435,0.012575608
248452,0.07662624
248461,0.06897354
248467,0.034473207
248472,0.077368714
248473,0.013433985
248476,0.042087816
248488,0.28507543
248489,0.14804702
248505,0.029261421
248509,0.057084423
248510,0.17622794
248512,0.03137446
248524,0.35854557
248526,0.062340036
248528,0.026886972
248533,0.0076476256
248546,0.035116885
248568,0.042071726
248570,0.061122783
248579,0.062110733
248583,0.11980805
248585,0.0070884298
248586,0.07341228
248596,0.008603895
248597,0.1575567
248601,0.010146045
248605,0.09888849
248613,0.036779247
248618,0.03712711
248622,0.041293323
248626,0.008489826
248627,0.016621236
248628,0.018609934
248635,0.058232754
248636,0.030284084
248644,0.019627152
248667,0.15764233
248675,0.023299726
248677,0.0478434
248693,0.18169653
248694,0.10352484
248699,0.0054835817
248706,0.15312159
248726,0.07806093
248728,0.023228727
248731,0.07137385
248736,0.3883557
248738,0.19005528
248739,0.0141371405
248744,0.105493344
248745,0.068424
248756,0.021679226
248760,0.066100754
248767,0.18602808
248770,0.038087353
248772,0.07253803
248773,0.033307135
248785,0.014615972
248789,0.028368674
248791,0.057496432
248797,0.049039826
248826,0.013023672
248853,0.038063567
248854,0.018767156
248856,0.13120024
248861,0.036859434
248869,0.17531383
248871,0.03078585
248877,0.01889676
248883,0.17505106
248891,0.007838326
248892,0.33943826
248905,0.020020077
248910,0.024070865
248914,0.027965719
248921,0.08634305
248931,0.07941995
248934,0.054122772
248951,0.036014125
248954,0.09333274
248961,0.026869169
248966,0.022687372
248968,0.15582861
248977,0.024199804
248978,0.06476978
248986,0.23822069
249000,0.008336744
249005,0.058671415
249025,0.0055691143
249040,0.21797705
249045,0.03166689
249056,0.03121511
249057,0.017307814
249075,0.09609739
249084,0.07624378
249089,0.055338316
249095,0.2563946
249101,0.07676204
249113,0.022577828
249116,0.022724688
249118,0.048462406
249137,0.14331502
249140,0.047481935
249149,0.1733075
249151,0.036737796
249154,0.043854624
249155,0.042023353
249171,0.02158791
249173,0.22955559
249190,0.036668953
249191,0.034959782
249197,0.05127432
249205,0.16828337
249212,0.13706563
249228,0.0826361
249235,0.11369998
249266,0.017741393
249269,0.021658814
249277,0.10377503
249298,0.031981397
249305,0.092069246
249310,0.033018444
249313,0.11387297
249320,0.19123034
249321,0.0052272
249332,0.013888768
249333,0.039995596
249339,0.10170076
249343,0.19298454
249345,0.06194238
249347,0.05669529
249348,0.028164078
249358,0.0045960294
249370,0.29272848
249382,0.11954014
249397,0.016123096
249398,0.06646347
249400,0.095884316
249403,0.37692177
249412,0.1625375
249421,0.13384394
249422,0.03138538
249426,0.020383786
249445,0.018871708
249460,0.032818645
249465,0.006253601
249467,0.014328037
249481,0.098739654
249495,0.043310422
249496,0.09097606
249505,0.0348808
249507,0.03182822
249523,0.047210254
249528,0.07730286
249532,0.06777711
249534,0.10706399
249540,0.02812514
249542,0.10013971
249557,0.027731882
249559,0.28306866
249578,0.012953445
249581,0.0133588435
249588,0.07873565
249595,0.059128243
249603,0.08494584
249615,0.03131482
249630,0.10330449
249636,0.04718332
249640,0.043018844
249648,0.019990863
249657,0.014713661
249661,0.010903458
249664,0.013294333
249668,0.16155651
249677,0.0650971
249681,0.039883193
249687,0.09964357
249688,0.05022307
249695,0.36237028
249703,0.02905206
249705,0.09855319
249718,0.22629146
249719,0.08687003
249720,0.0783308
249726,0.010533712
249728,0.061707206
249742,0.050337326
249764,0.081436574
249768,0.08220553
249770,0.053388603
249774,0.021568978
249779,0.059692908
249783,0.020517446
249801,0.3696521
249808,0.052070517
249818,0.0076650768
249820,0.15970677
249832,0.15751639
249839,0.0093725845
249843,0.1052044
249845,0.06561532
249847,0.09087538
249878,0.18423952
249883,0.03332995
249895,0.13729678
249898,0.111755766
249906,0.12182658
249909,0.013955585
249913,0.051381487
249920,0.24492647
249921,0.009321802
249928,0.19329464
249941,0.03920559
249951,0.014695168
249955,0.08324104
250020,0.02823391
250022,0.064898014
250026,0.047716204
250038,0.10090501
250045,0.16343859
250048,0.060915936
250049,0.09153081
250051,0.048178617
250056,0.1206396
250073,0.020746654
250085,0.012502504
250088,0.1649964
250091,0.07823034
250092,0.10322494
250093,0.018554386
250095,0.030301293
250098,0.14739162
250105,0.054571338
250114,0.24596325
250127,0.1208783
250134,0.1437875
250137,0.008365938
250153,0.10309017
250156,0.06792827
250176,0.036701873
250188,0.070113376
250189,0.061188433
250211,0.081017606
250212,0.17297514
250217,0.01109297
250226,0.08808594
250236,0.66945773
250237,0.11756164
250246,0.06924137
250270,0.07827966
250276,0.15687208
250299,0.1206386
250311,0.004500979
250312,0.12074806
250319,0.04508407
250324,0.033216294
250331,0.017783396
250340,0.044849955
250347,0.0076082414
250354,0.027810182
250358,0.03394169
250359,0.01713559
250361,0.2932159
250363,0.059123363
250371,0.18004462
250377,0.07495647
250381,0.031683907
250391,0.021056112
250415,0.035792
250416,0.08717868
250430,0.118211694
250431,0.047801364
250438,0.065129824
250444,0.11759621
250453,0.09482306
250458,0.094558485
250462,0.19659346
250469,0.018493356
250473,0.017279094
250481,0.066601045
250498,0.3232052
250502,0.2836228
250508,0.06308443
250514,0.010723608
250521,0.02359033
250522,0.28931287
250530,0.008717502
250531,0.008218332
250533,0.013329242
250539,0.09253469
250541,0.058396634
250545,0.20311789
250557,0.1897206
250576,0.040166628
250579,0.0127590615
250585,0.4589678
250586,0.033092774
250591,0.15312186
250592,0.032960344
250596,0.018060489
250616,0.021578575
250617,0.019966735
250632,0.10387089
250636,0.09879277
250640,0.07584646
250657,0.16027695
250658,0.08105293
250661,0.023752961
250684,0.06826699
250685,0.038201947
250691,0.12842752
250692,0.043300103
250712,0.013739419
250713,0.015328578
250719,0.07931852
250737,0.057618365
250749,0.029568817
250772,0.03508017
250773,0.30598733
250774,0.044034254
250781,0.08801434
250783,0.021458762
250810,0.047155567
250814,0.026789688
250819,0.014990613
250831,0.027224919
250855,0.020265382
250867,0.11710618
250878,0.029542781
250887,0.010062244
250889,0.026188554
250890,0.049417876
250900,0.12523639
250904,0.0711994
250909,0.052119285
250913,0.052281894
250914,0.042875104
250915,0.094972365
250918,0.06623789
250922,0.19247009
250925,0.052612856
250939,0.052190166
250949,0.01922795
250956,0.04260047
250961,0.073226295
250963,0.06150863
250965,0.13372265
250968,0.030317698
250970,0.046734728
250981,0.06640325
250990,0.007786804
251001,0.12482605
251002,0.019964239
251011,0.21516448
251013,0.04013918
251021,0.018457508
251022,0.021423612
251029,0.010543253
251046,0.018671285
251047,0.038285077
251058,0.0058957255
251063,0.06907658
251064,0.031471703
251073,0.17889962
251083,0.07999321
251085,0.106610775
251091,0.1442953
251096,0.03051476
251105,0.4211081
251115,0.106682956
251123,0.01568463
251133,0.07239123
251152,0.038613286
251165,0.072756104
251180,0.1009296
251196,0.081445314
251197,0.115098566
251214,0.0128276255
251215,0.36844778
251217,0.102909565
251219,0.025469935
251233,0.017295612
251234,0.088801496
251245,0.020273024
251248,0.2963256
251255,0.005325927
251267,0.014825693
251272,0.065774195
251276,0.041653454
251288,0.07402715
251297,0.045770004
251298,0.0709931
251300,0.05341306
251301,0.03202838
251302,0.050250452
251303,0.13248041
251311,0.016713282
251314,0.088634074
251322,0.029376132
251324,0.19293128
251333,0.10317717
251336,0.1870024
251341,0.05973451
251346,0.0341543
251370,0.034658886
251378,0.059759334
251396,0.04289128
251401,0.083345
251413,0.014828416
251422,0.013336825
251423,0.03563063
251434,0.15747066
251436,0.1174972
251443,0.078044586
251445,0.08458492
251455,0.034026403
251465,0.04436466
251470,0.013635033
251475,0.47097334
251488,0.036882788
251498,0.073235594
251504,0.14431675
251506,0.22145525
251530,0.092765
251534,0.14991836
251538,0.22904499
251543,0.032118
251557,0.13245066
251558,0.12879811
251567,0.02191541
251575,0.04937867
251579,0.04495612
251598,0.102897674
251599,0.037655212
251606,0.027367951
251608,0.058232907
251620,0.14906876
251624,0.037122842
251629,0.01300485
251631,0.046372492
251654,0.21679427
251671,0.016293986
251677,0.030965125
251682,0.030532822
251684,0.09507235
251689,0.063793875
251700,0.07513055
251716,0.037947215
251719,0.093523145
251727,0.028379973
251731,0.20312005
251732,0.0218698
251737,0.020175155
251744,0.025385652
251750,0.03674828
251754,0.24141435
251759,0.013798077
251761,0.31596845
251762,0.19096945
251765,0.019625152
251768,0.035886347
251770,0.008704214
251777,0.02314788
251786,0.017383825
251795,0.06641666
251805,0.11618738
251833,0.05462056
251839,0.02830543
251848,0.3524596
251851,0.049191996
251893,0.020586584
251909,0.012004359
251918,0.064018
251920,0.0274526
251922,0.26935706
251923,0.26770595
251926,0.11933553
251933,0.014227052
251938,0.07394279
251948,0.073006354
251955,0.07642385
251956,0.07319907
251957,0.021238964
251964,0.038202938
251965,0.14957167
251966,0.031418815
251972,0.022585623
251980,0.029106675
252003,0.02248819
252016,0.046279904
252028,0.10310754
252032,0.029023256
252046,0.015289654
252054,0.014189125
252060,0.10854524
252073,0.023757402
252088,0.015287866
252092,0.011198245
252096,0.16220427
252113,0.03451027
252115,0.011335398
252121,0.015327074
252133,0.11135315
252135,0.013529074
252145,0.18170811
252151,0.006914926
252167,0.06473056
252169,0.08121822
252175,0.19877829
252189,0.1370587
252190,0.13317455
252191,0.25250983
252198,0.100764334
252212,0.161511
252223,0.0176599
252224,0.12328985
252228,0.2620701
252253,0.025982784
252257,0.16407913
252261,0.07359198
252265,0.088104516
252272,0.18229914
252273,0.1348594
252286,0.48523295
252312,0.010398559
252322,0.052058905
252326,0.12962614
252332,0.022726344
252345,0.036929395
252348,0.054918513
252354,0.07913624
252358,0.060516957
252364,0.101298325
252366,0.30685598
252369,0.1819513
252374,0.04591779
252382,0.04705789
252417,0.2311304
252425,0.28018513
252426,0.043257438
252429,0.095215954
252434,0.2511591
252447,0.031792928
252450,0.019112881
252452,0.17842226
252460,0.011450393
252463,0.04358047
252465,0.06395594
252492,0.13124879
252493,0.13846542
252518,0.089899786
252522,0.10726227
252524,0.037706383
252531,0.028210266
252533,0.103976525
252540,0.08373585
252543,0.016694477
252544,0.03074188
252555,0.019138018
252558,0.121090144
252562,0.01918933
252565,0.19037777
252568,0.005287229
252569,0.023582341
252573,0.051616337
252582,0.028134258
252596,0.051459912
252599,0.009650162
252603,0.036102172
252606,0.031542134
252630,0.020487143
252636,0.021614157
252651,0.058023885
252653,0.008079655
252679,0.20430523
252682,0.11340981
252687,0.20508066
252713,0.008081409
252715,0.0068477816
252721,0.25610906
252726,0.042153727
252746,0.056837812
252754,0.008199089
252760,0.020015799
252762,0.34963536
252763,0.07540619
252764,0.13673377
252768,0.028689388
252773,0.027987668
252774,0.06829066
252782,0.060487222
252784,0.027538856
252797,0.029987691
252798,0.007463522
252809,0.09591886
252819,0.01706308
252840,0.034654275
252862,0.014581105
252863,0.15247814
252865,0.06906187
252870,0.07292132
252880,0.06838603
252881,0.048212316
252888,0.12755175
252889,0.060465556
252894,0.04622576
252899,0.038874187
252911,0.031556927
252918,0.003786427
252926,0.026928587
252929,0.056430895
252932,0.19590816
252939,0.03874314
252940,0.047880244
252970,0.013669366
252971,0.025452647
252980,0.13242738
252981,0.050781745
252986,0.038219847
252990,0.017915709
253004,0.051369555
253011,0.024167242
253015,0.021615207
253022,0.033969205
253032,0.023181003
253044,0.505864
253056,0.025240678
253065,0.090521626
253066,0.034353074
253067,0.03220447
253079,0.03722709
253088,0.065165825
253098,0.053466532
253099,0.16312185
253112,0.06399122
253113,0.09119447
253133,0.053303447
253149,0.016165609
253151,0.036956064
253153,0.03607252
253160,0.03452715
253164,0.0320627
253169,0.19576819
253177,0.010850219
253183,0.20428403
253198,0.06865785
253206,0.040509842
253214,0.17997162
253218,0.033119347
253224,0.02147513
253227,0.011373649
253231,0.018689308
253247,0.03256518
253251,0.058806058
253262,0.03783103
253264,0.06085883
253265,0.08826437
253273,0.061981164
253275,0.013201306
253278,0.011871996
253284,0.10708918
253298,0.051826753
253313,0.110022314
253317,0.0155221075
253322,0.14526245
253326,0.07674586
253332,0.1973021
253338,0.017940005
253339,0.010811638
253346,0.012189844
253348,0.32840574
253350,0.015638722
253357,0.1484336
253363,0.07518995
253365,0.009317079
253369,0.016991131
253373,0.13985886
253378,0.030010482
253383,0.17686567
253392,0.026118485
253395,0.017404206
253398,0.018595912
253410,0.16362567
253419,0.016514363
253420,0.11523039
253421,0.12969618
253441,0.1268624
253442,0.031477816
253446,0.04773509
253447,0.09035075
253465,0.073076755
253488,0.1113675
253492,0.020765165
253499,0.4071866
253500,0.21266493
253501,0.051571667
253509,0.039141245
253521,0.0329716
253534,0.019067962
253544,0.06823765
253555,0.07638665
253557,0.07514419
253559,0.0062024356
253583,0.123890474
253587,0.024857875
253589,0.038158335
253591,0.045624483
253596,0.031937502
253600,0.023581496
253605,0.014385026
253620,0.041688435
253628,0.016456356
253631,0.15139368
253634,0.007527619
253639,0.033647995
253641,0.15794484
253661,0.025337152
253672,0.09553251
253679,0.025761642
253683,0.0667132
253696,0.013355846
253706,0.039467964
253708,0.039375048
253712,0.0077407593
253717,0.010769815
253720,0.09143289
253731,0.048036467
253734,0.09500352
253743,0.043381233
253744,0.023901803
253748,0.026149748
253754,0.08132886
253761,0.08056698
253787,0.16969916
253788,0.04079428
253796,0.28311116
253826,0.19384265
253829,0.07952233
253837,0.16343553
253841,0.1392757
253843,0.03677263
253844,0.07516145
253845,0.056121077
253849,0.1361049
253854,0.04941082
253861,0.023999637
253863,0.028588666
253875,0.1669335
253891,0.1836076
253894,0.073998034
253895,0.43724138
253918,0.12410373
253930,0.014271258
253939,0.037573107
253940,0.05403996
253945,0.16376379
253950,0.010194999
253951,0.0041085635
253964,0.16150378
253967,0.028893564
253975,0.42143422
253986,0.024009919
253998,0.41759533
254017,0.12923113
254025,0.15091963
254026,0.03211669
254031,0.03839187
254035,0.029743398
254040,0.06067189
254042,0.016603818
254047,0.03932125
254051,0.30626574
254056,0.023242597
254060,0.05253759
254068,0.0918889
254073,0.2607301
254088,0.060722344
254100,0.021322161
254110,0.14948112
254115,0.028545242
254116,0.4953436
254125,0.064398184
254130,0.022273248
254135,0.09379012
254149,0.074070066
254161,0.024896339
254167,0.05657797
254176,0.12771285
254205,0.016718227
254226,0.011761753
254228,0.13067493
254238,0.009498486
254242,0.120823205
254257,0.26632014
254261,0.0489113
254280,0.03928114
254295,0.014525208
254316,0.11240506
254325,0.18716563
254326,0.102427565
254327,0.011795154
254335,0.015324124
254342,0.20304395
254347,0.122017026
254355,0.05886096
254358,0.039932013
254359,0.034453478
254368,0.03061759
254376,0.0838843
254382,0.08816888
254383,0.19635992
254390,0.068607055
254392,0.07476424
254394,0.015908774
254400,0.0087967245
254406,0.07751542
254411,0.01620126
254421,0.069162585
254435,0.096186705
254437,0.023980672
254440,0.0052718557
254460,0.092418514
254470,0.015677528
254471,0.10702575
254472,0.009010631
254483,0.2811213
254493,0.008094906
254513,0.011862088
254518,0.22425853
254520,0.2244483
254534,0.06781956
254537,0.1032635
254562,0.038734846
254567,0.03141493
254577,0.065546736
254578,0.06932775
254580,0.22528715
254586,0.059061646
254591,0.1263283
254593,0.023728136
254597,0.1959113
254599,0.013615481
254613,0.029643524
254629,0.23032945
254631,0.07856192
254633,0.039949093
254639,0.06521624
254642,0.080235
254650,0.08971961
254659,0.029365577
254662,0.06437179
254671,0.18976626
254672,0.014104234
254674,0.15607972
254676,0.28668928
254679,0.008942627
254701,0.025549954
254722,0.008152874
254728,0.025373122
254742,0.026051622
254748,0.056617547
254750,0.017040605
254751,0.048531286
254753,0.07630537
254773,0.13322666
254783,0.020922204
254805,0.057418004
254806,0.0922455
254810,0.023780394
254817,0.060743496
254820,0.027236091
254829,0.09744641
254835,0.022740435
254837,0.04603937
254843,0.0241985
254850,0.04686517
254858,0.026073117
254861,0.036662966
254884,0.015263385
254885,0.087226205
254890,0.022525111
254910,0.09035224
254916,0.060979042
254917,0.01686575
254920,0.0060545113
254926,0.025455784
254928,0.12022066
254930,0.06218359
254937,0.16101177
254940,0.028028505
254953,0.120206974
254956,0.011120697
254969,0.049635924
254982,0.09653635
254988,0.07406364
254998,0.042279437
255013,0.22740282
255017,0.025006307
255018,0.042628765
255029,0.061142527
255033,0.4445281
255035,0.26529264
255061,0.39206797
255067,0.0047307056
255068,0.032931607
255070,0.17100924
255084,0.020278683
255096,0.08524463
255106,0.009066191
255114,0.06612441
255117,0.03328102
255135,0.048311464
255142,0.104257785
255143,0.057013866
255146,0.108809255
255155,0.034743275
255156,0.16276005
255158,0.023007395
255167,0.033220712
255172,0.02358026
255199,0.0130753135
255204,0.026465807
255206,0.04418992
255210,0.06960242
255226,0.032330986
255230,0.03526553
255253,0.028392125
255259,0.019860806
255260,0.034789007
255278,0.08266819
255288,0.04315191
255312,0.06094102
255317,0.032169767
255319,0.084404565
255320,0.16686045
255322,0.05025298
255332,0.3493132
255337,0.04548327
255344,0.0047572902
255347,0.0483961
255348,0.031369828
255351,0.053142432
255366,0.047192186
255371,0.022997344
255372,0.020137908
255373,0.18658738
255377,0.04907356
255378,0.07249517
255405,0.0825711
255408,0.092836335
255425,0.107804954
255434,0.19781741
255441,0.030629745
255442,0.11331282
255451,0.13834606
255486,0.017029809
255490,0.5277867
255493,0.055151846
255501,0.09113422
255503,0.022641448
255515,0.09643824
255522,0.09267657
255526,0.041842323
255538,0.14544907
255541,0.029093808
255546,0.12182429
255549,0.011579666
255557,0.024618572
255564,0.104404025
255568,0.040560525
255572,0.031077515
255581,0.018532287
255585,0.0084175095
255586,0.22308601
255596,0.15790547
255598,0.07457276
255600,0.08471734
255619,0.10419036
255620,0.010353259
255623,0.028480731
255631,0.068676546
255632,0.1744096
255633,0.13550936
255646,0.069037884
255647,0.064016104
255649,0.06726095
255659,0.04935287
255666,0.012059892
255669,0.06782523
255674,0.023533635
255675,0.014961274
255678,0.12259361
255682,0.33612874
255690,0.14605694
255691,0.010742568
255694,0.14855616
255706,0.0123186605
255717,0.027092036
255720,0.011498882
255723,0.088337295
255724,0.09148332
255729,0.018532638
255731,0.09230599
255733,0.021148292
255734,0.13332906
255738,0.08627067
255760,0.023968838
255766,0.036931567
255770,0.01825679
255772,0.0075375503
255775,0.045697607
255776,0.024084754
255786,0.014360081
255795,0.046475854
255797,0.068720974
255810,0.06657278
255813,0.016323896
255829,0.061153546
255830,0.013150892
255832,0.028285416
255847,0.03778573
255853,0.13050862
255876,0.023028739
255881,0.006876375
255883,0.017122306
255891,0.036737137
255899,0.06611075
255900,0.103979886
255906,0.08615157
255907,0.066169165
255911,0.13583222
255921,0.041621134
255925,0.12675226
255930,0.076700956
255941,0.01256986
255948,0.015984805
255969,0.24869701
255973,0.16051409
255974,0.043261144
255976,0.07816022
255977,0.05134377
255978,0.028016174
255981,0.06796159
255988,0.051779747
255990,0.017999303
255992,0.09449414
255998,0.013348759
256015,0.13019575
256016,0.032621246
256036,0.02584807
256045,0.056319207
256050,0.11733739
256066,0.18940274
256076,0.23230979
256080,0.030295381
256083,0.15322943
256086,0.009499101
256103,0.031837057
256108,0.02084818
256114,0.04147538
256115,0.101739496
256139,0.046663392
256141,0.021071661
256146,0.03779244
256150,0.031147009
256177,0.05768313
256179,0.016513912
256194,0.18246621
256195,0.12906763
256200,0.18622269
256204,0.045008983
256205,0.15364832
256213,0.060942534
256222,0.040933203
256224,0.02398478
256235,0.109171554
256264,0.010590031
256268,0.05601298
256276,0.06946124
256277,0.030689226
256282,0.016970389
256285,0.0075722695
256293,0.021064285
256294,0.03193692
256296,0.10704744
256297,0.023403924
256315,0.03901045
256317,0.048684135
256334,0.16023332
256339,0.038233187
256342,0.41711384
256345,0.122038096
256348,0.23484531
256350,0.11024646
256351,0.062296
256357,0.05575197
256375,0.13207763
256377,0.081839025
256379,0.032386944
256392,0.007997772
256398,0.010596633
256419,0.044894733
256422,0.022232361
256424,0.026583813
256431,0.019428344
256432,0.023500834
256438,0.12844926
256459,0.012188436
256460,0.38058975
256506,0.2109443
256507,0.023825007
256511,0.037233803
256513,0.14457582
256519,0.048719846
256533,0.043254513
256539,0.083029695
256590,0.052623175
256606,0.17799833
256614,0.05319189
256642,0.1624454
256644,0.01143066
256653,0.05950856
256663,0.005757415
256666,0.09669334
256669,0.061744153
256678,0.04600019
256685,0.12732442
256705,0.016850617
256708,0.025035901
256713,0.07869031
256715,0.074143745
256718,0.070204414
256745,0.16818467
256752,0.009364999
256753,0.05387703
256754,0.031378094
256763,0.013058365
256772,0.046808064
256773,0.13891554
256774,0.23537757
256776,0.22703153
256783,0.09199133
256790,0.037578143
256801,0.13845591
256802,0.39695287
256803,0.11000849
256808,0.014229955
256809,0.0848044
256810,0.06569605
256818,0.052597396
256824,0.014636657
256825,0.038347594
256826,0.010875068
256829,0.0304348
256834,0.08106457
256843,0.27836508
256866,0.14711757
256875,0.044092048
256876,0.029522024
256887,0.06277367
256888,0.03144878
256894,0.030995503
256909,0.021093322
256918,0.21338658
256927,0.074838504
256931,0.012924822
256933,0.078420475
256937,0.106600754
256950,0.14372265
256955,0.025569664
256962,0.02123072
256972,0.012793777
256985,0.09990931
256987,0.12090692
256993,0.016926382
257000,0.109965056
257017,0.013307492
257019,0.08896939
257020,0.09571268
257022,0.06082054
257023,0.096590266
257025,0.16417025
257050,0.0797758
257056,0.016349833
257060,0.083970696
257064,0.028381998
257066,0.0124580925
257071,0.083816536
257073,0.025471894
257076,0.020178685
257084,0.08153727
257088,0.1492005
257102,0.1448253
257118,0.040533226
257119,0.10697964
257120,0.044348672
257131,0.040636122
257145,0.14796992
257150,0.070682876
257154,0.10116017
257169,0.11720113
257192,0.19497162
257200,0.042326823
257204,0.04330836
257205,0.11921581
257213,0.09268204
257216,0.008744681
257219,0.02620753
257232,0.08040623
257234,0.026993511
257244,0.18040779
257251,0.014697715
257255,0.034353293
257260,0.019751761
257263,0.3716684
257267,0.0860983
257277,0.026959235
257293,0.0322287
257294,0.05822206
257304,0.008798675
257307,0.0099531375
257312,0.07715655
257324,0.125689
257325,0.078052476
257326,0.03695972
257353,0.019856747
257354,0.012936031
257369,0.04965392
257372,0.03354443
257375,0.044541724
257388,0.06651037
257393,0.03082463
257395,0.022383546
257399,0.07346276
257406,0.11637554
257409,0.06690675
257437,0.10619877
257441,0.017886108
257442,0.075817324
257473,0.019719848
257476,0.027420865
257477,0.30349275
257483,0.24243972
257500,0.19417353
257506,0.17410307
257508,0.059344042
257511,0.10674968
257514,0.009294685
257527,0.13768528
257528,0.07096754
257545,0.057230614
257546,0.09098119
257548,0.041400064
257551,0.017232632
257564,0.11267063
257565,0.05039701
257567,0.051532358
257572,0.0125145065
257575,0.17497592
257577,0.26626483
257578,0.015504411
257585,0.02056871
257589,0.30311796
257590,0.064024046
257594,0.026995458
257596,0.021203449
257614,0.32977304
257618,0.20744197
257624,0.19656937
257632,0.0062974407
257638,0.021214128
257644,0.124024175
257650,0.054154687
257653,0.06362201
257660,0.30556852
257663,0.06872284
257665,0.099992104
257677,0.16743115
257678,0.023870768
257690,0.0800519
257700,0.06894615
257711,0.03060525
257712,0.13168268
257715,0.025565049
257718,0.011364286
257720,0.06860364
257740,0.19718948
257748,0.053713415
257765,0.079655096
257768,0.08862967
257777,0.017881276
257778,0.02971054
257785,0.15512206
257789,0.08224476
257794,0.055290364
257796,0.053299643
257821,0.019615833
257823,0.4143575
257832,0.021470591
257844,0.29770473
257848,0.13134825
257854,0.038143996
257861,0.20422348
257872,0.05844277
257875,0.042067967
257876,0.026225517
257883,0.011792721
257888,0.013358988
257895,0.13652734
257900,0.0430716
257906,0.016571049
257907,0.3590134
257920,0.23726302
257921,0.11902627
257926,0.012116151
257932,0.020880798
257940,0.01979773
257947,0.17211969
257953,0.16965705
257958,0.014258619
257967,0.106593445
257977,0.042265642
257986,0.015705153
258012,0.09414752
258013,0.06647636
258031,0.015220187
258034,0.018564466
258037,0.31117994
258051,0.24427558
258056,0.03878284
258058,0.09140475
258066,0.102828175
258074,0.039834335
258077,0.015568564
258090,0.11840543
258109,0.031760354
258114,0.037802316
258124,0.021558605
258127,0.14218187
258141,0.009584661
258148,0.048180792
258151,0.07271756
258163,0.049115874
258166,0.025265368
258169,0.0101138
258179,0.13857852
258190,0.1209524
258193,0.01635817
258207,0.2797855
258220,0.03358416
258222,0.06153526
258223,0.03259357
258225,0.006774578
258227,0.007848797
258231,0.112624355
258233,0.3040547
258249,0.008731754
258255,0.03352871
258259,0.08228075
258276,0.045473292
258281,0.40251198
258302,0.020203646
258305,0.062149063
258310,0.057459015
258334,0.07825032
258335,0.034495514
258338,0.024006791
258345,0.019631946
258360,0.014796033
258363,0.08792484
258381,0.08871388
258384,0.077173136
258387,0.015502578
258400,0.10012076
258402,0.02328893
258406,0.19950286
258408,0.2282913
258432,0.010939566
258443,0.0050164186
258461,0.0101151215
258488,0.051543433
258489,0.08333967
258508,0.07925137
258524,0.0075745806
258527,0.023017257
258545,0.0075191376
258549,0.16738579
258560,0.26245156
258565,0.06674214
258567,0.038970303
258575,0.052297663
258590,0.019643756
258591,0.043679565
258592,0.073823355
258603,0.16210802
258606,0.043191798
258610,0.047791097
258627,0.048958693
258631,0.0057897354
258637,0.06997867
258638,0.04372605
258640,0.08631975
258645,0.0123387445
258651,0.05845622
258652,0.085392214
258653,0.0374227
258662,0.07329193
258663,0.017398296
258671,0.03199714
258679,0.0123308385
258685,0.03957231
258686,0.41895565
258697,0.013097811
258705,0.23438361
258723,0.13909726
258724,0.0260523
258734,0.0078097824
258763,0.06812565
258764,0.03081449
258771,0.020898417
258773,0.03482478
258782,0.11157891
258784,0.008403873
258790,0.041902795
258811,0.03441457
258817,0.07039828
258818,0.099591225
258832,0.17948604
258837,0.1467292
258841,0.08859291
258842,0.022487985
258843,0.06467248
258860,0.025046995
258875,0.039752606
258881,0.04715382
258887,0.009390208
258889,0.049189005
258924,0.089340456
258925,0.1714116
258948,0.014792466
258949,0.012168886
258963,0.102113806
258964,0.011825266
258966,0.4681333
258973,0.07590228
258974,0.012479741
258979,0.07402719
258989,0.10028678
258997,0.022429429
259001,0.03683676
259013,0.18727347
259018,0.05907389
259020,0.42091817
259031,0.047101937
259044,0.23290752
259050,0.22220482
259064,0.03383748
259078,0.08818932
259088,0.40823162
259124,0.010304468
259125,0.029916737
259135,0.027409913
259137,0.07273885
259146,0.024869906
259148,0.40343773
259168,0.10643273
259178,0.02087515
259194,0.04512012
259198,0.05375271
259204,0.030046962
259209,0.025765346
259223,0.02830516
259228,0.06678226
259234,0.34626347
259237,0.017799828
259246,0.065569565
259247,0.00619493
259249,0.038529504
259264,0.027073272
259274,0.07776126
259281,0.085725345
259283,0.073664576
259284,0.04958748
259285,0.06591905
259286,0.016811557
259291,0.1749923
259304,0.037928652
259309,0.0127283335
259322,0.022816963
259323,0.3077689
259331,0.13266046
259339,0.03172677
259344,0.051268954
259350,0.08384796
259353,0.025718927
259356,0.06571032
259365,0.08695831
259377,0.2379043
259397,0.02212366
259403,0.08312165
259411,0.009580221
259415,0.047122292
259420,0.14860657
259423,0.08164722
259424,0.018266724
259431,0.016148137
259434,0.034460332
259438,0.08339828
259439,0.03261131
259441,0.014646557
259452,0.02744057
259460,0.03350362
259471,0.028833918
259483,0.08381317
259494,0.045995902
259496,0.03411905
259500,0.10369829
259512,0.036507536
259526,0.06384166
259528,0.048058502
259548,0.016392058
259568,0.045308627
259593,0.09285373
259603,0.026554838
259611,0.025550231
259620,0.09736531
259621,0.38167843
259623,0.091302656
259633,0.020803282
259648,0.026780756
259678,0.015479336
259691,0.008574603
259693,0.03472963
259708,0.19122417
259720,0.11199043
259734,0.018704737
259741,0.10516272
259749,0.025147343
259750,0.012117322
259752,0.0133109735
259755,0.04124505
259759,0.048773292
259776,0.038648676
259779,0.05201166
259790,0.09627531
259797,0.01828208
259799,0.03942181
259804,0.05947386
259807,0.08130578
259810,0.04439376
259811,0.29556632
259822,0.015539613
259833,0.010175376
259838,0.018078946
259844,0.14515518
259846,0.058183104
259848,0.05016281
259861,0.0877661
259867,0.020922765
259876,0.06374688
259880,0.029485973
259897,0.055119414
259908,0.22224069
259912,0.017275978
259920,0.13813522
259922,0.031323664
259928,0.041779753
259932,0.0052550635
259946,0.026996486
259962,0.19371118
259982,0.02192961
259985,0.009350805
259994,0.11448239
259996,0.25624323
260000,0.08738109
260007,0.29406717
260018,0.080873296
260021,0.067438394
260038,0.021571832
260051,0.23431288
260052,0.026955038
260070,0.03414909
260074,0.02367251
260080,0.036650833
260092,0.0198032
260097,0.008200027
260101,0.0057604895
260108,0.035176713
260117,0.057966135
260129,0.021013917
260142,0.011670378
260145,0.014865967
260146,0.09338169
260147,0.059674244
260148,0.11988746
260153,0.026503291
260156,0.030782668
260171,0.015276838
260202,0.007448517
260221,0.10589541
260222,0.08135031
260226,0.15889122
260227,0.1307647
260247,0.028880809
260251,0.034424104
260261,0.005691301
260264,0.016526163
260266,0.06840226
260268,0.06057325
260289,0.033582125
260301,0.049020104
260316,0.047676355
260348,0.03157109
260359,0.12909767
260364,0.12890014
260391,0.16940257
260422,0.046484992
260435,0.05341166
260438,0.08413141
260446,0.020760542
260447,0.22288726
260458,0.09444381
260461,0.19648483
260469,0.051498227
260471,0.13026893
260482,0.1963261
260484,0.032241892
260487,0.12121359
260489,0.058926377
260500,0.087322354
260508,0.018549576
260509,0.086348906
260512,0.06584081
260525,0.021698061
260530,0.078657135
260533,0.017328069
260538,0.2151715
260541,0.21564071
260546,0.044763293
260551,0.013622008
260556,0.15658183
260561,0.023302883
260566,0.02481132
260572,0.053389724
260579,0.14046225
260582,0.20276187
260583,0.044087224
260584,0.040293362
260586,0.07397743
260589,0.05410198
260608,0.10230495
260632,0.023265129
260634,0.038348712
260635,0.093043506
260645,0.08328625
260659,0.04445883
260665,0.15960898
260673,0.064234704
260675,0.118875384
260676,0.02609065
260700,0.33234367
260721,0.5457558
260723,0.071083255
260732,0.04718691
260738,0.027849458
260748,0.03872408
260782,0.12592387
260806,0.027710306
260820,0.048906364
260825,0.09417408
260830,0.03669662
260844,0.060434315
260858,0.09061868
260860,0.0589259
260863,0.12892409
260867,0.0120589305
260875,0.016458794
260877,0.18654676
260902,0.2298214
260910,0.039602704
260913,0.02367767
260923,0.07193805
260926,0.22790176
260936,0.046248343
260937,0.2816393
260948,0.16430245
260949,0.075995415
260959,0.09478834
260962,0.30982462
260986,0.04850345
260988,0.047273375
260992,0.14406008
260997,0.016157322
261007,0.08051776
261031,0.021053107
261039,0.15528868
261044,0.017066462
261055,0.07007344
261058,0.09154228
261069,0.0489985
261079,0.048383087
261084,0.010946064
261097,0.20476456
261101,0.02911784
261111,0.20473567
261115,0.04847582
261116,0.2040828
261121,0.020999659
261124,0.052106988
261126,0.034121573
261132,0.013465032
261161,0.01138097
261162,0.03250079
261175,0.023188703
261187,0.11523684
261191,0.0336303
261195,0.01603008
261197,0.12012261
261204,0.027679693
261231,0.022194937
261248,0.021591296
261263,0.14024304
261268,0.17071371
261273,0.110823356
261274,0.06043699
261277,0.1301971
261283,0.034511678
261293,0.04462297
261302,0.26687428
261309,0.053122316
261318,0.01827144
261340,0.10317086
261346,0.0322947
261355,0.049127758
261357,0.09396898
261365,0.05786879
261366,0.184036
261376,0.0316602
261380,0.055960674
261385,0.45312193
261403,0.028382946
261416,0.18267025
261424,0.083913244
261425,0.023268396
261431,0.01366193
261433,0.018356737
261435,0.10315965
261440,0.027653841
261450,0.016195592
261456,0.13599779
261464,0.23326352
261465,0.11470319
261473,0.03223862
261475,0.114231795
261476,0.12551261
261480,0.013978149
261481,0.029810032
261495,0.034962703
261500,0.021780465
261506,0.022457937
261544,0.025729578
261551,0.014763599
261566,0.24193907
261573,0.15137307
261587,0.056456406
261592,0.028809905
261594,0.006837949
261626,0.025828201
261635,0.0126701025
261649,0.023154652
261653,0.03346537
261660,0.07433866
261668,0.038176592
261669,0.031300183
261676,0.031746563
261688,0.03559229
261691,0.040177677
261699,0.0123523725
261704,0.09176843
261718,0.2964429
261719,0.040917803
261735,0.01660089
261742,0.012770599
261746,0.32542744
261749,0.09577478
261759,0.16632971
261763,0.031904873
261772,0.01276073
261795,0.07800509
261798,0.058954936
261804,0.013065016
261806,0.02299307
261813,0.17946221
261814,0.04279531
261827,0.0088939695
261835,0.0130342115
261839,0.08976972
261840,0.078214146
261845,0.021115791
261846,0.018472848
261850,0.01837845
261853,0.014820922
261870,0.30121154
261871,0.017879425
261883,0.1366697
261885,0.035064824
261888,0.073093876
261892,0.018791538
261895,0.038954653
261906,0.013869915
261912,0.19037673
261918,0.016879253
261926,0.024618356
261930,0.009284881
261947,0.05898672
261956,0.014046018
261958,0.10109312
261960,0.06661899
261961,0.22378021
261965,0.056294896
261967,0.40125844
261968,0.0053326706
261974,0.08605244
261980,0.14691478
261981,0.07764441
261983,0.06974343
261992,0.0462055
261998,0.03327467
262002,0.040408812
262006,0.031374387
262014,0.0065710936
262017,0.04709064
262021,0.2163332
262038,0.10739528
262040,0.017587245
262043,0.0440463
262052,0.053047724
262054,0.05421666
262056,0.017413253
262058,0.039456405
262062,0.18696654
262065,0.12766406
262067,0.044577416
262070,0.124592684
262078,0.017701095
262084,0.03807662
262091,0.47682828
262092,0.11229068
262112,0.13230053
262114,0.024053216
262132,0.07464588
262140,0.32494318
262152,0.19981852
262159,0.04827113
262172,0.065905586
262180,0.031213148
262181,0.049353797
262188,0.24616309
262202,0.025817739
262206,0.028963022
262213,0.18794288
262227,0.13509312
262239,0.06527373
262243,0.02217033
262246,0.031620767
262251,0.036461204
262269,0.0072056493
262272,0.046697874
262276,0.06877212
262277,0.045443457
262278,0.16694957
262281,0.021691903
262298,0.058630873
262308,0.015859742
262316,0.009381266
262320,0.010538071
262321,0.3333675
262337,0.26636213
262354,0.17754601
262362,0.03414762
262364,0.0208744
262365,0.015432027
262372,0.04019951
262373,0.03371804
262380,0.040240586
262392,0.076409504
262399,0.039875813
262407,0.21776849
262418,0.2185334
262429,0.18825653
262430,0.004214137
262446,0.12739956
262455,0.00691697
262459,0.11390951
262475,0.030810777
262478,0.19144878
262492,0.058728192
262520,0.022552362
262535,0.17301327
262537,0.009979706
262538,0.09309826
262541,0.0115355635
262554,0.30141568
262559,0.03317903
262561,0.06454076
262562,0.016030088
262575,0.18740948
262576,0.08867753
262579,0.01112667
262581,0.25747395
262590,0.08062657
262599,0.0348213
262607,0.026453879
262608,0.028720317
262613,0.06915614
262620,0.022977503
262621,0.378265
262622,0.024727767
262623,0.15979464
262629,0.023650952
262633,0.022290858
262650,0.026956394
262655,0.13665488
262659,0.07802475
262660,0.13318957
262663,0.041153885
262665,0.038487308
262666,0.040845405
262679,0.038239017
262681,0.18302637
262702,0.039806906
262705,0.04800805
262716,0.010860638
262725,0.19127621
262732,0.06372526
262743,0.020415537
262749,0.10993645
262752,0.1349538
262756,0.047819167
262758,0.1682408
262772,0.10674456
262784,0.04045391
262791,0.030006938
262793,0.13025975
262802,0.09276305
262814,0.13285865
262817,0.046357397
262820,0.010851549
262827,0.08175986
262832,0.0101832645
262845,0.025695037
262847,0.038215667
262859,0.08409175
262862,0.18355985
262864,0.027502762
262865,0.17194782
262887,0.010357374
262914,0.033654656
262939,0.031993814
262943,0.15704536
262958,0.08779339
262963,0.058552288
262970,0.02890483
262979,0.3007809
262986,0.014873077
263004,0.020968132
263015,0.018392563
263016,0.02975922
263028,0.13097191
263029,0.25737515
263031,0.027194569
263044,0.060448363
263046,0.090116374
263056,0.05950022
263059,0.03956762
263061,0.16593632
263077,0.05815379
263087,0.04997309
263105,0.071553715
263116,0.14106026
263120,0.02092614
263127,0.5763101
263137,0.113153495
263166,0.022308864
263175,0.054700073
263184,0.06396336
263185,0.08775474
263205,0.04270844
263208,0.035129488
263210,0.21989448
263220,0.025238708
263224,0.09487871
263228,0.033955462
263240,0.013802399
263243,0.12845749
263288,0.030590221
263290,0.08505167
263306,0.009958105
263312,0.019671733
263319,0.024504825
263326,0.013209613
263331,0.045416605
263339,0.2380305
263347,0.023523867
263353,0.032710694
263355,0.06662355
263368,0.11544657
263408,0.029847035
263414,0.025218256
263421,0.078247584
263440,0.02307641
263458,0.015182552
263460,0.053910475
263475,0.0461755
263477,0.054275975
263479,0.042608824
263489,0.1928437
263492,0.19176093
263493,0.0598042
263498,0.021418199
263510,0.050244514
263513,0.07325952
263514,0.023780799
263517,0.14010507
263518,0.025245534
263548,0.036629476
263561,0.044275418
263564,0.022984918
263565,0.07248523
263576,0.0111163445
263580,0.17610866
263582,0.020596404
263584,0.01127667
263593,0.30892664
263594,0.0854505
263598,0.037524547
263602,0.07073868
263611,0.011860545
263640,0.21248756
263642,0.030825369
263643,0.10349101
263646,0.058896165
263658,0.0628973
263664,0.0058165477
263683,0.014626182
263703,0.06462813
263705,0.1327672
263709,0.010088653
263715,0.008238981
263728,0.060885977
263732,0.06854754
263735,0.0726651
263748,0.10109573
263750,0.0066819107
263751,0.0915667
263759,0.054102883
263763,0.015653346
263765,0.016795913
263780,0.018809618
263783,0.077871546
263786,0.12512812
263794,0.09006525
263799,0.018752128
263802,0.10099621
263803,0.048336126
263820,0.07491631
263846,0.09057399
263857,0.012003708
263858,0.017556712
263860,0.13847582
263864,0.08566511
263870,0.0094903335
263879,0.05731767
263881,0.063370176
263882,0.05238906
263895,0.049240336
263909,0.22928043
263918,0.06320706
263940,0.038450904
263945,0.013602916
263946,0.048498888
263947,0.06513714
263948,0.05162011
263962,0.13928331
263972,0.1865125
263974,0.014516855
263981,0.019811481
263984,0.07413113
263992,0.44375333
264001,0.015175246
264007,0.114061125
264010,0.008344885
264011,0.28263092
264015,0.01149439
264023,0.07126688
264030,0.04238573
264033,0.015200423
264037,0.018711915
264043,0.018893931
264044,0.015998596
264045,0.3568347
264050,0.013134979
264055,0.118975915
264059,0.01193985
264060,0.16340508
264062,0.09145387
264069,0.050668046
264077,0.044144742
264078,0.02119933
264087,0.014176418
264094,0.16774845
264095,0.1789834
264112,0.11732033
264113,0.1022263
264131,0.021135291
264145,0.045146827
264148,0.037831873
264157,0.15374622
264161,0.021116206
264173,0.15864564
264188,0.019133851
264195,0.080700815
264198,0.16808161
264199,0.018746387
264207,0.05339164
264209,0.03476551
264226,0.0077588544
264227,0.08417011
264243,0.08462187
264246,0.41586617
264252,0.006253284
264254,0.079304144
264259,0.06729693
264274,0.02181104
264280,0.23649734
264285,0.016534433
264299,0.073801026
264331,0.010867864
264334,0.015808418
264338,0.04233477
264341,0.019739365
264344,0.09887219
264347,0.5302877
264350,0.03752063
264360,0.022690877
264365,0.03664234
264367,0.0482825
264378,0.11731782
264381,0.22839406
264397,0.021014242
264401,0.11641213
264405,0.02600053
264417,0.08832747
264422,0.05628425
264423,0.14157747
264424,0.02265469
264436,0.30699313
264441,0.026792666
264451,0.02805962
264453,0.0559893
264457,0.033783637
264460,0.031159515
264464,0.0817285
264469,0.12848273
264485,0.024733799
264491,0.056388676
264505,0.060926653
264535,0.08012095
264538,0.065702155
264541,0.020187762
264544,0.016717082
264545,0.06447561
264549,0.10153287
264557,0.13799816
264563,0.06990874
264569,0.016560111
264574,0.09059927
264587,0.0500167
264608,0.040359206
264610,0.21492833
264621,0.029740363
264627,0.035997204
264642,0.1325352
264644,0.006567957
264655,0.044261944
264660,0.05951254
264667,0.034079
264691,0.08743032
264694,0.19624335
264695,0.006832155
264700,0.019092822
264709,0.012262574
264712,0.07267502
264714,0.02998505
264722,0.032916576
264728,0.015611762
264742,0.049011648
264744,0.03301311
264748,0.04880231
264760,0.047171723
264763,0.12324086
264771,0.022784123
264773,0.009810048
264782,0.25069872
264786,0.103229746
264787,0.019713704
264809,0.030934563
264811,0.02444484
264822,0.034130193
264823,0.1978365
264831,0.038329076
264834,0.14379604
264841,0.025797263
264848,0.10615373
264849,0.15253775
264863,0.47722632
264867,0.015948208
264874,0.11539216
264875,0.015052807
264877,0.03975049
264897,0.23474482
264900,0.17166586
264906,0.015803907
264909,0.07522963
264913,0.015145664
264922,0.060132038
264924,0.02997868
264927,0.15090106
264935,0.033221386
264938,0.34823847
264968,0.015511859
264975,0.074312314
264979,0.029666906
264989,0.045747004
265001,0.10741864
265009,0.16040292
265014,0.08198745
265016,0.037770588
265027,0.18424425
265049,0.040661655
265061,0.2591225
265062,0.019361954
265068,0.009603822
265072,0.12672456
265100,0.031938136
265105,0.013475849
265106,0.057449922
265110,0.015947048
265123,0.0349325
265126,0.30758154
265131,0.094593905
265134,0.044251863
265144,0.050523173
265146,0.17091165
265154,0.042417325
265164,0.116685025
265170,0.048753794
265172,0.016136285
265173,0.011360643
265178,0.04952964
265187,0.08814415
265191,0.08207916
265194,0.18395853
265216,0.02734774
265228,0.024404794
265231,0.023248719
265232,0.015881794
265233,0.037504327
265242,0.066961996
265243,0.014299177
265246,0.027330553
265259,0.09384633
265265,0.2566868
265266,0.06055275
265268,0.17872198
265280,0.020458113
265287,0.010987622
265297,0.03931357
265298,0.22639084
265300,0.05290077
265301,0.11456215
265305,0.27438992
265307,0.027995322
265314,0.036111582
265320,0.022968957
265331,0.08886158
265333,0.077954106
265336,0.020367565
265337,0.15152787
265344,0.03470284
265346,0.023265876
265371,0.030612495
265380,0.040991995
265386,0.021829417
265389,0.090433925
265409,0.15389624
265414,0.08811814
265415,0.026622945
265419,0.010661017
265422,0.08943454
265457,0.11017466
265461,0.11135955
265463,0.11858642
265468,0.17007574
265474,0.11451171
265478,0.014603547
265480,0.51900125
265488,0.112471275
265493,0.0594984
265510,0.12780668
265519,0.11369157
265521,0.13271905
265529,0.07822575
265533,0.16853595
265577,0.032032166
265591,0.08280777
265596,0.24001852
265607,0.046817426
265618,0.15446725
265619,0.034180537
265620,0.023074979
265628,0.04706639
265661,0.03438155
265669,0.038506247
265680,0.15693064
265707,0.14252184
265714,0.029170163
265716,0.013392679
265717,0.105055764
265718,0.054361615
265723,0.105010204
265730,0.0490346
265732,0.019415585
265744,0.21866329
265751,0.107162744
265760,0.20490977
265777,0.05167872
265783,0.07765901
265791,0.06855574
265792,0.032825533
265797,0.10348478
265798,0.018424379
265806,0.049228407
265815,0.028380862
265816,0.16404825
265821,0.04457531
265833,0.013737248
265854,0.06809618
265856,0.054271102
265858,0.051472366
265862,0.15357159
265863,0.04014529
265879,0.089343004
265881,0.025093544
265894,0.05263451
265895,0.53018034
265896,0.047112983
265898,0.026364066
265900,0.19857945
265907,0.016137043
265910,0.1339384
265917,0.04420399
265941,0.10044614
265955,0.030859632
265957,0.096877396
265961,0.024489228
265966,0.014848456
265969,0.22053349
265974,0.067309305
265976,0.013480426
265979,0.14927563
265985,0.037270006
265988,0.035793215
265990,0.12573007
265991,0.12215929
265993,0.039080817
265995,0.23166612
266009,0.108689584
266010,0.031276308
266014,0.24342081
266020,0.06914906
266022,0.158484
266029,0.15427361
266045,0.04753276
266057,0.13891268
266060,0.18588904
266065,0.024468975
266071,0.018298969
266072,0.026422303
266074,0.011102044
266076,0.030492768
266089,0.069190525
266091,0.031048952
266097,0.06033407
266099,0.06327564
266106,0.15795489
266117,0.059675474
266120,0.07083029
266129,0.026754247
266132,0.0509029
266139,0.14807403
266140,0.088533536
266141,0.04811769
266146,0.17435846
266149,0.020429146
266159,0.01409196
266165,0.011663879
266171,0.16620333
266173,0.02338003
266177,0.12657343
266179,0.030038554
266186,0.014413814
266210,0.17045236
266227,0.064893916
266266,0.01450484
266291,0.0338763
266319,0.20810556
266321,0.024405826
266323,0.01290424
266329,0.04221959
266331,0.07383372
266333,0.22772186
266334,0.07826968
266338,0.03083952
266340,0.07960827
266344,0.107050814
266354,0.023571946
266359,0.062251665
266362,0.05029747
266364,0.007848199
266365,0.06490464
266379,0.025037874
266380,0.10874602
266387,0.012418842
266393,0.043752804
266396,0.022264615
266406,0.021136587
266418,0.1434089
266424,0.031453874
266440,0.07636363
266442,0.021236409
266444,0.116572484
266453,0.18965983
266455,0.028114134
266461,0.022904867
266462,0.017619874
266465,0.04168089
266466,0.13466135
266468,0.5124515
266471,0.19509614
266479,0.035150975
266499,0.19055179
266536,0.28378862
266543,0.10222578
266544,0.0584389
266556,0.13819382
266561,0.019035984
266573,0.036147684
266578,0.09410652
266590,0.16562575
266596,0.058898415
266624,0.23600227
266629,0.03880124
266635,0.013343875
266644,0.007778056
266650,0.018543458
266659,0.08925734
266666,0.0589293
266668,0.046214912
266674,0.2202764
266680,0.03883503
266686,0.16515514
266714,0.0739384
266730,0.024330037
266734,0.14679022
266740,0.31811467
266745,0.025878651
266749,0.04595663
266750,0.021034023
266751,0.06188614
266752,0.07496032
266753,0.035857763
266759,0.13813847
266763,0.035557102
266766,0.031909473
266783,0.076489374
266805,0.015466159
266812,0.0097511215
266813,0.17562808
266816,0.060930293
266819,0.09062397
266820,0.31320098
266833,0.04397201
266842,0.04502778
266847,0.042217683
266848,0.036506854
266865,0.19724356
266867,0.12284013
266874,0.04769897
266885,0.030502016
266888,0.013403017
266890,0.15128395
266932,0.04361627
266941,0.102548644
266942,0.07551253
266948,0.015948283
266959,0.007887603
266977,0.021875726
266983,0.023427045
266984,0.11099249
266999,0.2328783
267000,0.1500599
267023,0.1779328
267031,0.07704117
267035,0.01962384
267046,0.060922664
267050,0.043871883
267058,0.04696022
267070,0.06646133
267079,0.055706594
267080,0.059562296
267093,0.071949445
267094,0.08641999
267102,0.013994727
267107,0.025810178
267108,0.07142767
267113,0.030444693
267127,0.03812354
267136,0.03265826
267143,0.018600913
267155,0.21891622
267180,0.01916038
267182,0.022924405
267184,0.03733454
267192,0.0670691
267195,0.17216988
267220,0.036332365
267228,0.018562008
267237,0.07459295
267241,0.074739754
267242,0.34028226
267247,0.067898065
267259,0.13768286
267260,0.11138411
267265,0.046240732
267269,0.13938187
267272,0.07971195
267275,0.017147062
267282,0.29359627
267284,0.48293167
267294,0.041479617
267298,0.03667948
267304,0.21120165
267316,0.09150258
267324,0.047200236
267327,0.025577743
267333,0.02363421
267338,0.01732642
267341,0.070605956
267342,0.06843866
267344,0.05557063
267345,0.18046409
267347,0.008958837
267361,0.17249684
267374,0.04261404
267379,0.012155268
267380,0.017633226
267382,0.09707988
267394,0.04400932
267403,0.07278436
267405,0.15817899
267412,0.025185848
267421,0.2591344
267437,0.055301905
267438,0.024448412
267443,0.010008154
267446,0.06918811
267460,0.1806537
267466,0.2640246
267469,0.01913771
267474,0.05477437
267488,0.018026542
267490,0.02284219
267496,0.15275626
267499,0.056697994
267501,0.12008134
267518,0.10083006
267522,0.24181035
267524,0.026660789
267532,0.053847145
267535,0.10836367
267547,0.043988742
267550,0.016340826
267559,0.0668706
267581,0.039220218
267586,0.08539283
267588,0.11326166
267592,0.044615205
267597,0.039251756
267600,0.01531926
267608,0.018732945
267620,0.03770673
267625,0.098032326
267628,0.06224479
267633,0.03613942
267639,0.055602014
267649,0.04231611
267659,0.10889662
267662,0.09028338
267671,0.05835581
267672,0.013034831
267677,0.04266684
267679,0.041552525
267682,0.030555364
267687,0.06268894
267689,0.012483356
267690,0.023394622
267707,0.14414945
267709,0.009997871
267716,0.012744216
267738,0.017245153
267744,0.102322966
267752,0.025640128
267754,0.23308273
267755,0.29236397
267757,0.039427646
267758,0.055278245
267767,0.26003847
267771,0.010863087
267808,0.112378545
267815,0.15257812
267833,0.13307013
267841,0.047650088
267843,0.07350252
267847,0.040739432
267857,0.005389322
267869,0.14399241
267881,0.22743486
267887,0.032612618
267890,0.01651468
267892,0.27116233
267895,0.08307685
267899,0.06666056
267906,0.026933804
267912,0.054783046
267917,0.16012512
267927,0.01430906
267930,0.023750164
267934,0.06264467
267950,0.019708186
267965,0.0698304
267966,0.012944108
267976,0.01981364
267998,0.030117435
267999,0.01935416
268012,0.043501437
268013,0.05505951
268014,0.026248029
268020,0.039405882
268028,0.09992635
268032,0.025132379
268039,0.06003709
268041,0.039875608
268046,0.017037082
268059,0.09705222
268064,0.09438532
268066,0.073088385
268073,0.19155213
268077,0.01862704
268085,0.008497845
268090,0.0755706
268109,0.2046519
268139,0.11763737
268151,0.06127881
268153,0.04941802
268155,0.27301788
268163,0.018949533
268166,0.0068739364
268185,0.004957261
268189,0.028360106
268190,0.028921485
268192,0.061051108
268211,0.14851332
268213,0.053007342
268214,0.009037478
268220,0.05232335
268225,0.046534378
268227,0.114153035
268230,0.031707883
268247,0.30514854
268250,0.0916234
268268,0.09356236
268269,0.016313119
268271,0.17009054
268274,0.1146984
268280,0.15637834
268291,0.14054798
268299,0.033054955
268301,0.050841644
268306,0.03500046
268307,0.099555165
268310,0.026269829
268317,0.15051006
268328,0.033882864
268329,0.007941314
268337,0.056704637
268338,0.02107655
268357,0.016546348
268363,0.040098663
268373,0.007972159
268380,0.06900594
268386,0.06424928
268394,0.012309966
268407,0.011167889
268411,0.17609435
268417,0.03516593
268421,0.16217723
268422,0.12196718
268426,0.1078942
268427,0.1643155
268439,0.13814391
268445,0.020380873
268446,0.016514704
268459,0.09115227
268465,0.14773189
268466,0.035335984
268495,0.020100268
268497,0.039550114
268504,0.11491894
268508,0.07844822
268513,0.17519784
268525,0.045521084
268545,0.047090113
268546,0.026559733
268550,0.027724884
268568,0.00970993
268570,0.20458506
268590,0.024427481
268591,0.112607725
268602,0.064314514
268609,0.019105062
268616,0.017247489
268623,0.101284
268645,0.2696421
268652,0.14989452
268668,0.12565234
268685,0.00917094
268707,0.013271689
268711,0.12282196
268714,0.011332015
268736,0.03192688
268746,0.21877964
268747,0.010108616
268749,0.0958039
268760,0.12462427
268761,0.0070627616
268764,0.33635625
268781,0.01278716
268790,0.09999717
268799,0.014185203
268809,0.07634549
268814,0.06364237
268817,0.025120365
268822,0.005691466
268827,0.061966043
268828,0.066174544
268829,0.06787689
268845,0.088589676
268853,0.020066105
268859,0.016233174
268900,0.009970138
268911,0.029736573
268913,0.2710959
268917,0.13194032
268930,0.039800253
268934,0.02121153
268935,0.15803793
268938,0.06374568
268948,0.013220743
268950,0.06914217
268958,0.015516149
268975,0.036812954
268982,0.049156357
268983,0.16119163
268997,0.022350011
269009,0.04966936
269012,0.06512463
269017,0.1053854
269031,0.075773805
269038,0.18127295
269041,0.16721489
269045,0.09263823
269050,0.025977463
269056,0.013618882
269058,0.03290311
269060,0.035265546
269067,0.15919693
269082,0.060651112
269098,0.15814638
269105,0.02727518
269117,0.1664985
269123,0.14773838
269128,0.03981838
269143,0.07090779
269149,0.10669555
269162,0.17541793
269168,0.056553043
269172,0.17133032
269175,0.19662413
269189,0.050545067
269194,0.028205488
269197,0.033840496
269204,0.09995394
269211,0.023623215
269217,0.1866233
269222,0.046867892
269227,0.03684424
269228,0.065198526
269232,0.06757615
269250,0.100859575
269251,0.01663315
269257,0.14873616
269262,0.006230497
269263,0.09512018
269267,0.02386668
269275,0.06287184
269276,0.04916904
269279,0.02209035
269293,0.35248688
269300,0.12637772
269305,0.09287363
269309,0.058799997
269317,0.124149695
269352,0.2681863
269377,0.11129594
269378,0.022201644
269389,0.06397903
269392,0.037040874
269394,0.029541962
269402,0.24779096
269408,0.012314895
269410,0.024526138
269417,0.023028601
269421,0.21239154
269462,0.11486425
269481,0.028692218
269488,0.15901579
269489,0.02960459
269491,0.14869416
269495,0.023173727
269503,0.0044787135
269510,0.14263439
269515,0.08862849
269522,0.01682348
269523,0.06314577
269536,0.013381293
269537,0.07735101
269549,0.0060728174
269571,0.20392254
269576,0.029851004
269587,0.10354314
269595,0.058819782
269601,0.05044364
269610,0.504988
269618,0.036643527
269620,0.072721615
269623,0.016870638
269637,0.021643218
269642,0.016546192
269652,0.101222955
269655,0.022403745
269661,0.17876664
269663,0.088838145
269665,0.007947823
269666,0.16848768
269667,0.008708395
269673,0.09335035
269693,0.028397439
269701,0.058876388
269702,0.038704045
269704,0.12742741
269718,0.025945678
269727,0.011942359
269732,0.019715663
269736,0.034810103
269738,0.025586985
269741,0.020300204
269744,0.023159878
269749,0.3061121
269750,0.04678099
269758,0.07599378
269775,0.10724348
269776,0.10219368
269777,0.080650695
269789,0.0081220195
269794,0.046401516
269797,0.096510716
269807,0.34387386
269813,0.024296984
269844,0.03216698
269848,0.047284566
269871,0.012492265
269877,0.01817087
269878,0.034600556
269887,0.047151923
269904,0.05681352
269913,0.21796428
269938,0.10867691
269941,0.12304778
269953,0.18648174
269954,0.03081973
269955,0.05386008
269958,0.12705943
269960,0.037655175
269966,0.056974053
269975,0.095811546
269978,0.04351498
269989,0.10538446
269993,0.054597996
269998,0.014183289
270001,0.07406148
270020,0.054467987
270023,0.10595468
270028,0.06377308
270048,0.05010334
270061,0.055755675
270062,0.084234655
270096,0.2996499
270108,0.025673343
270118,0.05149138
270120,0.09707589
270122,0.034384493
270127,0.071528025
270131,0.057650235
270142,0.015476844
270146,0.024710389
270148,0.05960789
270152,0.015313672
270165,0.01590563
270170,0.030296551
270188,0.015520215
270204,0.07505473
270235,0.04450337
270243,0.30656633
270254,0.06243881
270265,0.02827568
270270,0.16532369
270287,0.018364128
270295,0.02712635
270296,0.009324115
270302,0.02439478
270304,0.1609933
270307,0.022565005
270310,0.09293617
270317,0.0322465
270324,0.100639634
270326,0.053298272
270337,0.011116266
270363,0.08794553
270371,0.009158097
270373,0.035063572
270375,0.017727047
270376,0.05135248
270379,0.01907413
270383,0.28370297
270390,0.031660594
270393,0.055990838
270402,0.021545514
270410,0.09635413
270411,0.02701615
270412,0.12181302
270415,0.027741838
270417,0.22859041
270436,0.1580515
270440,0.019383391
270449,0.03974169
270450,0.19620353
270457,0.16904904
270460,0.023918124
270461,0.010628406
270467,0.018737927
270473,0.08990944
270486,0.17053261
270488,0.030949946
270513,0.09456088
270518,0.17730868
270522,0.027388724
270526,0.030223537
270532,0.013428374
270545,0.18939629
270548,0.13895024
270550,0.00871697
270562,0.17161195
270564,0.03487003
270571,0.02467564
270572,0.12539534
270574,0.028215554
270575,0.14134507
270579,0.053590678
270612,0.25470513
270613,0.24428917
270622,0.007957134
270636,0.02148237
270643,0.021764835
270644,0.009884768
270645,0.017193437
270658,0.09815074
270661,0.01203154
270665,0.05929927
270676,0.11028306
270685,0.05859429
270695,0.057220783
270712,0.025216386
270719,0.04011482
270740,0.040496018
270753,0.027007258
270756,0.03920149
270759,0.19692458
270760,0.011405784
270764,0.048812144
270767,0.015073597
270778,0.006221729
270782,0.1325685
270794,0.07518406
270795,0.32109076
270799,0.034893088
270807,0.04992683
270821,0.0372713
270826,0.09034632
270829,0.035212837
270831,0.038664322
270843,0.056295507
270844,0.1233914
270847,0.035786495
270854,0.009292942
270856,0.13051812
270861,0.021115461
270862,0.05936556
270864,0.09366405
270881,0.032963846
270883,0.11370678
270885,0.26422152
270888,0.06011446
270894,0.0052756327
270906,0.05008644
270914,0.029064149
270919,0.079734184
270935,0.048067987
270945,0.17459266
270957,0.10451079
270966,0.043822363
270970,0.1294531
270971,0.08802442
270976,0.030928766
270977,0.3677852
270978,0.020994984
270979,0.044437375
270982,0.048520412
270987,0.17372002
270989,0.13393255
270991,0.06283621
270992,0.0057215514
270993,0.036572114
270997,0.27862042
271010,0.25281805
271025,0.022034217
271037,0.06868203
271038,0.023435272
271054,0.0373789
271056,0.1459541
271065,0.038224712
271070,0.033686988
271095,0.008766056
271099,0.014899558
271102,0.010988736
271103,0.05909913
271105,0.20273793
271106,0.047587827
271117,0.036102705
271134,0.14323959
271135,0.105038285
271137,0.07230722
271145,0.115972675
271149,0.113237746
271195,0.028638704
271199,0.15956026
271200,0.28694385
271220,0.054921065
271233,0.09722973
271234,0.16269772
271236,0.118603185
271248,0.016430752
271250,0.24768554
271251,0.04225392
271255,0.06620425
271261,0.03496369
271269,0.024659127
271276,0.03798001
271296,0.19810358
271304,0.17862034
271314,0.013809552
271318,0.0135107655
271322,0.013432078
271325,0.035399485
271354,0.08874696
271355,0.022318434
271359,0.02136289
271361,0.009756114
271363,0.4459896
271367,0.07703417
271368,0.033276018
271369,0.024132898
271393,0.2674906
271409,0.09186968
271415,0.02386803
271418,0.13237262
271429,0.043370824
271431,0.022098497
271432,0.21603736
271442,0.12656532
271446,0.08444312
271448,0.05466672
271450,0.34199306
271452,0.020353217
271460,0.10111135
271461,0.23780873
271472,0.049498208
271496,0.0520679
271515,0.045621924
271527,0.0656719
271537,0.065511554
271544,0.06849611
271562,0.044770513
271565,0.023465356
271566,0.11600039
271567,0.10609233
271570,0.14313623
271576,0.027379265
271582,0.15974325
271586,0.10544115
271593,0.0694497
271598,0.025679134
271606,0.054534048
271607,0.027561098
271616,0.18394944
271617,0.046367828
271624,0.03354913
271638,0.03440653
271652,0.020271057
271657,0.029380845
271662,0.04502602
271665,0.021362083
271667,0.031831153
271670,0.08907985
271675,0.06431189
271679,0.14987893
271682,0.07013261
271696,0.11789722
271699,0.017369788
271733,0.039026685
271739,0.028631609
271746,0.0061238753
271753,0.097138576
271756,0.12622792
271762,0.038551506
271777,0.019527297
271781,0.017071143
271785,0.023873674
271786,0.026280249
271790,0.0229381
271801,0.057224732
271806,0.032566406
271807,0.12993914
271810,0.10578307
271811,0.023601288
271815,0.07419263
271847,0.014188858
271875,0.025473397
271878,0.18544975
271880,0.13722108
271883,0.034064643
271911,0.12326581
271912,0.046780698
271914,0.21650861
271922,0.065297976
271933,0.023363633
271945,0.04661542
271952,0.009713644
271954,0.040786333
271961,0.06024205
271967,0.023125824
271969,0.02333179
271980,0.09342885
271989,0.034054328
271991,0.09954788
272000,0.021874603
272004,0.16743182
272010,0.07137525
272013,0.17760763
272029,0.09961752
272030,0.046025716
272031,0.019146703
272035,0.0138720665
272040,0.2690047
272043,0.022439096
272055,0.09293347
272068,0.030866787
272075,0.18467541
272081,0.01718753
272090,0.02362361
272104,0.0142907575
272116,0.028777797
272121,0.009408638
272129,0.048168648
272143,0.052506536
272146,0.055134766
272148,0.22122613
272152,0.17536326
272167,0.03150811
272180,0.050837092
272192,0.03174393
272201,0.018575013
272205,0.047841586
272209,0.12062752
272211,0.044623103
272228,0.030744828
272233,0.124814875
272235,0.11250375
272249,0.24953873
272267,0.077944085
272270,0.018040141
272276,0.040135644
272302,0.09593666
272303,0.017799187
272308,0.07128973
272309,0.135723
272311,0.028733889
272313,0.013346982
272353,0.04286434
272366,0.042944565
272367,0.039111707
272371,0.053073768
272381,0.025179848
272404,0.096630365
272405,0.048426796
272418,0.061046302
272419,0.028993743
272425,0.035592314
272438,0.066142626
272444,0.035241496
272445,0.059446387
272462,0.022655744
272474,0.013545497
272478,0.10157547
272479,0.21477287
272480,0.041645974
272482,0.035945974
272511,0.26596227
272512,0.011818532
272516,0.014751285
272517,0.03198997
272522,0.045987144
272537,0.037489776
272555,0.031767186
272564,0.27012527
272566,0.030122884
272573,0.013475887
272575,0.026335869
272583,0.032005366
272593,0.058031306
272627,0.055202123
272628,0.08868413
272630,0.015790747
272632,0.01875062
272635,0.32946193
272636,0.080611974
272661,0.03984445
272669,0.03545756
272672,0.0378889
272681,0.13845982
272682,0.13982348
272691,0.022954356
272697,0.021510635
272706,0.06969238
272708,0.026031643
272717,0.05124517
272722,0.0136891045
272723,0.008796504
272737,0.0057279347
272744,0.008056655
272752,0.19997014
272757,0.027617475
272760,0.029706685
272763,0.023116395
272768,0.028365249
272779,0.010727534
272781,0.2162306
272787,0.12183863
272795,0.06536668
272799,0.044637274
272820,0.10323007
272821,0.0254587
272829,0.05683346
272852,0.038768027
272863,0.14521725
272878,0.038948823
272886,0.010948273
272891,0.16634482
272903,0.09291194
272914,0.010242249
272928,0.110411756
272937,0.084171616
272938,0.05974907
272944,0.11473625
272965,0.20115659
272967,0.06969642
272969,0.07670092
272983,0.10675906
272998,0.14029269
273002,0.09213424
273005,0.019257063
273010,0.030831639
273011,0.06045037
273017,0.044307344
273021,0.09385118
273023,0.07704178
273027,0.08463404
273035,0.010724053
273047,0.18140204
273053,0.01336411
273060,0.22091211
273062,0.02882083
273074,0.11495953
273078,0.019221917
273079,0.039173868
273087,0.116114005
273107,0.04554274
273109,0.010585271
273112,0.045618247
273113,0.06663277
273117,0.04013907
273121,0.36048684
273137,0.065313354
273156,0.029724056
273157,0.1307719
273177,0.09046611
273192,0.016733943
273193,0.016549692
273194,0.02292024
273198,0.10142049
273199,0.02728403
273206,0.043488074
273213,0.030049741
273235,0.031980906
273244,0.0503809
273247,0.11827318
273248,0.359922
273254,0.025150083
273259,0.024461884
273270,0.01710506
273272,0.06363649
273287,0.032880984
273289,0.09022906
273294,0.0151081765
273301,0.073473245
273304,0.11193077
273313,0.047815297
273314,0.08667083
273333,0.08333266
273336,0.27212244
273343,0.012146769
273353,0.04429301
273359,0.031210257
273371,0.017844694
273402,0.099705726
273415,0.015348909
273420,0.40493593
273424,0.035152406
273428,0.04040487
273429,0.017345607
273443,0.26881287
273457,0.02261773
273458,0.012475634
273467,0.07810774
273477,0.03258518
273482,0.05834017
273495,0.018275294
273496,0.012025024
273503,0.070379525
273507,0.091368034
273508,0.07952563
273510,0.043577053
273524,0.06413419
273552,0.014934109
273556,0.058658555
273566,0.03879661
273579,0.0676642
273584,0.12737988
273595,0.06829547
273606,0.036906075
273623,0.033338938
273625,0.057461232
273638,0.22011817
273660,0.014234866
273664,0.05479774
273683,0.05086892
273686,0.025181422
273687,0.19343907
273699,0.10150021
273700,0.228815
273719,0.026662774
273721,0.14274526
273728,0.03813162
273764,0.014635414
273770,0.049192004
273774,0.07778977
273792,0.085879974
273806,0.006920368
273807,0.13609153
273818,0.017385177
273823,0.10744011
273835,0.39548856
273856,0.042702418
273861,0.02233377
273863,0.028587468
273864,0.101115465
273874,0.24778332
273879,0.14105624
273892,0.14193766
273895,0.12722361
273899,0.021235466
273900,0.12081941
273912,0.03508422
273921,0.016597318
273941,0.038325902
273946,0.027438773
273954,0.1221456
273956,0.03735221
273962,0.08091536
273968,0.027318157
273985,0.08397032
274000,0.15912853
274003,0.027298037
274004,0.02886469
274006,0.022233035
274019,0.4027443
274022,0.38440087
274023,0.11030068
274034,0.061882228
274043,0.018685885
274052,0.09431306
274054,0.30215845
274058,0.14526667
274063,0.08073853
274070,0.0430661
274072,0.092374176
274081,0.02967452
274108,0.12354351
274118,0.1531451
274125,0.037291393
274129,0.026020728
274140,0.04809903
274142,0.04045493
274146,0.048137188
274147,0.10353094
274155,0.007452879
274163,0.074904576
274165,0.016459435
274174,0.015147549
274182,0.17637034
274186,0.058032505
274188,0.047745302
274193,0.07741561
274198,0.14405547
274216,0.014133107
274219,0.017741567
274225,0.23979329
274229,0.025392486
274248,0.03387116
274268,0.029735664
274274,0.009393948
274286,0.021520402
274289,0.078315444
274297,0.02691023
274302,0.028886354
274326,0.07096787
274346,0.061675783
274348,0.043074638
274349,0.043395184
274350,0.022408094
274353,0.07037865
274359,0.19040474
274364,0.015961308
274368,0.024314066
274373,0.040908683
274378,0.082990706
274389,0.010610309
274390,0.029657677
274391,0.0062275636
274392,0.051840845
274396,0.20878227
274408,0.12157944
274409,0.08961888
274424,0.12229224
274453,0.1914178
274460,0.018281784
274465,0.034335703
274468,0.02147498
274481,0.20465773
274482,0.009126732
274484,0.06313329
274490,0.13608898
274509,0.03860063
274511,0.02079356
274515,0.12038536
274521,0.04828789
274523,0.07128759
274525,0.09533322
274539,0.0377813
274541,0.069138825
274574,0.16503765
274585,0.03212823
274587,0.102922924
274594,0.094784476
274600,0.11384835
274605,0.027415235
274611,0.024241751
274619,0.13571317
274641,0.0856595
274666,0.1981063
274688,0.0976392
274690,0.09654592
274699,0.12343503
274703,0.037990287
274715,0.011626208
274717,0.030698232
274760,0.049528137
274774,0.099130474
274791,0.12020404
274801,0.019357406
274804,0.08275999
274808,0.2068433
274813,0.04502574
274815,0.09610458
274818,0.017052174
274820,0.022226665
274829,0.07546253
274847,0.23418118
274865,0.03435002
274870,0.03100693
274881,0.13434324
274890,0.122045316
274894,0.05104177
274902,0.028848229
274905,0.09431371
274911,0.042510692
274912,0.1417014
274914,0.012197379
274927,0.03146142
274931,0.022952618
274944,0.18365154
274951,0.10171787
274953,0.08705614
274954,0.03386485
274961,0.01787636
274965,0.23189133
274972,0.113676265
274978,0.026611777
274984,0.058344424
274993,0.03806183
274996,0.018221539
275043,0.006731464
275048,0.048549246
275052,0.07048775
275059,0.02770039
275060,0.031493183
275071,0.045484945
275077,0.10465991
275078,0.0797623
275091,0.032082524
275098,0.17969382
275111,0.10746568
275120,0.34802866
275121,0.17468768
275125,0.040389497
275129,0.02733071
275139,0.03269834
275150,0.038098775
275153,0.07918831
275166,0.16898541
275185,0.1281548
275199,0.28173319
275201,0.012380362
275203,0.055078268
275216,0.0890348
275225,0.16917714
275226,0.059183817
275232,0.1122675
275254,0.03316587
275256,0.5947789
275272,0.109989814
275278,0.017761596
275280,0.061017595
275286,0.050424956
275288,0.01885758
275299,0.010264702
275306,0.12731625
275313,0.018822825
275314,0.079495616
275319,0.29021716
275324,0.07101257
275330,0.062329587
275334,0.038950216
275335,0.20434207
275337,0.08100351
275339,0.14108947
275351,0.048785865
275352,0.19347715
275367,0.030254342
275384,0.03512471
275392,0.025146062
275393,0.057638288
275408,0.11662017
275411,0.05186441
275413,0.20161566
275415,0.018337717
275416,0.05732356
275422,0.020466074
275424,0.06547199
275438,0.048970114
275440,0.09510313
275468,0.03874217
275469,0.05334813
275473,0.21868792
275482,0.06854285
275488,0.011374029
275502,0.09749117
275503,0.036529537
275511,0.094499834
275518,0.023455381
275520,0.019599827
275524,0.03650855
275531,0.114868075
275537,0.05748528
275558,0.0421149
275574,0.03352746
275576,0.13064423
275583,0.0110422615
275588,0.12973872
275605,0.34552613
275612,0.118880935
275627,0.11665395
275633,0.021770258
275646,0.038781967
275647,0.094890095
275653,0.24023086
275661,0.09478517
275683,0.04050947
275688,0.037577868
275691,0.06935548
275713,0.12130141
275731,0.012485796
275735,0.2454027
275739,0.0072344276
275761,0.13388808
275762,0.04139469
275767,0.046177223
275768,0.13264482
275769,0.23100418
275774,0.035281092
275776,0.039016813
275783,0.020655083
275800,0.03823772
275805,0.1364752
275836,0.0063401684
275842,0.04301374
275855,0.28862557
275860,0.025177823
275870,0.09749318
275884,0.13259265
275897,0.04184138
275899,0.01980958
275900,0.074591525
275906,0.079831444
275912,0.04249087
275922,0.15805595
275929,0.3297012
275931,0.088848144
275932,0.024732808
275936,0.2896352
275937,0.019616006
275947,0.1435709
275949,0.21073194
275954,0.26044643
275958,0.030173577
275966,0.28030244
275967,0.049064945
275970,0.15306862
275989,0.13751069
275993,0.10620285
275995,0.044863775
275998,0.02730014
276007,0.046259705
276011,0.05608363
276029,0.10186552
276047,0.011007791
276048,0.04583317
276050,0.048248094
276054,0.067034945
276056,0.02611535
276057,0.09876015
276060,0.02593019
276084,0.01077047
276089,0.028105706
276118,0.022412514
276121,0.2267081
276122,0.2160397
276130,0.023819735
276134,0.108143166
276135,0.017919585
276142,0.22580865
276164,0.017682431
276195,0.19780561
276210,0.10827419
276235,0.06730477
276238,0.0155587895
276242,0.019793909
276244,0.14465716
276247,0.026150433
276263,0.17149417
276306,0.12580456
276309,0.021121956
276319,0.11223059
276334,0.12870835
276338,0.010202715
276343,0.018761624
276344,0.05198186
276345,0.022947876
276348,0.031010598
276359,0.0237773
276363,0.040948603
276365,0.08539706
276366,0.12725188
276373,0.038717132
276378,0.12759538
276386,0.07738888
276405,0.027658714
276419,0.015255927
276422,0.056878287
276430,0.07487288
276437,0.062157094
276442,0.09150629
276444,0.018449193
276446,0.030091427
276455,0.2123934
276470,0.022327986
276472,0.027124545
276475,0.26750177
276479,0.02532217
276484,0.022696303
276487,0.10047409
276488,0.23419793
276495,0.083459064
276497,0.19422077
276508,0.23141922
276509,0.078238145
276516,0.025621634
276521,0.0072441814
276525,0.12675129
276550,0.026747825
276560,0.019897826
276569,0.04164505
276584,0.020103153
276603,0.016834872
276615,0.005629187
276617,0.012709568
276622,0.035835065
276625,0.015558313
276629,0.030915009
276642,0.022006895
276664,0.03414771
276674,0.010698566
276675,0.4565683
276678,0.12086405
276692,0.035143744
276693,0.0343473
276697,0.026250461
276703,0.0713713
276705,0.046332337
276717,0.09332817
276728,0.048311137
276744,0.09945417
276762,0.097466
276764,0.023326999
276781,0.14790067
276793,0.083948895
276798,0.073717155
276800,0.041712616
276805,0.035448503
276824,0.044789664
276826,0.01661198
276848,0.13234593
276854,0.11559851
276862,0.3034852
276865,0.071677774
276869,0.06604785
276880,0.00852974
276882,0.06414499
276886,0.038388737
276889,0.11445547
276892,0.06474129
276903,0.011921744
276906,0.0695313
276936,0.019423425
276945,0.0179172
276956,0.011086036
276958,0.009756169
276963,0.011714983
276966,0.013037738
276987,0.04789927
276993,0.12322439
276994,0.016986193
277004,0.06774575
277015,0.018469853
277021,0.31785998
277024,0.013981377
277032,0.045616813
277054,0.2099297
277055,0.04996561
277061,0.016632799
277065,0.25736064
277070,0.047372986
277079,0.13624619
277088,0.026133837
277108,0.13836007
277114,0.06469259
277121,0.067746945
277137,0.06314257
277148,0.10031559
277158,0.12742993
277162,0.19469552
277165,0.24862272
277167,0.011056455
277170,0.032774672
277172,0.018915452
277177,0.04146942
277179,0.15880068
277182,0.050212603
277185,0.024314987
277191,0.06934462
277200,0.12479779
277211,0.017065335
277217,0.019427486
277221,0.032549284
277226,0.027528975
277227,0.098043285
277228,0.20461287
277229,0.07860713
277244,0.19328725
277271,0.046397496
277274,0.07964639
277282,0.018777888
277286,0.020637231
277288,0.064499125
277290,0.006969809
277291,0.01594166
277296,0.01617428
277297,0.027825383
277320,0.055947654
277327,0.20805773
277335,0.105771944
277336,0.024922471
277338,0.16410671
277342,0.18346058
277344,0.026157755
277345,0.061672077
277349,0.015235968
277356,0.030294212
277370,0.044650625
277371,0.22456223
277379,0.054719575
277386,0.38120604
277390,0.19370003
277400,0.074157804
277401,0.1281277
277412,0.023020158
277413,0.13124779
277415,0.020862032
277417,0.25839505
277419,0.108080015
277422,0.16831222
277423,0.027117511
277425,0.033927105
277432,0.03244396
277438,0.057564832
277445,0.037164766
277447,0.14278124
277456,0.022625783
277457,0.023876302
277474,0.059834838
277488,0.06416769
277494,0.046134792
277501,0.07801059
277503,0.040977273
277510,0.08411457
277516,0.1285387
277521,0.12574953
277522,0.01750963
277530,0.03657408
277531,0.29483134
277536,0.090238474
277548,0.01409901
277550,0.037480336
277554,0.03599669
277555,0.08924011
277562,0.07580238
277565,0.18966371
277566,0.015468026
277572,0.05085366
277592,0.07169927
277593,0.017324554
277610,0.105746984
277621,0.06104973
277654,0.22839788
277668,0.020242248
277673,0.014665709
277675,0.014843533
277694,0.009308798
277697,0.13534985
277699,0.021312963
277700,0.022271903
277701,0.019549299
277708,0.07217772
277710,0.013887907
277717,0.15927619
277725,0.039525636
277731,0.06618156
277746,0.30238578
277753,0.030959507
277757,0.23939995
277764,0.046412215
277772,0.04705037
277775,0.11372341
277777,0.018700734
277787,0.027313836
277797,0.032323945
277798,0.11431689
277802,0.25167605
277812,0.04210841
277816,0.12099629
277820,0.010241384
277821,0.03895246
277822,0.16510564
277838,0.09365501
277845,0.020670414
277846,0.016204719
277854,0.10771088
277856,0.15358354
277866,0.1494667
277874,0.09413864
277893,0.22081034
277900,0.020660581
277964,0.009267541
277970,0.03784683
277976,0.043025088
277983,0.061487913
277994,0.016701885
278011,0.056952436
278025,0.2576368
278045,0.12658465
278048,0.17406832
278066,0.009355178
278088,0.034110196
278098,0.04350962
278101,0.1418877
278113,0.015013409
278114,0.04904534
278128,0.048850425
278152,0.06385893
278157,0.08457951
278168,0.17747717
278169,0.030024944
278174,0.040547576
278176,0.0120029505
278181,0.14002149
278185,0.16666217
278225,0.0564432
278236,0.17411938
278242,0.027085958
278244,0.021461843
278251,0.043609995
278252,0.039091866
278272,0.036803402
278279,0.009581828
278287,0.1895682
278288,0.0927187
278309,0.05363468
278310,0.03464843
278316,0.044740748
278318,0.6189873
278320,0.03470365
278344,0.14568639
278356,0.1560465
278359,0.014449502
278361,0.04982099
278368,0.04808257
278372,0.025640396
278384,0.18393153
278388,0.035214312
278409,0.26766577
278414,0.0890337
278415,0.16676232
278416,0.03539311
278422,0.024987713
278423,0.21565013
278432,0.0884602
278436,0.115088254
278455,0.016307442
278461,0.1547742
278469,0.09571106
278482,0.12963462
278487,0.07723114
278493,0.047274202
278501,0.0841406
278508,0.21178816
278511,0.027703408
278519,0.022447566
278526,0.030871646
278530,0.1079483
278533,0.004524983
278539,0.1875081
278545,0.03260678
278556,0.069680035
278559,0.040355485
278587,0.06401262
278601,0.04066667
278603,0.08084987
278604,0.13827822
278605,0.044478647
278606,0.017140627
278613,0.064942144
278616,0.09026056
278618,0.07119065
278632,0.10574207
278633,0.054344863
278637,0.021388102
278645,0.12375769
278649,0.11974773
278653,0.15720668
278662,0.016921401
278673,0.07044879
278700,0.06824143
278703,0.0831652
278704,0.06089278
278723,0.06572868
278725,0.05166864
278730,0.043271005
278750,0.03337991
278765,0.07236217
278770,0.019037627
278779,0.03619546
278787,0.02752163
278791,0.03110099
278804,0.028981065
278807,0.09839703
278810,0.028014772
278812,0.042937744
278815,0.1676903
278821,0.13008536
278825,0.016462145
278832,0.05862127
278836,0.048763856
278838,0.14479513
278840,0.13155079
278844,0.08301937
278862,0.020031817
278863,0.019292241
278871,0.057796832
278875,0.016810557
278892,0.58220506
278899,0.05290406
278903,0.07095189
278909,0.03138496
278913,0.44027865
278931,0.013672439
278932,0.08164884
278933,0.091103755
278937,0.034091473
278952,0.04522721
278954,0.013924151
278960,0.14120251
278967,0.060743153
278968,0.050549403
278972,0.08848943
278976,0.19377942
278982,0.07062338
278983,0.09160948
279001,0.08390647
279015,0.03184362
279018,0.06778537
279035,0.14997397
279040,0.10482824
279043,0.15294895
279046,0.039298866
279061,0.04888041
279063,0.039506804
279065,0.014050878
279068,0.006074902
279070,0.063583404
279074,0.14199357
279076,0.07553074
279086,0.013793353
279095,0.019864278
279107,0.074088655
279108,0.17497757
279109,0.0044099963
279110,0.119715765
279111,0.055653136
279129,0.017744832
279134,0.058699984
279137,0.05967578
279142,0.16571997
279146,0.013686033
279153,0.0048854984
279157,0.047141567
279165,0.041727953
279166,0.017832112
279172,0.10614303
279173,0.092061594
279174,0.08098159
279179,0.1734173
279182,0.03385952
279186,0.0365546
279187,0.0562987
279189,0.019242024
279201,0.07531722
279202,0.03443632
279213,0.015705934
279214,0.022938233
279217,0.0215684
279230,0.15111278
279232,0.05896004
279233,0.02388365
279235,0.060299523
279250,0.038961627
279252,0.023390789
279257,0.050170276
279265,0.048245892
279266,0.023134287
279279,0.03069223
279281,0.01910314
279282,0.022644818
279285,0.06550588
279286,0.05601917
279297,0.032643337
279300,0.06759381
279318,0.0107071595
279324,0.019552892
279334,0.029003544
279335,0.0074709784
279336,0.051576383
279341,0.076534644
279342,0.2461018
279353,0.06539615
279357,0.23708335
279371,0.26605082
279376,0.029975364
279391,0.044129245
279392,0.027327193
279402,0.0700318
279406,0.30235413
279408,0.036280286
279434,0.09142981
279439,0.010299868
279448,0.026086282
279450,0.057456106
279456,0.017694421
279461,0.06061192
279466,0.01248643
279470,0.06535019
279471,0.009048485
279493,0.08520872
279500,0.016752651
279506,0.028041584
279512,0.045074277
279519,0.07751276
279533,0.012241322
279549,0.024467746
279551,0.37910795
279556,0.02636545
279557,0.052547377
279558,0.1706073
279566,0.2566705
279592,0.08168407
279595,0.22531739
279604,0.10649241
279608,0.027938442
279614,0.095501386
279618,0.07551144
279622,0.090836346
279648,0.19333331
279652,0.020126281
279653,0.09495259
279679,0.022025587
279690,0.082827255
279691,0.12022049
279694,0.17643103
279698,0.07209348
279702,0.03581661
279712,0.029461645
279713,0.09909565
279715,0.0050688162
279725,0.016964296
279727,0.09205898
279733,0.025992827
279742,0.055252805
279748,0.026222138
279754,0.042061955
279756,0.14894754
279776,0.13632911
279778,0.046618093
279779,0.007268188
279782,0.13039657
279793,0.018632244
279794,0.018512094
279804,0.30665553
279810,0.012425055
279817,0.46599433
279828,0.060941216
279830,0.041704323
279831,0.06742394
279834,0.12969925
279835,0.019089399
279840,0.015883418
279847,0.025119022
279852,0.05942581
279854,0.14996026
279856,0.04256023
279859,0.092594184
279862,0.032505333
279876,0.093877845
279878,0.10964008
279889,0.012506461
279894,0.039910335
279897,0.033579726
279903,0.08865879
279904,0.030798791
279906,0.039557427
279909,0.1250681
279922,0.25684565
279925,0.030905524
279939,0.17794503
279940,0.049973268
279942,0.043561064
279948,0.013311525
279952,0.003758005
279960,0.015688246
279968,0.029698025
279969,0.035666782
279977,0.25671035
279980,0.037654787
279994,0.06437493
279997,0.06784254
279998,0.15855919
280007,0.07598305
280009,0.12845561
280010,0.20109753
280020,0.021195073
280021,0.04429532
280022,0.08906612
280052,0.036787912
280058,0.038339105
280074,0.10147067
280076,0.0328153
280085,0.32877934
280091,0.055571094
280095,0.023457484
280107,0.18481585
280116,0.1531863
280140,0.13531512
280144,0.15378846
280156,0.048862033
280177,0.006017295
280191,0.012854105
280205,0.031761795
280226,0.112948775
280230,0.037526693
280234,0.017018836
280264,0.04295108
280274,0.02212566
280298,0.04489326
280299,0.04962579
280300,0.10471178
280301,0.044364955
280308,0.004973196
280317,0.06128318
280319,0.03179006
280322,0.041523404
280342,0.03624028
280348,0.13231714
280350,0.038520433
280353,0.12714127
280366,0.051650453
280372,0.040417124
280374,0.00848491
280376,0.2742824
280381,0.012861599
280384,0.01835732
280388,0.02296097
280397,0.14429305
280401,0.009905076
280409,0.14047946
280413,0.011336776
280422,0.15847561
280424,0.048011668
280426,0.13357562
280429,0.110837646
280430,0.225119
280435,0.05003578
280444,0.035440467
280450,0.056939173
280455,0.16102143
280459,0.0148180695
280462,0.0994223
280466,0.26229522
280470,0.027083404
280473,0.07171997
280517,0.075063735
280524,0.3309095
280527,0.012736695
280531,0.009480459
280548,0.05798426
280558,0.286871
280563,0.051283613
280598,0.15098372
280599,0.17546639
280603,0.023919871
280607,0.039058316
280610,0.1876681
280612,0.07444159
280625,0.04394655
280631,0.01589467
280650,0.14084755
280653,0.4938286
280657,0.047212325
280669,0.017121486
280675,0.052706342
280679,0.12600376
280685,0.013983994
280691,0.054140024
280693,0.025012633
280706,0.04783998
280714,0.019791193
280719,0.33790147
280724,0.11576365
280725,0.020631908
280737,0.042183287
280738,0.08548639
280744,0.0115061905
280746,0.19347504
280760,0.16741905
280772,0.10816758
280777,0.09486698
280784,0.04052773
280785,0.047421414
280791,0.058402505
280793,0.011919137
280794,0.014354635
280800,0.08041376
280805,0.048094448
280806,0.03295504
280815,0.088890746
280823,0.010402216
280831,0.036697816
280832,0.033197243
280841,0.053289864
280845,0.07889024
280846,0.034304
280854,0.00893907
280857,0.0057180044
280861,0.032923065
280862,0.13542148
280867,0.040859822
280877,0.076809034
280879,0.096932225
280890,0.041337434
280891,0.041012343
280903,0.43266577
280916,0.034372944
280929,0.012085648
280934,0.15175022
280941,0.14008822
280947,0.05811503
280962,0.06344823
280963,0.11938486
280966,0.029870529
280967,0.023077909
280971,0.45997348
281005,0.024044493
281007,0.13102317
281008,0.012571517
281009,0.043327507
281016,0.012779957
281024,0.21034828
281039,0.0971574
281045,0.008981654
281054,0.24291655
281055,0.09748427
281056,0.112730905
281068,0.09439478
281092,0.052326396
281094,0.013411272
281118,0.3425666
281133,0.02214843
281137,0.02523297
281164,0.11745913
281176,0.017197458
281177,0.04007226
281184,0.062084947
281187,0.14819905
281192,0.035732187
281195,0.1547247
281220,0.04480099
281222,0.09004591
281227,0.0613857
281234,0.04096607
281251,0.052821655
281278,0.026863271
281298,0.18062869
281303,0.18618765
281306,0.19270223
281314,0.019445866
281320,0.016842797
281322,0.040294044
281337,0.047990847
281347,0.352014
281357,0.027099648
281362,0.04750438
281365,0.045058765
281366,0.037784837
281367,0.06743255
281373,0.047412466
281376,0.027419444
281400,0.18841091
281417,0.011060565
281420,0.016223727
281422,0.06637297
281435,0.03124915
281439,0.012398367
281448,0.058536686
281451,0.055583686
281453,0.009853195
281482,0.020624768
281494,0.1476283
281514,0.054472595
281515,0.02531047
281542,0.08714815
281556,0.065940954
281568,0.067417
281592,0.029292552
281593,0.011478055
281607,0.1510058
281613,0.033282652
281618,0.11715001
281620,0.067860566
281628,0.1432155
281629,0.029722068
281633,0.06872955
281634,0.027102657
281642,0.028805476
281643,0.02931038
281653,0.08333118
281661,0.029416356
281671,0.055605717
281675,0.061574526
281684,0.0143291075
281692,0.11892994
281697,0.016173763
281730,0.048263226
281731,0.15139624
281734,0.069951534
281737,0.011117063
281750,0.30414152
281752,0.064735375
281764,0.085590266
281782,0.0957375
281791,0.01888088
281793,0.16921735
281795,0.07326638
281824,0.055149373
281831,0.082985386
281845,0.055747453
281848,0.02118102
281854,0.04795279
281855,0.05871056
281867,0.061478365
281873,0.039534133
281875,0.016246604
281876,0.13335758
281881,0.004874717
281905,0.01265968
281906,0.064763784
281907,0.023630671
281914,0.092606746
281929,0.027114453
281936,0.16865867
281938,0.011155048
281940,0.011477931
281941,0.04341136
281950,0.015723607
281954,0.029626954
281955,0.12476883
281956,0.16461033
281957,0.0160639
281968,0.14748178
281972,0.18773524
281974,0.04083689
281987,0.013423221
281996,0.12802285
281998,0.0247058
282002,0.05164325
282004,0.051893987
282005,0.024333624
282020,0.07050688
282021,0.07126598
282041,0.14048193
282045,0.09380561
282046,0.012322009
282048,0.067998566
282056,0.19788718
282063,0.014739433
282068,0.0822657
282072,0.080435395
282100,0.04808179
282104,0.04546346
282105,0.044380896
282106,0.017293027
282108,0.02603886
282114,0.2782285
282132,0.10252936
282133,0.02942147
282136,0.042335376
282145,0.17036454
282146,0.16774175
282150,0.03682927
282151,0.027091112
282152,0.14655118
282157,0.33046043
282165,0.03742362
282167,0.011494862
282178,0.035454497
282179,0.090377845
282204,0.008030616
282208,0.01631409
282218,0.03440542
282221,0.34107372
282223,0.013222735
282226,0.007426597
282230,0.018270956
282232,0.097934045
282235,0.01808901
282236,0.102376156
282239,0.06139208
282246,0.02176047
282250,0.28653193
282259,0.027911287
282270,0.007188079
282272,0.0058022486
282282,0.30837646
282292,0.04630505
282306,0.043273274
282311,0.045966092
282317,0.2338118
282318,0.039943073
282331,0.033955235
282338,0.12586713
282349,0.044491794
282350,0.26575738
282355,0.01367579
282359,0.40589085
282382,0.024854692
282396,0.0831966
282399,0.13001552
282408,0.04979055
282421,0.053602617
282427,0.049347267
282437,0.020436365
282446,0.044723146
282448,0.017688347
282453,0.015722927
282456,0.095438264
282457,0.06333471
282465,0.16177273
282476,0.116468534
282478,0.03563642
282482,0.020835763
282485,0.07613364
282492,0.05825332
282498,0.18170151
282503,0.0108894855
282512,0.15055683
282521,0.14265789
282531,0.2695333
282548,0.053456686
282582,0.029675638
282585,0.038567476
282605,0.03285853
282618,0.016372703
282633,0.02033189
282642,0.15497589
282645,0.14518632
282647,0.08724193
282649,0.034908947
282654,0.04203518
282661,0.055325866
282667,0.016568935
282668,0.05124559
282678,0.04709616
282679,0.091582835
282687,0.022016274
282688,0.033869006
282691,0.0517448
282702,0.004763292
282709,0.024795162
282712,0.037231084
282715,0.19234955
282726,0.0079808375
282735,0.051352825
282737,0.018121323
282746,0.16753456
282751,0.0042578345
282754,0.3704959
282758,0.19228216
282773,0.38243943
282787,0.031780705
282794,0.032839857
282812,0.0063274945
282822,0.16468273
282827,0.13688374
282836,0.040973864
282841,0.038342047
282854,0.11118781
282862,0.064069934
282873,0.051983036
282890,0.042197056
282900,0.13614517
282906,0.055227056
282910,0.10485256
282915,0.010802733
282929,0.012080275
282933,0.036018297
282944,0.11328245
282945,0.032800797
282950,0.0078015947
282954,0.015852353
282960,0.020662447
282961,0.09637893
282962,0.029494256
282965,0.23269029
282971,0.10311793
282974,0.028962232
282975,0.010829231
282979,0.0199959
282984,0.1319418
282990,0.20596568
282998,0.062027212
283005,0.10928739
283013,0.19684581
283018,0.122682266
283029,0.26192403
283032,0.019070424
283036,0.07288152
283041,0.16269019
283046,0.11387231
283050,0.011119171
283057,0.054614857
283065,0.09190145
283069,0.27937877
283074,0.020572037
283076,0.053321254
283077,0.029248519
283089,0.07383557
283090,0.013812722
283094,0.076110095
283110,0.06560804
283118,0.16389081
283127,0.020685613
283130,0.055035386
283139,0.13114196
283143,0.11107881
283144,0.35411778
283146,0.020708572
283150,0.03740934
283161,0.3456261
283177,0.09369964
283180,0.024504313
283184,0.04805319
283191,0.04432881
283193,0.02716762
283196,0.17538106
283199,0.10128195
283202,0.08732213
283205,0.009050901
283213,0.05091478
283216,0.02868643
283218,0.037298992
283220,0.017894872
283227,0.1570947
283233,0.032654956
283248,0.0575509
283250,0.124644086
283261,0.01668543
283264,0.031388197
283267,0.05152234
283269,0.0222222
283271,0.030702526
283282,0.13626546
283283,0.025192006
283290,0.023749076
283295,0.06365838
283298,0.015907915
283303,0.23717429
283309,0.028422624
283310,0.014763787
283314,0.10896757
283317,0.007182395
283318,0.06618697
283323,0.13358654
283327,0.12464271
283328,0.11772592
283336,0.12139112
283340,0.051504023
283344,0.028301246
283345,0.12797587
283360,0.02586148
283361,0.013473402
283383,0.14256899
283387,0.057810713
283390,0.015349875
283412,0.030173862
283426,0.011590542
283429,0.11185918
283433,0.083853014
283437,0.043111794
283438,0.011978225
283461,0.040628243
283466,0.02647394
283477,0.011815169
283479,0.06204994
283483,0.050648417
283484,0.033667196
283486,0.026346594
283500,0.019170484
283512,0.19357151
283515,0.041623086
283517,0.43293592
283519,0.03189185
283523,0.057406727
283528,0.12505025
283555,0.11914226
283565,0.020170607
283572,0.06711467
283576,0.020430515
283586,0.32945937
283590,0.06731043
283606,0.039324604
283615,0.014478982
283619,0.05966394
283632,0.25180215
283635,0.057424597
283636,0.01986191
283641,0.1109066
283642,0.022013275
283647,0.019168878
283667,0.019094165
283683,0.06981807
283684,0.07100323
283687,0.0769992
283691,0.03246837
283693,0.038987752
283701,0.019005867
283702,0.05716133
283711,0.18342239
283713,0.3129779
283726,0.035786454
283730,0.056869045
283736,0.021002531
283737,0.18391427
283740,0.017694047
283748,0.059365492
283750,0.045856792
283756,0.00799843
283757,0.02655974
283774,0.21042207
283776,0.17295623
283784,0.09124415
283790,0.26722765
283796,0.014411545
283806,0.12539877
283816,0.0032894507
283825,0.14289245
283827,0.050043836
283835,0.012491965
283839,0.248589
283843,0.046899896
283874,0.37785807
283880,0.024476329
283881,0.13105966
283882,0.32574862
283887,0.012388031
283891,0.08626751
283893,0.07756246
283895,0.007811083
283900,0.12426407
283906,0.09347822
283938,0.029726041
283943,0.012537113
283953,0.38599405
283958,0.27103958
283961,0.009694193
283972,0.034598
283973,0.024644013
283986,0.08426814
283990,0.007548877
283994,0.3615444
284000,0.010924347
284002,0.11834639
284003,0.047363356
284035,0.17398852
284049,0.014036129
284055,0.011900082
284060,0.03260078
284061,0.092427894
284069,0.120365985
284072,0.071293674
284075,0.13579214
284087,0.065812945
284093,0.023901397
284095,0.041877247
284096,0.05283765
284106,0.0167253
284109,0.047165822
284112,0.040315438
284126,0.1143122
284152,0.04930231
284155,0.050038498
284157,0.030465143
284159,0.07714913
284194,0.07278881
284207,0.044511903
284211,0.026549742
284220,0.27309132
284232,0.107595496
284239,0.19039613
284246,0.020887155
284257,0.12575
284259,0.026962843
284272,0.075443976
284277,0.0630817
284279,0.27175215
284283,0.03837566
284294,0.019419566
284298,0.016925527
284305,0.10271063
284309,0.018786285
284311,0.02022157
284315,0.0097902715
284338,0.27780446
284340,0.11716382
284342,0.11282406
284344,0.011657729
284348,0.021985222
284361,0.08924949
284373,0.025399707
284380,0.4480581
284408,0.018144768
284422,0.012477126
284423,0.065581635
284427,0.10792699
284433,0.37529233
284442,0.009318685
284462,0.14838703
284481,0.25582156
284487,0.0443406
284492,0.012555799
284495,0.04722087
284499,0.35006315
284503,0.09375568
284506,0.103715636
284507,0.007606323
284511,0.27463037
284512,0.07437793
284513,0.016092867
284520,0.07940426
284537,0.026840786
284557,0.2453084
284560,0.019476285
284571,0.07296601
284573,0.24633947
284574,0.011081808
284575,0.02433991
284576,0.08620136
284578,0.042312898
284592,0.017311245
284606,0.14914231
284609,0.09270504
284614,0.012732805
284627,0.032196373
284630,0.09707272
284633,0.017559756
284647,0.03066559
284650,0.041359626
284655,0.09798776
284661,0.017022187
284664,0.019334026
284668,0.029870639
284682,0.03981476
284683,0.121274784
284691,0.017016364
284692,0.08389533
284695,0.06640811
284751,0.2765764
284785,0.07012465
284796,0.006347073
284797,0.015936539
284799,0.022945695
284805,0.035008002
284811,0.02142544
284844,0.031820256
284856,0.22172643
284861,0.041055422
284864,0.032207288
284866,0.044677135
284867,0.031008981
284871,0.0197184
284873,0.015458923
284888,0.20918863
284895,0.004269627
284906,0.039119486
284907,0.12772444
284908,0.03097573
284914,0.014842201
284916,0.0308774
284920,0.08149045
284926,0.036565118
284934,0.062482353
284937,0.04561322
284949,0.035255328
284986,0.020777715
285002,0.048367105
285006,0.06098258
285007,0.1588358
285008,0.041077666
285016,0.048152745
285040,0.012794048
285041,0.004905729
285050,0.11343737
285051,0.0111055365
285059,0.051206015
285077,0.09255113
285078,0.13747136
285097,0.012212906
285102,0.0914311
285104,0.016263936
285117,0.058417283
285119,0.097095825
285120,0.02091717
285122,0.042340387
285131,0.1379348
285137,0.021803653
285139,0.04695976
285147,0.027169015
285176,0.00915946
285177,0.05360869
285183,0.048582442
285184,0.022082813
285200,0.01430454
285213,0.14045511
285224,0.06570663
285232,0.04152325
285245,0.17949256
285249,0.0039750743
285253,0.036972445
285268,0.027666055
285276,0.006981423
285282,0.2006184
285284,0.28043026
285297,0.08421842
285304,0.027836898
285305,0.059096813
285337,0.024860455
285346,0.043044567
285349,0.005753467
285354,0.094773054
285359,0.055637617
285366,0.19024001
285367,0.22447011
285368,0.16764635
285376,0.12957978
285382,0.009161049
285385,0.23255968
285389,0.030739676
285396,0.0292079
285398,0.11893325
285399,0.037349056
285403,0.043183863
285405,0.1111402
285407,0.1372914
285417,0.16804534
285419,0.13402006
285431,0.026854223
285457,0.049766816
285462,0.25077382
285463,0.007915746
285472,0.1321244
285476,0.028448328
285479,0.17400831
285482,0.09135971
285486,0.11669243
285487,0.07032215
285497,0.010153332
285498,0.08068978
285507,0.23193407
285509,0.013816263
285514,0.036843322
285516,0.034862496
285521,0.034927983
285525,0.004922053
285528,0.025099926
285555,0.063420236
285559,0.06627526
285561,0.03128437
285562,0.26576912
285565,0.09713093
285571,0.051426735
285583,0.11320306
285588,0.17042743
285603,0.07538458
285612,0.0694755
285628,0.19697379
285635,0.032868735
285649,0.059555084
285651,0.022678101
285653,0.04915037
285662,0.14733523
285665,0.011039248
285678,0.040125422
285681,0.027084954
285694,0.12909158
285695,0.02455287
285701,0.021266585
285721,0.027223751
285730,0.051584497
285733,0.009408287
285743,0.057496976
285744,0.14012538
285746,0.025964126
285778,0.022275575
285784,0.053596124
285808,0.017932093
285810,0.061323218
285831,0.14709271
285833,0.031404775
285841,0.023270037
285842,0.034892254
285844,0.05823453
285847,0.027515728
285853,0.010455861
285861,0.07053704
285863,0.014517271
285867,0.036176845
285870,0.48881483
285879,0.05609065
285880,0.015875535
285882,0.018725105
285893,0.007846165
285897,0.060117263
285912,0.074876696
285914,0.025182769
285918,0.050116494
285927,0.079303354
285931,0.10510227
285932,0.036865063
285962,0.057399865
285975,0.10225668
285978,0.11363789
285996,0.027176933
286000,0.04123995
286010,0.0372077
286011,0.07913746
286018,0.036550093
286033,0.06005656
286038,0.20456994
286042,0.060529023
286044,0.06909707
286047,0.02141332
286050,0.066569634
286052,0.016739037
286056,0.10995225
286058,0.014478989
286083,0.064278655
286088,0.19239558
286094,0.07885251
286107,0.22217184
286112,0.16971897
286124,0.009818817
286128,0.061508723
286141,0.08800041
286146,0.12318114
286147,0.07345851
286153,0.0044494187
286163,0.02139007
286169,0.047886595
286175,0.057413477
286185,0.005877504
286194,0.04092236
286198,0.09723904
286201,0.044095878
286202,0.332098
286213,0.07201046
286218,0.04556825
286250,0.016939512
286257,0.05829416
286264,0.104381554
286265,0.034739878
286266,0.031121168
286287,0.027960138
286292,0.009227985
286294,0.015440086
286295,0.126696
286299,0.16862214
286300,0.07108071
286302,0.29438895
286310,0.1367187
286316,0.054431718
286332,0.18673497
286353,0.06361498
286354,0.020216724
286357,0.023689665
286375,0.020657947
286382,0.103824556
286389,0.1548656
286404,0.019494565
286405,0.17050329
286411,0.052459173
286412,0.0621903
286421,0.16958919
286423,0.026437199
286426,0.1012749
286433,0.030933365
286438,0.12626398
286441,0.020967979
286444,0.012827063
286447,0.017952006
286459,0.058416817
286473,0.12112786
286484,0.021100033
286485,0.58082527
286501,0.09238436
286502,0.09819557
286509,0.035097975
286511,0.26991975
286516,0.27729747
286547,0.24386044
286549,0.097644955
286553,0.044143397
286558,0.072921984
286566,0.02973067
286572,0.04473939
286582,0.0460173
286587,0.01786339
286590,0.053380147
286594,0.09907803
286598,0.017598048
286602,0.035531446
286608,0.14395338
286610,0.040629536
286627,0.06487841
286661,0.04752705
286664,0.0841401
286668,0.0069343257
286683,0.027406342
286684,0.014836805
286689,0.016822865
286696,0.046529777
286697,0.020401753
286703,0.13386856
286705,0.033156507
286707,0.093084514
286708,0.060815796
286711,0.025346737
286714,0.051690172
286734,0.015415076
286747,0.12488926
286760,0.06262051
286763,0.03029224
286772,0.026893366
286773,0.02014547
286791,0.03092131
286813,0.09294717
286814,0.029110547
286817,0.01482981
286836,0.020487642
286838,0.08585705
286844,0.028635541
286854,0.0818427
286856,0.06940362
286859,0.030171214
286864,0.01637847
286865,0.17959587
286868,0.16300157
286881,0.1370749
286882,0.07973452
286888,0.019402688
286890,0.58210784
286892,0.11590083
286895,0.025017245
286906,0.09599154
286924,0.015402937
286930,0.019344855
286931,0.20470764
286942,0.050469443
286955,0.019225005
286960,0.08850499
286962,0.045199126
286966,0.03265475
286967,0.019921307
286971,0.03638666
286983,0.010160806
286985,0.008621884
286986,0.25454348
286987,0.13010077
286992,0.12656537
287003,0.037679434
287004,0.008879959
287006,0.042805582
287029,0.029445056
287036,0.032336313
287038,0.069640756
287049,0.030218005
287050,0.014767387
287057,0.019174295
287065,0.010768576
287066,0.27535766
287089,0.14081927
287093,0.25006723
287096,0.18799993
287103,0.068298645
287104,0.043082472
287109,0.018091913
287133,0.3997143
287137,0.0155736655
287141,0.18846081
287146,0.024410596
287148,0.0061385636
287177,0.02646981
287184,0.024257729
287197,0.07157041
287204,0.13326581
287206,0.11274636
287208,0.08773488
287225,0.016423872
287228,0.017819505
287252,0.15219904
287260,0.031386312
287264,0.12402713
287270,0.09773062
287271,0.04305996
287272,0.011505291
287274,0.03710321
287280,0.019121898
287281,0.051520605
287290,0.061804913
287298,0.04612279
287299,0.12377671
287301,0.007510286
287314,0.035981677
287321,0.11111436
287322,0.021539569
287329,0.17364109
287331,0.06717852
287337,0.03578748
287349,0.025179468
287358,0.060177185
287370,0.2728694
287371,0.023480784
287376,0.0074247345
287378,0.01736213
287386,0.14931597
287394,0.08303023
287397,0.049826685
287419,0.052023593
287428,0.030875225
287438,0.024475794
287439,0.038647525
287449,0.106594555
287450,0.016622778
287460,0.051207855
287472,0.122851655
287474,0.12799199
287483,0.019219693
287495,0.05223642
287510,0.029446207
287512,0.022633145
287530,0.092673
287531,0.017490126
287543,0.08057609
287549,0.11248906
287564,0.12338177
287574,0.03987406
287580,0.036112797
287587,0.056739897
287594,0.048695058
287605,0.09870881
287617,0.13372591
287621,0.023475565
287626,0.04355205
287629,0.077106774
287632,0.1461481
287636,0.08527743
287644,0.054875024
287648,0.06749809
287666,0.049510036
287672,0.05862974
287701,0.15839687
287708,0.0197402
287718,0.07220038
287724,0.14104
287726,0.0134837115
287729,0.086863585
287732,0.11238518
287733,0.008015879
287734,0.26985526
287750,0.20435597
287755,0.08008088
287762,0.21470213
287764,0.023720719
287766,0.016431944
287775,0.017583735
287781,0.03494209
287785,0.073320225
287789,0.021707946
287792,0.26347354
287796,0.0055122036
287804,0.10478641
287822,0.02121158
287835,0.063096255
287840,0.06947607
287850,0.059090264
287851,0.07641157
287852,0.09724685
287858,0.13196476
287859,0.013618626
287860,0.08078972
287861,0.05075047
287866,0.033972777
287868,0.090400904
287873,0.13702443
287876,0.06429423
287877,0.031957086
287878,0.015080021
287879,0.13214779
287883,0.055811632
287888,0.013087595
287894,0.40600008
287895,0.032686204
287912,0.09535781
287915,0.10131508
287920,0.0074942275
287922,0.04082842
287926,0.045271125
287929,0.053141557
287931,0.23784913
287936,0.059320435
287942,0.087105624
287946,0.046148412
287948,0.12460688
287963,0.15649207
288003,0.01156253
288005,0.022967909
288012,0.11583664
288013,0.11334737
288026,0.0092436485
288027,0.102448896
288031,0.06149726
288039,0.012932855
288041,0.18014453
288045,0.11947822
288065,0.10875593
288068,0.07006859
288079,0.046956882
288084,0.4614611
288111,0.17454895
288129,0.04928414
288138,0.47034982
288154,0.20510522
288167,0.0064707203
288178,0.07380003
288184,0.018522523
288193,0.008133767
288203,0.07064343
288207,0.24008818
288223,0.095191434
288226,0.22581208
288237,0.014371167
288257,0.30303505
288259,0.04024434
288269,0.060764667
288273,0.023346245
288276,0.04813105
288280,0.02815497
288283,0.12752897
288291,0.12583928
288299,0.108915456
288305,0.05743641
288316,0.01627224
288322,0.02917334
288333,0.016046673
288337,0.11151562
288341,0.024100017
288345,0.025613401
288348,0.020738998
288350,0.09973706
288353,0.118074104
288372,0.036884777
288375,0.27099976
288395,0.018543418
288408,0.104782134
288425,0.056210365
288430,0.28414235
288433,0.0152746495
288459,0.107272565
288462,0.07366703
288463,0.074104644
288470,0.040826526
288472,0.15369749
288475,0.05485606
288495,0.1428541
288517,0.14267762
288530,0.1804929
288535,0.083816536
288539,0.0296188
288540,0.03456036
288547,0.40484405
288553,0.064507864
288555,0.37781513
288556,0.06822767
288562,0.030386094
288564,0.015673768
288567,0.11843859
288576,0.017296042
288579,0.04492087
288580,0.19760095
288589,0.045033246
288596,0.2283821
288597,0.17468013
288599,0.017269041
288601,0.011948127
288617,0.024413481
288621,0.24072728
288635,0.037038885
288656,0.0055964785
288666,0.011700258
288670,0.13489379
288671,0.043217372
288673,0.04362708
288678,0.17180069
288693,0.30602425
288699,0.01969301
288706,0.17837752
288728,0.043101046
288739,0.08863398
288741,0.04316992
288755,0.0489704
288763,0.01904664
288766,0.052240703
288775,0.146644
288780,0.0150287105
288793,0.10342458
288811,0.05171603
288821,0.07636196
288829,0.2835822
288835,0.005052989
288836,0.051026136
288838,0.2002045
288851,0.014643496
288853,0.021502256
288854,0.017822351
288855,0.027642194
288876,0.04719164
288879,0.095707886
288884,0.17694506
288886,0.048510503
288891,0.044618618
288898,0.051670905
288911,0.26423812
288913,0.01929951
288927,0.035995375
288928,0.028746786
288931,0.09690132
288955,0.021718947
288961,0.017172338
288969,0.15640862
288971,0.052652705
288973,0.14213605
288982,0.039903358
288983,0.041456465
288986,0.03036548
288992,0.04061682
288993,0.02765838
288996,0.1099124
289007,0.11293843
289008,0.046818055
289014,0.054612223
289015,0.03278082
289016,0.032378945
289017,0.028386587
289028,0.03643393
289030,0.20252715
289040,0.028549653
289048,0.029894479
289051,0.080345966
289055,0.00688002
289057,0.01713107
289062,0.13139698
289063,0.15269557
289069,0.06405783
289073,0.02212251
289074,0.032072924
289085,0.020341996
289092,0.040985633
289097,0.028791439
289111,0.096073516
289112,0.076062895
289116,0.02203737
289123,0.026586456
289145,0.38440445
289146,0.19438916
289158,0.098564774
289165,0.04409626
289166,0.047360387
289167,0.14416303
289170,0.15472947
289193,0.046465997
289198,0.02491094
289209,0.07006476
289211,0.02763756
289215,0.049018715
289220,0.039391633
289232,0.0740323
289244,0.11070029
289258,0.070913136
289271,0.025967475
289274,0.05445625
289312,0.0589756
289321,0.08236609
289325,0.053767502
289333,0.052558716
289340,0.13030568
289368,0.019576129
289375,0.13341016
289380,0.12851071
289381,0.010015981
289384,0.08529877
289403,0.017188063
289408,0.061463967
289416,0.026955537
289463,0.15763447
289488,0.047749724
289495,0.17155285
289498,0.04426616
289499,0.011587768
289515,0.024565557
289531,0.012737972
289541,0.082929246
289554,0.012913798
289565,0.038496725
289590,0.014425586
289596,0.08225799
289601,0.15869729
289602,0.028228352
289603,0.041490376
289608,0.029476324
289622,0.09653051
289623,0.04745963
289625,0.013916474
289634,0.03166522
289648,0.14721808
289650,0.010693874
289662,0.13392074
289667,0.34775397
289674,0.012223944
289682,0.008587876
289702,0.03140025
289706,0.029301215
289709,0.19139616
289716,0.29638195
289725,0.011596515
289732,0.04320841
289743,0.037662737
289762,0.022886155
289766,0.034800813
289770,0.12037586
289775,0.17727476
289777,0.02216463
289783,0.041349094
289797,0.022064049
289798,0.006157464
289802,0.12916526
289812,0.084657945
289814,0.009139117
289819,0.022993887
289828,0.12751785
289831,0.19555056
289835,0.03133618
289844,0.04246139
289850,0.015027285
289851,0.060899805
289865,0.017726963
289869,0.13111773
289891,0.17786592
289907,0.03996344
289919,0.033595767
289923,0.11833031
289924,0.08052206
289927,0.06067863
289929,0.17093675
289951,0.042377718
289959,0.013675578
289964,0.06619413
289965,0.06093923
289966,0.03190767
289971,0.11749583
289988,0.06600401
289989,0.017459368
289995,0.10243894
290005,0.077995315
290013,0.21778202
290031,0.23682499
290036,0.10492115
290038,0.17172733
290041,0.19008344
290056,0.15899208
290058,0.013280834
290065,0.12530576
290069,0.076849535
290070,0.0347872
290074,0.14901859
290076,0.06725377
290082,0.07770258
290105,0.0067099053
290111,0.013859301
290114,0.04604652
290116,0.052723095
290117,0.090986535
290128,0.12880859
290130,0.087046
290139,0.047919378
290151,0.05121526
290154,0.00962974
290158,0.13306056
290180,0.15019844
290183,0.015249122
290190,0.09027402
290191,0.1510412
290199,0.09167365
290200,0.14847434
290202,0.01730072
290205,0.23805092
290206,0.014338271
290219,0.059977476
290227,0.013972899
290232,0.0492392
290233,0.17895527
290242,0.092799574
290246,0.026196806
290247,0.16121124
290257,0.10532825
290259,0.13752046
290260,0.044748187
290270,0.019249192
290273,0.052923817
290276,0.18093958
290281,0.1802372
290296,0.042160656
290303,0.034646943
290306,0.032946486
290331,0.036283713
290340,0.036618564
290349,0.10031767
290355,0.043777708
290365,0.123152584
290379,0.30064493
290389,0.019094162
290408,0.032065205
290409,0.09382778
290433,0.23715252
290437,0.059247527
290440,0.026002714
290448,0.062446684
290466,0.014127195
290467,0.045192674
290479,0.015569155
290490,0.08106586
290492,0.024029538
290503,0.060570836
290508,0.020666815
290524,0.09556049
290526,0.11978499
290527,0.028917508
290541,0.07270327
290557,0.08167813
290564,0.07429846
290572,0.03361345
290576,0.09363846
290588,0.017198635
290589,0.024460303
290595,0.049145367
290598,0.016536659
290605,0.061416138
290609,0.0063376008
290610,0.03728742
290612,0.11735223
290634,0.030532168
290635,0.14884132
290644,0.36492682
290672,0.10693876
290681,0.14795296
290693,0.049109366
290695,0.016182445
290702,0.03532795
290703,0.009162607
290711,0.21991333
290713,0.17628074
290727,0.115212165
290730,0.021513976
290734,0.05560127
290745,0.10654735
290746,0.16132303
290751,0.11077972
290758,0.025699247
290766,0.053717174
290784,0.12944885
290786,0.00494727
290813,0.28774536
290849,0.17845157
290852,0.00890339
290881,0.31157044
290884,0.02543055
290885,0.068507664
290889,0.017853104
290911,0.054435335
290913,0.18905893
290923,0.025217118
290926,0.00610482
290936,0.07751036
290941,0.09412792
290945,0.046607096
290955,0.015692363
290961,0.08088634
290964,0.030696299
290967,0.038241174
290970,0.019461634
290974,0.04207801
290976,0.01829251
290978,0.01565804
290981,0.014781795
290991,0.03374988
291005,0.027889805
291009,0.023058565
291011,0.049607165
291012,0.15864414
291018,0.26331925
291023,0.04678696
291028,0.060692538
291034,0.123356916
291038,0.054382853
291039,0.17867143
291041,0.16251983
291045,0.036521517
291048,0.07412756
291052,0.08581
291055,0.01950342
291082,0.1263271
291085,0.14841211
291086,0.0115769915
291094,0.02982145
291103,0.042976826
291108,0.089835
291110,0.09972934
291113,0.022724077
291117,0.0402266
291124,0.05847559
291129,0.04264917
291142,0.08590874
291155,0.33756062
291157,0.13452688
291177,0.022793597
291178,0.034112476
291180,0.016620534
291188,0.37435523
291198,0.03588543
291200,0.008667263
291202,0.040736236
291207,0.012554109
291218,0.015379227
291231,0.25565764
291232,0.059320368
291240,0.02982515
291241,0.13358305
291245,0.031288445
291256,0.007566742
291273,0.095108725
291274,0.1347062
291277,0.110487446
291290,0.22767393
291303,0.07422759
291310,0.02896802
291311,0.06491794
291319,0.3415425
291324,0.14108628
291331,0.095681615
291334,0.03087087
291348,0.19553208
291349,0.16001055
291359,0.046513364
291365,0.013379259
291379,0.044219088
291396,0.011472235
291411,0.06285717
291424,0.070143975
291425,0.0069568055
291428,0.037280317
291446,0.12113938
291449,0.009011086
291461,0.13399512
291465,0.02462419
291480,0.1706403
291486,0.043659993
291487,0.01733857
291491,0.014805828
291499,0.012653471
291505,0.06243138
291512,0.053912647
291513,0.054500796
291521,0.0060114376
291523,0.01163312
291543,0.13854985
291545,0.013690482
291546,0.10654979
291550,0.024037007
291552,0.026841119
291561,0.053384423
291579,0.034377504
291584,0.44997227
291586,0.014494184
291590,0.059451908
291592,0.66179293
291593,0.009657881
291599,0.06646587
291615,0.0055129197
291617,0.0077924905
291628,0.11117256
291654,0.048653334
291658,0.30056363
291659,0.02080752
291661,0.18655889
291671,0.08791864
291677,0.0052280677
291689,0.067634396
291693,0.060069826
291695,0.07949735
291696,0.21874672
291697,0.039665487
291702,0.060539745
291711,0.010781282
291713,0.022983788
291715,0.08963942
291718,0.0580474
291733,0.032678295
291742,0.06963724
291748,0.042046253
291765,0.015600056
291771,0.05850634
291773,0.14156963
291788,0.029990971
291789,0.061837077
291796,0.079165645
291800,0.109429315
291817,0.014401119
291822,0.2786835
291840,0.20853071
291843,0.03093297
291855,0.14824606
291858,0.026835823
291870,0.05159831
291872,0.005095277
291874,0.019857703
291883,0.032910604
291888,0.038736355
291894,0.038762324
291901,0.020476434
291928,0.18437402
291930,0.015254064
291949,0.01252
291951,0.05773561
291953,0.03606606
291955,0.038446903
291963,0.30078453
291969,0.07750656
291980,0.060225066
292010,0.02025073
292022,0.03565945
292023,0.026156025
292031,0.04716712
292034,0.031704545
292043,0.049426526
292049,0.050072294
292055,0.040521678
292062,0.11392289
292070,0.032051194
292072,0.23267728
292073,0.0163784
292082,0.09531092
292096,0.023063233
292098,0.06771358
292116,0.046949223
292118,0.085945785
292126,0.11572177
292128,0.035641298
292137,0.10766079
292138,0.015807474
292142,0.072248146
292149,0.10637747
292181,0.17694733
292189,0.014771668
292191,0.045851275
292205,0.024133572
292219,0.096270725
292227,0.066277795
292231,0.06490726
292238,0.04882579
292246,0.030778341
292248,0.11217059
292259,0.031720374
292261,0.05643906
292266,0.049553663
292267,0.027775953
292272,0.062054157
292278,0.33646372
292281,0.045980502
292286,0.06695243
292288,0.2016642
292289,0.013165041
292304,0.055868886
292307,0.02970197
292319,0.044226788
292320,0.032656576
292325,0.07624588
292326,0.1486307
292331,0.017664865
292332,0.01026599
292333,0.006050541
292334,0.06133768
292337,0.04016056
292338,0.15141682
292342,0.033144247
292347,0.036040276
292350,0.03564463
292355,0.016058888
292360,0.015553121
292362,0.010060866
292363,0.21114232
292364,0.031375393
292383,0.13005461
292397,0.06263514
292409,0.23361114
292417,0.066875175
292426,0.014817986
292428,0.04132433
292439,0.2692094
292443,0.11654361
292448,0.035435896
292451,0.030023806
292452,0.068792604
292456,0.011823702
292460,0.041212574
292463,0.062431343
292464,0.13567355
292476,0.09473841
292480,0.07636635
292483,0.015008521
292493,0.019570593
292501,0.19593738
292506,0.016915167
292508,0.016982125
292513,0.097055726
292525,0.10522091
292533,0.063710555
292540,0.0816418
292541,0.006605088
292544,0.008633401
292549,0.071216606
292550,0.025526037
292557,0.11077494
292558,0.01747012
292562,0.029398201
292564,0.008140683
292583,0.12168478
292612,0.037370726
292618,0.021762531
292623,0.19681376
292631,0.011367457
292633,0.1360072
292641,0.03875248
292643,0.020119917
292649,0.034043122
292650,0.068734586
292651,0.10094131
292655,0.028796755
292659,0.042300496
292677,0.028996151
292693,0.025977215
292697,0.017888838
292700,0.108793035
292702,0.08324789
292710,0.009977657
292727,0.25303835
292731,0.09830323
292732,0.015613148
292734,0.014634203
292735,0.021143045
292737,0.02723397
292739,0.061426938
292741,0.01142474
292767,0.009246694
292778,0.01733135
292807,0.14486235
292813,0.15748052
292834,0.29113948
292837,0.00928793
292839,0.01881012
292844,0.04135834
292869,0.034157775
292874,0.01517769
292892,0.06729068
292894,0.06844524
292916,0.13216244
292921,0.15258422
292925,0.09269349
292929,0.15148784
292933,0.028097365
292935,0.07981472
292938,0.036201168
292945,0.086413346
292946,0.10150418
292953,0.14160657
292966,0.18855399
292968,0.037731305
292983,0.045073733
292988,0.12006363
292992,0.007360396
292997,0.025431203
293002,0.028237313
293013,0.008359489
293030,0.19545957
293043,0.19179033
293070,0.35195827
293093,0.012854632
293103,0.067931004
293104,0.0074384133
293117,0.56237006
293123,0.025306419
293126,0.25554192
293128,0.009068512
293136,0.033998728
293142,0.034072034
293146,0.2512276
293149,0.2072702
293159,0.04326964
293169,0.016490681
293172,0.0769021
293175,0.03733154
293176,0.06594094
293192,0.0076083248
293213,0.07332567
293218,0.12888592
293219,0.06985952
293224,0.13649811
293225,0.05052892
293234,0.2399293
293243,0.11851573
293249,0.019436758
293256,0.023666758
293276,0.09479163
293283,0.3584935
293295,0.04128445
293308,0.036269218
293309,0.15438974
293316,0.03642251
293326,0.076930545
293330,0.011851523
293351,0.09516129
293361,0.020096747
293366,0.19452852
293376,0.0571141
293377,0.08240491
293382,0.130645
293383,0.12977697
293385,0.04338222
293402,0.1294194
293403,0.08605891
293405,0.018779417
293412,0.05224919
293430,0.027291423
293435,0.014131671
293438,0.026295632
293445,0.05440793
293447,0.16577019
293451,0.03439482
293463,0.012952836
293471,0.018601447
293482,0.07136944
293485,0.029080778
293493,0.15561624
293496,0.014661512
293505,0.26179275
293507,0.026955118
293508,0.06776056
293518,0.037270494
293524,0.018113637
293527,0.06260378
293537,0.016186994
293542,0.11285882
293556,0.007671176
293560,0.22862796
293563,0.26218453
293565,0.0113600595
293597,0.118634075
293603,0.031605512
293607,0.054972183
293621,0.027666744
293622,0.01203136
293623,0.25203806
293636,0.1071546
293643,0.036545366
293659,0.16065791
293678,0.020132748
293679,0.077628516
293681,0.08529936
293684,0.052782018
293692,0.019625675
293696,0.0153520955
293733,0.019082904
293734,0.018313969
293745,0.038609717
293751,0.0374119
293770,0.2568522
293778,0.109264135
293789,0.012617836
293809,0.015961427
293815,0.0211692
293816,0.115095586
293819,0.0832016
293822,0.050481267
293846,0.20279078
293849,0.0061287996
293850,0.04364523
293851,0.19163874
293860,0.025885083
293863,0.12759
293881,0.19625165
293900,0.08976834
293907,0.03431505
293915,0.012544738
293931,0.016799023
293935,0.033778876
293942,0.056759793
293944,0.40554494
293967,0.06489576
293968,0.091550685
293971,0.009244837
293972,0.053740095
293974,0.072473004
293976,0.0690711
293985,0.013882233
293996,0.309603
294004,0.02222911
294007,0.13792533
294010,0.019619057
294013,0.12437725
294016,0.20795897
294018,0.11930813
294028,0.16499169
294041,0.022926476
294047,0.017231517
294055,0.03997324
294062,0.07014721
294069,0.041301016
294075,0.1487136
294091,0.01106967
294108,0.0522449
294116,0.06273857
294125,0.035549253
294129,0.034571756
294130,0.016545843
294134,0.009827666
294135,0.0866508
294136,0.08064295
294141,0.046006948
294160,0.011922946
294164,0.06405915
294184,0.050912485
294191,0.036898643
294195,0.03176306
294199,0.0067730956
294208,0.21762796
294221,0.010281123
294225,0.06723928
294230,0.06589349
294236,0.21395238
294256,0.022334863
294257,0.009006309
294258,0.20155509
294282,0.06386845
294287,0.051778857
294290,0.016156223
294300,0.06689291
294302,0.015556518
294313,0.005226119
294314,0.072347976
294322,0.009125525
294336,0.07000277
294339,0.3164216
294348,0.13537498
294365,0.23392974
294373,0.057107717
294383,0.020570736
294403,0.024049973
294406,0.059143703
294417,0.29205436
294452,0.40912318
294463,0.07152426
294471,0.019543113
294486,0.019270368
294501,0.11575468
294504,0.12879056
294509,0.048369575
294511,0.038923513
294519,0.01789153
294530,0.10353531
294532,0.23896565
294547,0.28389767
294548,0.038927823
294554,0.007151065
294577,0.10177347
294578,0.008116405
294580,0.06408152
294583,0.06846903
294592,0.07427344
294595,0.04392848
294602,0.022753244
294613,0.16701144
294617,0.019673996
294631,0.28905293
294641,0.08024344
294653,0.11472646
294657,0.076936394
294661,0.15441673
294665,0.0062727495
294668,0.016780667
294671,0.031030715
294682,0.043329395
294685,0.00919117
294688,0.12839061
294690,0.5256695
294698,0.04720201
294717,0.09711797
294724,0.018161178
294726,0.015517424
294738,0.15363458
294744,0.07049057
294758,0.07057783
294762,0.014386534
294776,0.099645115
294777,0.021481123
294807,0.046087664
294816,0.07026664
294821,0.009002561
294825,0.035737667
294834,0.022580616
294835,0.043135248
294836,0.045741346
294840,0.042027127
294842,0.21523866
294864,0.016042849
294874,0.06303452
294880,0.053985238
294881,0.024238713
294897,0.030573407
294898,0.036443114
294920,0.07827268
294923,0.1398543
294926,0.05653446
294937,0.095910974
294941,0.08039924
294951,0.17880175
294952,0.01574993
294953,0.03349885
294982,0.054937564
294989,0.04612109
294995,0.10818941
295009,0.1444833
295010,0.04192356
295013,0.05879732
295016,0.016238391
295022,0.06541587
295024,0.08346603
295040,0.23059432
295045,0.05055872
295047,0.07770076
295056,0.075042315
295073,0.22189079
295080,0.09369213
295093,0.04090591
295094,0.35100505
295095,0.040364765
295107,0.008725326
295116,0.0801273
295140,0.025392968
295150,0.27956867
295154,0.17086008
295155,0.11649681
295162,0.06367463
295163,0.019806731
295168,0.12954403
295176,0.011008876
295182,0.01687116
295183,0.12955931
295216,0.047752388
295219,0.049228128
295239,0.02457982
295246,0.0127756735
295255,0.09455892
295257,0.12306646
295261,0.004746378
295263,0.01918312
295265,0.059437964
295274,0.20503339
295281,0.068927705
295286,0.03929455
295299,0.08298194
295304,0.01094048
295306,0.018892366
295321,0.052688062
295339,0.018335348
295342,0.02753855
295346,0.13413899
295348,0.104473285
295354,0.011038356
295367,0.08528163
295372,0.035245843
295373,0.026720775
295374,0.058490347
295387,0.015892597
295389,0.07843309
295396,0.066306695
295415,0.04789321
295418,0.064582534
295421,0.015960447
295425,0.022510555
295431,0.0365006
295434,0.013936583
295443,0.14691797
295453,0.029820267
295473,0.020256437
295476,0.027708635
295477,0.14253305
295488,0.15794966
295499,0.0980614
295504,0.0069341813
295505,0.21864496
295524,0.020982824
295529,0.035210706
295533,0.089352295
295534,0.016519466
295549,0.02259891
295565,0.009192873
295584,0.027966738
295585,0.03767379
295597,0.054364067
295599,0.14000325
295604,0.009686867
295616,0.08036874
295635,0.04440649
295637,0.009398435
295670,0.011693594
295678,0.021144528
295701,0.0230813
295711,0.18095537
295713,0.0648841
295734,0.10831128
295739,0.025416281
295750,0.03453908
295773,0.36292544
295783,0.0827345
295787,0.014104446
295790,0.06293309
295795,0.116377234
295820,0.025308982
295821,0.027737496
295826,0.04404358
295836,0.04212094
295837,0.14181758
295842,0.09035815
295848,0.022850705
295850,0.059369147
295869,0.03779165
295871,0.09168032
295873,0.051955912
295879,0.03850523
295880,0.16623408
295892,0.041179024
295904,0.21524028
295907,0.012433829
295908,0.034780122
295913,0.020159839
295918,0.051749304
295921,0.28168085
295924,0.17408967
295949,0.025756096
295953,0.035634886
295961,0.011167901
295968,0.0919611
295971,0.09185808
295985,0.033934
295986,0.06571249
295987,0.023613835
295993,0.09307394
295997,0.11828383
296005,0.06313318
296007,0.034478217
296012,0.11925216
296022,0.063645326
296024,0.01151415
296032,0.0525685
296034,0.010862969
296062,0.009361545
296070,0.04262108
296074,0.012239667
296084,0.027671194
296087,0.023019735
296088,0.07953413
296089,0.13722889
296143,0.015830757
296172,0.007055933
296183,0.031166969
296185,0.02423322
296194,0.045891978
296199,0.2091137
296204,0.11217271
296206,0.19289935
296209,0.09221911
296229,0.09437194
296239,0.006289556
296253,0.04703822
296259,0.33267078
296264,0.010683759
296270,0.5308977
296273,0.07290016
296284,0.0663985
296285,0.26959002
296287,0.023463499
296288,0.09842165
296292,0.10544667
296300,0.07737082
296301,0.021557847
296321,0.38444358
296324,0.08789161
296335,0.26290298
296348,0.007613597
296354,0.027947973
296369,0.159173
296376,0.09598748
296391,0.07967562
296393,0.091422774
296398,0.041597653
296428,0.06844495
296432,0.12569225
296433,0.05985586
296449,0.063228995
296450,0.045234792
296490,0.06638325
296498,0.08716329
296499,0.04349886
296500,0.061873462
296509,0.10756116
296514,0.0277106
296518,0.0519717
296527,0.013224844
296532,0.021130834
296541,0.03633775
296544,0.1210673
296546,0.011401536
296573,0.20824222
296578,0.03333131
296589,0.041499406
296594,0.101930104
296616,0.059756495
296623,0.042800203
296624,0.066745825
296632,0.014890785
296633,0.023518613
296639,0.17405869
296647,0.052749187
296656,0.23546769
296678,0.026027193
296679,0.037022714
296695,0.020596772
296696,0.12629597
296714,0.029977893
296721,0.048798416
296739,0.02297046
296744,0.3498978
296747,0.090585984
296758,0.044897635
296760,0.011884208
296766,0.028782148
296769,0.008000394
296776,0.015468063
296780,0.09795713
296782,0.18031268
296790,0.08774688
296795,0.060650222
296801,0.0051985113
296803,0.18816406
296806,0.110383436
296811,0.046593633
296813,0.004425856
296818,0.24872403
296822,0.026164394
296839,0.07374117
296848,0.02109826
296863,0.15730198
296871,0.033483077
296872,0.18215665
296877,0.05335296
296882,0.39325547
296885,0.022948094
296903,0.15795437
296906,0.07205531
296912,0.020453244
296916,0.043344103
296922,0.0402412
296926,0.14557244
296927,0.022122674
296935,0.03436161
296939,0.032381486
296942,0.063723825
296954,0.087087676
296968,0.042698424
296971,0.041850172
296984,0.06684883
297004,0.016058128
297011,0.13589197
297017,0.033708166
297019,0.32644618
297021,0.028718429
297025,0.025084551
297033,0.06106806
297038,0.22587605
297042,0.4788449
297065,0.043013446
297089,0.026631676
297093,0.120804064
297098,0.06740708
297100,0.033037182
297111,0.035504542
297115,0.10884924
297121,0.1639163
297123,0.2060242
297129,0.03163679
297132,0.013399989
297139,0.0581032
297147,0.11175636
297148,0.3770926
297161,0.22564764
297167,0.023182236
297171,0.04999272
297173,0.025278728
297179,0.011939186
297189,0.17495531
297200,0.010719804
297201,0.06445886
297220,0.09750181
297229,0.082379855
297234,0.014039996
297252,0.1684073
297266,0.10731326
297269,0.0070766294
297276,0.18404305
297292,0.009767531
297300,0.19337942
297303,0.0390177
297305,0.13364235
297307,0.05116711
297313,0.100767024
297336,0.052496232
297340,0.12964995
297344,0.017886091
297349,0.014931781
297358,0.032854833
297363,0.12141954
297369,0.05676407
297372,0.0118906265
297380,0.14201176
297384,0.053716168
297385,0.19174863
297389,0.018573938
297390,0.12344324
297415,0.09474177
297419,0.21518067
297421,0.2527385
297424,0.01968595
297431,0.046785112
297447,0.030734923
297456,0.031996954
297457,0.02977419
297463,0.020931665
297464,0.07602954
297474,0.03690654
297479,0.036073845
297480,0.2750347
297494,0.0216384
297495,0.024189414
297507,0.015968876
297514,0.04153037
297515,0.016534805
297516,0.12306814
297521,0.070527144
297534,0.0492761
297553,0.008888566
297575,0.10000143
297584,0.16181079
297586,0.022646982
297606,0.012865335
297630,0.01636934
297636,0.020219836
297646,0.03286303
297650,0.014822622
297651,0.07384613
297656,0.019469773
297675,0.08998905
297681,0.0841845
297699,0.013590765
297702,0.095641255
297712,0.079229765
297718,0.084520325
297730,0.15023479
297731,0.023397636
297745,0.011871089
297768,0.29191038
297771,0.032319807
297774,0.016963452
297781,0.023293475
297786,0.13678603
297798,0.16582228
297809,0.028855033
297822,0.05183944
297828,0.011176999
297840,0.033331867
297852,0.054172825
297859,0.0086045135
297868,0.05054382
297883,0.06463067
297887,0.008302537
297896,0.10942082
297898,0.032861415
297917,0.2790023
297943,0.0073578595
297954,0.16976553
297965,0.028141653
297992,0.013549684
297993,0.030244473
298001,0.052329436
298005,0.12230234
298010,0.0059492723
298013,0.013041838
298014,0.20026639
298015,0.04944341
298025,0.30925268
298026,0.10768861
298032,0.11626073
298039,0.22704938
298049,0.044530597
298051,0.010577653
298058,0.034833267
298062,0.015511052
298070,0.13027918
298078,0.028821101
298084,0.14847906
298108,0.11496314
298113,0.027716018
298115,0.089605846
298126,0.023895508
298131,0.0036526846
298134,0.0607772
298135,0.026397007
298139,0.012649521
298142,0.014622092
298152,0.032491345
298154,0.017031733
298155,0.027974341
298161,0.22810979
298165,0.18153505
298166,0.2530691
298171,0.04937255
298179,0.05691059
298182,0.03568422
298187,0.010459477
298192,0.040138323
298194,0.06536062
298213,0.12280024
298215,0.21980916
298216,0.028586892
298217,0.014520745
298223,0.07525276
298256,0.030661788
298275,0.016160011
298277,0.10804143
298279,0.024128739
298285,0.08396817
298286,0.31933767
298296,0.015499157
298309,0.20270005
298312,0.047519766
298323,0.0386208
298330,0.007244387
298340,0.03987454
298341,0.021126598
298349,0.046206884
298353,0.021383118
298363,0.047709443
298367,0.020101829
298378,0.1418055
298380,0.061722834
298392,0.19878401
298395,0.06291161
298405,0.22615984
298426,0.25288296
298427,0.056450807
298444,0.023870118
298450,0.011587265
298458,0.009754239
298462,0.025919799
298463,0.013496778
298479,0.056312874
298480,0.0619195
298487,0.077633
298499,0.12665191
298500,0.039256234
298506,0.03949301
298507,0.008222045
298512,0.089658
298515,0.06322213
298517,0.09280837
298532,0.3178389
298533,0.057713676
298560,0.09686739
298564,0.022591503
298567,0.38382038
298568,0.0312619
298569,0.10002437
298570,0.26914403
298579,0.029750865
298583,0.023805175
298591,0.023328546
298593,0.1329794
298600,0.01484515
298609,0.014904579
298620,0.09293206
298622,0.04510234
298628,0.0056760944
298633,0.038722586
298657,0.068870954
298669,0.079153344
298671,0.10097825
298677,0.04394057
298692,0.03366814
298703,0.022404075
298705,0.02029275
298711,0.05036067
298713,0.11879515
298757,0.11307821
298766,0.008449142
298768,0.18985976
298770,0.07760936
298776,0.38666055
298785,0.028814109
298787,0.04765899
298792,0.10260634
298795,0.032236308
298799,0.023005182
298806,0.1767906
298810,0.10664413
298818,0.12828489
298822,0.075229645
298823,0.016573139
298834,0.02829783
298837,0.11184853
298841,0.022566136
298845,0.038397137
298852,0.0640929
298855,0.0147817405
298858,0.056525216
298860,0.025339384
298861,0.011389181
298863,0.0082368925
298866,0.08729707
298873,0.15213317
298880,0.09512061
298889,0.038285095
298896,0.36759856
298917,0.17694214
298929,0.06764023
298940,0.08756963
298946,0.21031529
298949,0.011808985
298966,0.02937109
298984,0.04471604
298994,0.027555145
299004,0.30860236
299012,0.055165883
299022,0.16322911
299024,0.018254397
299026,0.038619958
299035,0.02564307
299036,0.04125699
299039,0.02208027
299061,0.18288673
299064,0.04659896
299067,0.028671555
299074,0.21564008
299075,0.017590953
299078,0.0649821
299109,0.1254668
299117,0.08811178
299121,0.034430407
299127,0.16037315
299134,0.10482768
299136,0.032018982
299137,0.1290369
299139,0.15795574
299168,0.011016043
299176,0.014210357
299184,0.055533454
299188,0.10078388
299191,0.21112075
299208,0.06425286
299229,0.037026547
299238,0.057013564
299241,0.10184763
299257,0.032587394
299260,0.059201393
299264,0.07199303
299279,0.06927913
299308,0.009751006
299310,0.02958662
299311,0.069926135
299317,0.12750804
299325,0.055140104
299329,0.046555836
299334,0.13548781
299335,0.11714988
299339,0.050882056
299351,0.057108954
299352,0.005799108
299365,0.1013402
299393,0.043703854
299400,0.03756726
299404,0.030312855
299406,0.05396046
299410,0.18552025
299413,0.063046284
299434,0.23938937
299448,0.02586399
299463,0.08354871
299464,0.13886593
299470,0.040341645
299480,0.06991865
299488,0.011363964
299496,0.117741324
299501,0.055932216
299504,0.21222036
299532,0.09000411
299536,0.08361467
299550,0.038820487
299554,0.087065615
299564,0.06750502
299577,0.045206174
299581,0.04112623
299594,0.08450862
299632,0.025086632
299633,0.092910394
299650,0.22520007
299678,0.05224775
299682,0.043905176
299705,0.10639777
299719,0.07998586
299720,0.040241968
299724,0.077525176
299730,0.014136203
299750,0.05284555
299766,0.046983086
299774,0.1749167
299787,0.024337169
299817,0.029913409
299818,0.11763138
299826,0.01240343
299833,0.049622856
299845,0.054196052
299847,0.42461503
299850,0.106881954
299866,0.15373358
299869,0.041653503
299870,0.13697074
299874,0.01978551
299877,0.20285498
299891,0.11353622
299898,0.102885514
299900,0.14378567
299904,0.027886301
299912,0.0360487
299914,0.016533952
299919,0.017446676
299931,0.039314713
299934,0.14772218
299941,0.32389277
299946,0.009024385
299947,0.061285913
299972,0.07771841
299973,0.24939781
299975,0.038969222
299979,0.03287599
299981,0.0504614
299983,0.13627534
299985,0.056927983
299986,0.026527654
300011,0.19497043
300013,0.045405377
300028,0.018472426
300042,0.037879225
300043,0.118092455
300058,0.10640416
300073,0.053582363
300075,0.08046201
300087,0.014042148
300090,0.056294516
300107,0.091429584
300115,0.014748105
300119,0.01780538
300122,0.1982427
300125,0.07121466
300126,0.038142152
300137,0.43690038
300139,0.049946055
300145,0.14737548
300155,0.028845068
300169,0.011556864
300170,0.04436846
300175,0.021848887
300177,0.068612725
300186,0.022455975
300188,0.017354257
300194,0.06274272
300207,0.19065176
300210,0.16828132
300217,0.06949224
300221,0.01938754
300235,0.017171687
300238,0.009438965
300240,0.1721182
300241,0.04274459
300249,0.011708223
300255,0.14103103
300259,0.054705348
300272,0.033071663
300274,0.13664994
300276,0.11434078
300284,0.009439441
300293,0.017128877
300306,0.038038023
300310,0.084164426
300324,0.1789776
300339,0.008124001
300346,0.03146828
300348,0.03704566
300354,0.0115516195
300356,0.018808136
300358,0.023079092
300363,0.044277247
300366,0.13610016
300368,0.06694275
300370,0.08137651
300385,0.08217918
300392,0.22659379
300393,0.017418867
300403,0.07785285
300411,0.0690881
300420,0.06421926
300421,0.03802685
300435,0.16256747
300437,0.033987932
300440,0.10611559
300443,0.054534342
300456,0.19205838
300458,0.06642632
300459,0.12022313
300460,0.020232182
300462,0.068750925
300481,0.042343322
300486,0.19751206
300488,0.026061077
300503,0.07095025
300506,0.03334278
300517,0.05559467
300523,0.0052822684
300525,0.008224269
300526,0.090754315
300552,0.026830047
300560,0.056176577
300570,0.019200476
300583,0.10393827
300585,0.090317555
300587,0.10144976
300598,0.11899876
300600,0.049697727
300608,0.124478646
300612,0.013159294
300618,0.03157833
300621,0.116835035
300640,0.021303378
300641,0.08222941
300651,0.046585638
300653,0.020372307
300667,0.03068279
300678,0.018991224
300680,0.046454336
300687,0.055047736
300702,0.19485514
300717,0.036746625
300722,0.010992328
300723,0.04618036
300732,0.09253473
300752,0.10886083
300761,0.35159436
300775,0.06594452
300786,0.20157674
300787,0.011661251
300788,0.04515173
300789,0.13450512
300794,0.06939051
300808,0.097118996
300834,0.026384037
300842,0.095735475
300844,0.13155022
300850,0.041077014
300851,0.08957174
300854,0.025522793
300866,0.029104577
300867,0.024116829
300868,0.08932465
300882,0.054050207
300883,0.0319884
300891,0.09497413
300894,0.0068054395
300901,0.13306785
300904,0.048956748
300910,0.08177978
300914,0.13789108
300918,0.03218608
300948,0.21030273
300954,0.049988125
300958,0.12698577
300959,0.028756998
300970,0.0042087357
300971,0.048774023
300975,0.11027329
300981,0.054195628
300983,0.0781391
300993,0.29776496
300996,0.02414453
301001,0.013648539
301005,0.033652894
301010,0.20242088
301021,0.62038666
301026,0.019730339
301029,0.01805345
301032,0.04933446
301061,0.29646668
301073,0.0070529236
301083,0.039824978
301089,0.073299184
301093,0.14947583
301098,0.026614526
301103,0.101701856
301105,0.17876078
301112,0.14585556
301120,0.010787371
301122,0.024126481
301124,0.059311483
301137,0.02711302
301169,0.058913697
301173,0.039679937
301177,0.07734962
301179,0.013337956
301180,0.21464518
301185,0.04195892
301195,0.3059446
301199,0.029254645
301201,0.037624493
301206,0.05414664
301209,0.118995406
301210,0.08702173
301216,0.2383721
301224,0.29965094
301226,0.0669494
301227,0.027974658
301243,0.047811393
301246,0.010515582
301248,0.042264357
301252,0.014233614
301259,0.22955848
301260,0.024177004
301267,0.018241638
301268,0.0638302
301274,0.021972705
301281,0.025027433
301287,0.03071165
301288,0.04705189
301299,0.02413295
301304,0.017632509
301325,0.13275506
301327,0.07044309
301331,0.12884282
301332,0.026611049
301336,0.05126394
301345,0.24486147
301348,0.023832673
301356,0.116085224
301358,0.047616538
301360,0.011642707
301364,0.06409569
301389,0.019355984
301415,0.0072143907
301421,0.19790684
301422,0.03232323
301424,0.09531562
301426,0.016292984
301433,0.12144643
301459,0.1970752
301460,0.09968285
301478,0.031649567
301483,0.030179894
301493,0.016497953
301494,0.02138163
301503,0.045156684
301510,0.112864256
301516,0.016821688
301530,0.05595371
301531,0.033081524
301549,0.007512003
301550,0.053487193
301555,0.049488094
301573,0.024326324
301588,0.025253156
301593,0.08499764
301613,0.085719034
301625,0.15217027
301643,0.036864243
301650,0.014792167
301651,0.0775788
301652,0.03333528
301653,0.09141408
301665,0.047175307
301684,0.04403592
301686,0.15355448
301694,0.0703118
301697,0.018453337
301698,0.05335837
301717,0.013985327
301725,0.015705263
301728,0.03680395
301734,0.015698396
301749,0.10422448
301761,0.2802786
301766,0.06907655
301775,0.15713048
301782,0.06585662
301784,0.100874625
301787,0.04554539
301789,0.1659294
301790,0.112196855
301804,0.13421462
301806,0.037487425
301817,0.048468187
301826,0.038912144
301837,0.038327616
301842,0.029162416
301848,0.02539744
301859,0.13163343
301860,0.020284083
301867,0.059809815
301877,0.012636378
301883,0.023187079
301902,0.049406342
301908,0.026819553
301916,0.028341455
301920,0.019751005
301921,0.021088881
301931,0.009754893
301939,0.08295857
301941,0.031983443
301943,0.009407989
301949,0.011686002
301955,0.06691794
301963,0.026650533
301968,0.025083585
301975,0.093605414
301988,0.037726603
302000,0.04712269
302005,0.031336
302007,0.05159258
302016,0.24506402
302028,0.024363134
302038,0.09101514
302043,0.012035577
302051,0.013897706
302056,0.007731495
302063,0.05362807
302072,0.029109221
302074,0.10403754
302080,0.013563106
302093,0.059763856
302096,0.07814632
302123,0.0119311325
302125,0.009114326
302128,0.021234743
302145,0.10881698
302146,0.06745683
302160,0.21876064
302166,0.052007534
302174,0.027129265
302175,0.039846145
302186,0.16801827
302190,0.058013216
302202,0.07228645
302207,0.08088579
302211,0.017149385
302215,0.047017526
302216,0.03544628
302217,0.019928481
302225,0.26026905
302231,0.0687464
302233,0.021557083
302259,0.021895757
302263,0.09036729
302281,0.049547017
302285,0.02766587
302288,0.042327423
302292,0.327099
302303,0.09927971
302306,0.059208985
302309,0.07477542
302332,0.015676174
302341,0.0035869158
302350,0.2502773
302352,0.07640945
302356,0.09162766
302361,0.044581987
302364,0.19244322
302373,0.013064918
302378,0.049958106
302385,0.045124087
302389,0.056658506
302393,0.1107208
302403,0.014771016
302422,0.018006545
302425,0.046504177
302431,0.16234289
302443,0.07933483
302448,0.016472423
302449,0.12408088
302455,0.08890442
302460,0.009927093
302462,0.03929741
302466,0.03422353
302467,0.031314664
302470,0.08223268
302472,0.021412129
302480,0.09349887
302481,0.016062822
302491,0.10483244
302494,0.012296692
302503,0.25290108
302504,0.24509853
302507,0.14075693
302527,0.074909166
302571,0.12840332
302580,0.09871169
302583,0.037456915
302591,0.011482185
302601,0.04958492
302613,0.048986617
302621,0.0316418
302638,0.019864205
302639,0.14716098
302655,0.05291799
302670,0.1052372
302673,0.23308764
302675,0.022430876
302691,0.05504972
302701,0.022042735
302705,0.021784391
302727,0.05183916
302750,0.032147415
302751,0.07154375
302757,0.13604698
302758,0.22396928
302761,0.27517372
302767,0.09518466
302787,0.023820765
302797,0.01730247
302799,0.17013027
302800,0.06352646
302815,0.025312865
302826,0.37278643
302827,0.01446462
302842,0.008045109
302856,0.01858942
302877,0.026849687
302879,0.049707748
302881,0.05029361
302882,0.077779524
302885,0.075785555
302905,0.027007231
302911,0.01164724
302916,0.09275114
302919,0.10532635
302947,0.039187852
302957,0.14100604
302968,0.02770633
302978,0.067996964
302984,0.09759332
302991,0.012507303
303007,0.0673577
303010,0.021696396
303012,0.1290113
303013,0.18004897
303024,0.027178522
303027,0.09886425
303034,0.016602876
303036,0.114163004
303037,0.02328083
303050,0.025370298
303060,0.10181823
303062,0.03756271
303066,0.02020705
303068,0.090892814
303077,0.34962502
303080,0.007382118
303082,0.022722533
303083,0.0217452
303085,0.088115074
303087,0.055631552
303089,0.026015844
303103,0.010051092
303105,0.020246668
303106,0.15833844
303120,0.06629564
303121,0.007790438
303127,0.0303364
303130,0.04083576
303142,0.006324956
303162,0.067709096
303169,0.0915303
303189,0.015662575
303220,0.040782854
303222,0.22542943
303223,0.017545333
303227,0.04169096
303262,0.10314554
303264,0.033484533
303277,0.0654847
303288,0.006175995
303292,0.048624862
303294,0.117321454
303301,0.39774156
303312,0.10345271
303328,0.06670195
303330,0.011317936
303347,0.024698786
303354,0.01676291
303356,0.014129997
303362,0.021246549
303377,0.061548375
303386,0.056941345
303393,0.0084428685
303397,0.029868899
303403,0.17637694
303413,0.008278289
303416,0.100501135
303428,0.052374184
303429,0.088647686
303432,0.05008005
303446,0.16410144
303455,0.19028264
303464,0.03035786
303465,0.009799183
303473,0.10572554
303476,0.103371754
303479,0.066930465
303482,0.02557272
303484,0.028661868
303492,0.07166752
303493,0.19027393
303497,0.0573315
303498,0.0544166
303499,0.027993621
303509,0.017435892
303513,0.04426612
303524,0.00998128
303525,0.24210626
303540,0.025551753
303544,0.0132935
303548,0.030909566
303551,0.03986617
303569,0.05693774
303584,0.06359517
303592,0.19443683
303602,0.1202396
303607,0.0871601
303619,0.049882907
303630,0.03387105
303643,0.3575261
303644,0.15482041
303670,0.10509811
303671,0.040613398
303678,0.047594
303689,0.017352583
303698,0.076133214
303702,0.027409876
303704,0.054207888
303711,0.011995104
303727,0.03968489
303728,0.015402322
303741,0.15934741
303752,0.029362688
303755,0.028129619
303777,0.052018695
303790,0.140617
303798,0.029066889
303804,0.31351024
303812,0.036367424
303814,0.070607096
303817,0.17118615
303818,0.14350596
303848,0.05228139
303850,0.012506248
303854,0.026307404
303857,0.031181486
303860,0.023533294
303870,0.15605602
303877,0.024665881
303884,0.10022265
303893,0.01308295
303899,0.03931928
303900,0.29249308
303902,0.033076636
303906,0.07672419
303920,0.11242833
303937,0.060666595
303939,0.0136009585
303941,0.022450581
303962,0.059421558
303963,0.11710571
303971,0.032603577
303978,0.02761491
303980,0.16778174
303986,0.08241102
304018,0.15704715
304025,0.00999921
304027,0.018812483
304028,0.10713238
304029,0.056688454
304030,0.014228497
304035,0.043630973
304040,0.14173189
304058,0.09655563
304083,0.03835791
304089,0.24274582
304092,0.077925615
304093,0.03264768
304100,0.0141278785
304121,0.0966102
304142,0.035072915
304154,0.068371065
304158,0.3555214
304164,0.049310226
304173,0.2133254
304175,0.051721
304182,0.046348207
304194,0.026127703
304201,0.066601805
304202,0.04589265
304206,0.05118721
304210,0.044834636
304226,0.0044840276
304237,0.022747934
304256,0.07978539
304257,0.01958873
304265,0.022490678
304271,0.1596177
304274,0.08781449
304286,0.083547756
304292,0.055491958
304299,0.041455574
304350,0.03071275
304352,0.014945709
304355,0.014710813
304360,0.0371615
304361,0.19952522
304363,0.17810732
304375,0.22131526
304378,0.019816708
304382,0.22452073
304385,0.21031544
304386,0.08768829
304387,0.08333488
304388,0.034099404
304391,0.064538516
304398,0.04962939
304406,0.029583542
304420,0.0539595
304431,0.05708419
304436,0.2914463
304438,0.015587005
304440,0.042575303
304441,0.0130565455
304450,0.015799524
304451,0.378415
304454,0.07167447
304462,0.17225052
304466,0.081235565
304469,0.22134629
304472,0.04360308
304475,0.16067581
304481,0.027613545
304483,0.027995866
304485,0.08856032
304486,0.020035397
304504,0.08915038
304505,0.040543713
304512,0.038204953
304516,0.09959934
304517,0.018680202
304528,0.02881148
304530,0.08282657
304536,0.011629671
304549,0.005174219
304552,0.18632965
304554,0.17233388
304581,0.073083684
304593,0.016637353
304596,0.19144015
304604,0.028804542
304610,0.10016528
304614,0.018818315
304628,0.26022258
304629,0.026938671
304637,0.0442542
304644,0.008846871
304654,0.055292528
304664,0.19808353
304676,0.02927138
304680,0.10183994
304687,0.012159925
304696,0.064861156
304698,0.07994367
304700,0.063251
304703,0.076422594
304704,0.01939912
304710,0.06620679
304717,0.026942935
304729,0.21429625
304732,0.038697198
304736,0.040793143
304738,0.096099384
304756,0.023793885
304771,0.01275173
304773,0.014131998
304776,0.032783337
304778,0.010607212
304779,0.15938096
304780,0.011696861
304790,0.12509578
304793,0.009676292
304805,0.21789026
304811,0.0140942335
304825,0.06334134
304828,0.1268729
304829,0.06713946
304842,0.11384088
304851,0.0814601
304857,0.032812014
304884,0.06636607
304891,0.054537147
304897,0.13696013
304898,0.05765684
304905,0.06409577
304907,0.06808635
304917,0.01979292
304931,0.023429537
304935,0.015103035
304942,0.099220365
304954,0.14370395
304959,0.005155481
304968,0.082029864
304971,0.040068757
304977,0.07995595
304982,0.056420486
304985,0.06919613
304991,0.058085073
304992,0.11840765
304997,0.118529506
305004,0.026136892
305008,0.02950607
305019,0.044707622
305020,0.14769486
305025,0.020695256
305037,0.016654907
305046,0.14687331
305056,0.020286655
305062,0.02129739
305064,0.2749138
305065,0.026574668
305076,0.12924375
305108,0.04340455
305110,0.021339595
305115,0.119484566
305121,0.17094654
305125,0.018482184
305141,0.018748706
305151,0.016785128
305159,0.016111784
305162,0.06426598
305165,0.047490314
305174,0.04420411
305178,0.07128684
305180,0.11042742
305182,0.069195524
305183,0.03534438
305194,0.030125953
305199,0.19226727
305210,0.06801683
305214,0.33595714
305215,0.04134466
305218,0.1165738
305225,0.011808356
305229,0.02798135
305231,0.004554423
305233,0.035404403
305237,0.013341935
305260,0.020841084
305261,0.094357096
305278,0.076707676
305286,0.10403787
305293,0.01154424
305300,0.013963527
305301,0.11476622
305326,0.17940857
305334,0.05295323
305340,0.06324451
305348,0.041459147
305352,0.03844929
305359,0.03591896
305360,0.006241067
305362,0.06056965
305383,0.0063621476
305406,0.033674337
305408,0.10359708
305412,0.121020004
305413,0.042003628
305414,0.19346847
305417,0.030550422
305421,0.020405399
305422,0.027864935
305447,0.02021417
305448,0.14190437
305450,0.036035128
305452,0.029379683
305459,0.030233877
305460,0.062145557
305474,0.028839879
305475,0.02484225
305481,0.1424146
305494,0.06313017
305503,0.08326464
305507,0.01994256
305508,0.10972361
305513,0.055704232
305518,0.028565587
305523,0.13342969
305526,0.11130085
305529,0.013738172
305532,0.1073456
305543,0.20571491
305555,0.008740788
305562,0.018079018
305571,0.014373673
305578,0.19951577
305579,0.0047453484
305584,0.07050289
305603,0.0357568
305620,0.3388956
305626,0.030379869
305636,0.043886695
305640,0.024467535
305653,0.047269218
305662,0.06448418
305663,0.033569574
305667,0.019374512
305683,0.061645504
305698,0.01804202
305699,0.1287167
305707,0.056079168
305717,0.21686433
305723,0.01902461
305735,0.03458215
305738,0.18321444
305746,0.056211688
305766,0.05609676
305773,0.0036813584
305776,0.018430868
305777,0.015247512
305809,0.022446876
305813,0.040843166
305816,0.025917223
305820,0.04326323
305826,0.15427126
305838,0.10308933
305839,0.027718652
305846,0.13249439
305861,0.055430166
305863,0.3137876
305869,0.039109666
305872,0.023486856
305876,0.016719796
305881,0.24721394
305887,0.032444842
305894,0.0119031435
305898,0.021465398
305905,0.046824683
305908,0.018524293
305914,0.17848854
305915,0.01883136
305922,0.008469684
305938,0.24716447
305946,0.034132395
305956,0.04244007
305963,0.029406017
305965,0.043407656
305988,0.041640505
305990,0.024126578
305991,0.07306732
305994,0.039583605
305998,0.035134595
306003,0.016583096
306012,0.019464692
306016,0.020225227
306021,0.1414263
306025,0.06135107
306030,0.13639368
306047,0.04300171
306051,0.020791046
306063,0.21069895
306066,0.054325853
306069,0.03781419
306074,0.08790339
306091,0.057153795
306094,0.12306063
306095,0.017901586
306114,0.044488467
306116,0.005009659
306121,0.026118673
306127,0.24091662
306128,0.09670896
306133,0.0692309
306142,0.026897728
306144,0.05357588
306150,0.021093002
306153,0.014588994
306156,0.10017934
306159,0.27399623
306161,0.016685862
306173,0.027096516
306175,0.09182108
306193,0.06571935
306194,0.0425058
306198,0.061441347
306203,0.076402396
306209,0.16516034
306212,0.008579534
306216,0.15358564
306233,0.013225447
306247,0.05508978
306264,0.039394613
306267,0.06491758
306293,0.030811204
306302,0.3352954
306305,0.013486668
306311,0.016968703
306345,0.048417795
306357,0.025237426
306368,0.012781099
306372,0.30053177
306378,0.16803132
306389,0.02899076
306398,0.14453532
306414,0.1508744
306419,0.1022228
306437,0.02342061
306438,0.16996993
306441,0.16615245
306443,0.06057047
306450,0.064034104
306464,0.072643094
306468,0.12182463
306469,0.007732918
306484,0.06790471
306527,0.034453694
306538,0.09181619
306547,0.22686125
306554,0.13350235
306557,0.1010113
306560,0.029360011
306561,0.026348716
306565,0.0073644943
306569,0.029942239
306576,0.05106151
306587,0.06778014
306604,0.03489967
306624,0.05050732
306625,0.2018143
306628,0.090223655
306647,0.12063903
306651,0.055234637
306658,0.027890125
306660,0.2526526
306664,0.032516655
306670,0.31568325
306699,0.09702213
306701,0.019446166
306712,0.03713479
306716,0.06750731
306727,0.037458565
306729,0.059610195
306735,0.014946636
306739,0.0903289
306756,0.12450833
306757,0.041450724
306767,0.06416726
306775,0.041835155
306795,0.041878726
306799,0.16057956
306800,0.025317546
306805,0.039043758
306812,0.015427767
306820,0.0869023
306840,0.07123999
306845,0.10106947
306848,0.007941048
306856,0.048362594
306862,0.037791815
306863,0.024175422
306868,0.23618704
306873,0.12720957
306876,0.1518927
306893,0.025125422
306896,0.12058836
306899,0.026357917
306907,0.12111747
306908,0.031218464
306917,0.12327452
306927,0.06500766
306930,0.01937578
306935,0.035698317
306942,0.038540017
306951,0.014195103
306961,0.11296226
306970,0.38123223
306972,0.19517182
306973,0.021784235
306976,0.022541663
306978,0.09965963
306990,0.07537958
306992,0.12283707
306995,0.012956567
307001,0.43351755
307004,0.37865862
307005,0.13982402
307006,0.013476178
307010,0.027817814
307011,0.04872325
307014,0.010843778
307016,0.023377094
307022,0.009119327
307027,0.21089499
307052,0.04843941
307061,0.059030153
307072,0.4356395
307078,0.015123006
307111,0.008200229
307112,0.0123300245
307134,0.15140887
307143,0.052579604
307147,0.023085264
307148,0.05915594
307162,0.06987436
307166,0.011567769
307168,0.062186357
307174,0.017217562
307177,0.0060985186
307197,0.053107392
307198,0.102769375
307199,0.08414461
307205,0.04637233
307207,0.035597194
307210,0.010107119
307212,0.009578543
307223,0.013215693
307224,0.011898467
307236,0.14485756
307241,0.08056725
307242,0.14512864
307259,0.060352623
307271,0.20030004
307274,0.046430398
307281,0.11581095
307288,0.10804651
307294,0.029778969
307302,0.06407202
307308,0.03933008
307313,0.05724566
307344,0.12342586
307350,0.04139816
307366,0.07389676
307372,0.015482439
307373,0.08230683
307374,0.019843915
307378,0.024847945
307384,0.068766326
307398,0.07048194
307406,0.081480116
307416,0.028614804
307420,0.062199112
307424,0.024198145
307427,0.0778368
307429,0.040641263
307436,0.031015228
307456,0.0749139
307491,0.037797175
307494,0.015977465
307496,0.006858527
307500,0.0347309
307504,0.08204367
307509,0.1461339
307511,0.18375151
307520,0.020042846
307527,0.013753499
307537,0.13235527
307539,0.07647213
307558,0.052889578
307561,0.04789144
307575,0.13143876
307577,0.035190415
307588,0.050243
307636,0.07723455
307639,0.25476813
307641,0.011244322
307646,0.065616444
307653,0.09758277
307661,0.22884014
307669,0.16045366
307674,0.015949711
307678,0.030126235
307691,0.023336131
307697,0.016713485
307699,0.012457735
307702,0.013171305
307708,0.063322514
307712,0.16932401
307716,0.023785044
307729,0.012188098
307753,0.041030236
307765,0.3640999
307781,0.12927087
307787,0.07456404
307788,0.02817539
307798,0.029958246
307799,0.122336075
307800,0.074011825
307801,0.118651606
307804,0.02178209
307816,0.015704675
307820,0.007327525
307824,0.04161608
307828,0.010069817
307832,0.07408583
307836,0.07697203
307842,0.07948043
307851,0.47771302
307856,0.013889462
307861,0.038690254
307879,0.06135841
307904,0.11852481
307911,0.04305938
307912,0.007009475
307913,0.3374637
307922,0.0171325
307924,0.055425875
307925,0.081873305
307929,0.045157872
307933,0.18843311
307945,0.02686066
307948,0.017611763
307961,0.18123956
307962,0.05582919
307963,0.0384088
307971,0.06613612
307983,0.1179794
307984,0.098526336
307988,0.10131943
307993,0.059957948
307994,0.06402433
308007,0.09636695
308008,0.035483565
308018,0.06657551
308023,0.008416013
308026,0.009876801
308028,0.050544377
308030,0.04725799
308034,0.16611607
308053,0.014962603
308065,0.092865996
308095,0.01343944
308096,0.08485063
308100,0.017810345
308114,0.032945193
308116,0.21399778
308120,0.027989231
308128,0.068165965
308132,0.03088493
308134,0.11850984
308140,0.117099926
308142,0.12556355
308164,0.019943016
308168,0.19111791
308169,0.14879337
308171,0.086338766
308176,0.036704343
308177,0.022798454
308179,0.019447984
308180,0.37000003
308184,0.028065337
308188,0.097159676
308189,0.00572528
308190,0.046077296
308200,0.1654645
308210,0.07141359
308211,0.13376917
308218,0.071590975
308220,0.01365927
308228,0.020405099
308231,0.032948203
308236,0.021062423
308247,0.0423327
308251,0.075912416
308260,0.03674237
308266,0.042078856
308267,0.00894297
308280,0.31840876
308298,0.021835256
308301,0.0057020294
308309,0.035057217
308312,0.18893762
308325,0.07507878
308334,0.23763326
308339,0.058408134
308346,0.08680883
308359,0.057961293
308360,0.05311883
308380,0.081597805
308391,0.08809144
308403,0.010633762
308408,0.051587604
308410,0.37441328
308415,0.15079471
308420,0.02946628
308427,0.032273903
308442,0.008517514
308447,0.3515488
308462,0.056406118
308464,0.061433658
308465,0.07612334
308467,0.18959269
308468,0.051600818
308476,0.037860543
308488,0.09471374
308498,0.07696591
308504,0.037595615
308507,0.009453943
308509,0.008775064
308521,0.051380187
308536,0.07522709
308537,0.02264486
308543,0.012840952
308547,0.025978772
308559,0.08189433
308565,0.15713678
308569,0.08339813
308584,0.012577171
308591,0.07693795
308608,0.0064838515
308610,0.03734964
308613,0.0102887135
308618,0.07179935
308623,0.052336458
308632,0.01881632
308636,0.076508105
308641,0.029939543
308643,0.046791203
308664,0.0997725
308678,0.017784046
308679,0.08278505
308691,0.025198909
308692,0.06922527
308701,0.017336775
308709,0.4022179
308711,0.17337021
308719,0.05542801
308723,0.03940532
308727,0.088440135
308732,0.043422192
308738,0.008179728
308747,0.006283843
308749,0.027019547
308755,0.03887749
308756,0.22332531
308761,0.016938305
308779,0.04049888
308780,0.1144016
308784,0.041509695
308789,0.12871262
308807,0.02258449
308818,0.3791138
308819,0.07885013
308822,0.36324868
308827,0.02482535
308831,0.047975067
308833,0.036524158
308842,0.041506752
308868,0.022693824
308871,0.026042167
308881,0.025184331
308889,0.0096230125
308892,0.043948215
308900,0.022067048
308903,0.021290338
308912,0.12770231
308916,0.047012184
308919,0.07742484
308920,0.037533537
308921,0.010101133
308928,0.019915322
308929,0.22339214
308934,0.11705819
308940,0.08022291
308941,0.016076816
308946,0.0449101
308956,0.07483476
308958,0.016742717
308963,0.01059099
308965,0.021556146
308971,0.048165083
308977,0.020248272
308985,0.025009925
308987,0.07782443
308995,0.090758525
309005,0.09891549
309007,0.32326844
309015,0.0077980594
309016,0.15039143
309018,0.07428272
309019,0.036493085
309035,0.0448061
309042,0.091419846
309044,0.011491314
309052,0.09365335
309061,0.06136782
309064,0.038023073
309072,0.08269388
309075,0.05153327
309083,0.026874326
309099,0.24266212
309124,0.015319765
309125,0.098793946
309146,0.015265794
309159,0.018911324
309161,0.036509857
309168,0.12974112
309180,0.024826441
309185,0.11915176
309195,0.11322693
309198,0.01890771
309200,0.04844429
309202,0.08398392
309204,0.06078478
309213,0.30566335
309227,0.16501261
309234,0.02925792
309241,0.07095342
309242,0.040079415
309244,0.05075278
309246,0.14049836
309250,0.04426351
309251,0.21470864
309274,0.21737795
309276,0.07940837
309280,0.20881787
309298,0.2854081
309301,0.0372022
309302,0.026707206
309326,0.019723997
309335,0.040161535
309341,0.05994612
309343,0.027226409
309344,0.051627476
309354,0.031073894
309362,0.048868682
309399,0.042621832
309406,0.16929032
309409,0.049568016
309411,0.16364463
309418,0.21962816
309421,0.032144353
309435,0.026617201
309443,0.15887702
309455,0.074204355
309462,0.07569725
309473,0.06660555
309476,0.2605764
309478,0.011578875
309493,0.015338485
309502,0.111182556
309508,0.19197284
309526,0.12370682
309536,0.012122191
309544,0.014406093
309547,0.047982156
309555,0.01572205
309562,0.021918532
309569,0.0967755
309574,0.098486274
309577,0.027720032
309578,0.116371885
309579,0.06932863
309585,0.015716368
309588,0.028457172
309603,0.0804781
309604,0.03861683
309617,0.07520532
309620,0.008634765
309623,0.017312543
309648,0.16899948
309665,0.099360324
309682,0.025807805
309694,0.022686834
309702,0.04066703
309711,0.01756871
309713,0.07777415
309729,0.019895177
309735,0.019981487
309744,0.06114869
309749,0.20517993
309750,0.011798651
309759,0.069086105
309761,0.06319954
309770,0.08162409
309776,0.033984143
309777,0.021918977
309789,0.014164334
309790,0.0060757883
309800,0.06730633
309813,0.0253894
309814,0.08555482
309815,0.27302736
309825,0.051378153
309826,0.024418943
309829,0.015498742
309831,0.00829645
309837,0.008223142
309846,0.055312723
309849,0.12936072
309855,0.025515761
309860,0.11012979
309879,0.035965975
309882,0.26638383
309887,0.0357487
309892,0.06372437
309895,0.09475322
309902,0.020014424
309915,0.044101465
309923,0.015518691
309941,0.16491996
309942,0.17059666
309945,0.023748932
309950,0.12628143
309955,0.044179637
309963,0.03295798
309964,0.030891795
309967,0.18551286
309969,0.058859125
309971,0.01196001
309978,0.13142261
309987,0.117687844
309990,0.29754937
309992,0.07468824
309993,0.05365559
310010,0.092581645
310012,0.022147078
310017,0.013213703
310018,0.04107557
310022,0.08589046
310031,0.018836254
310033,0.033661768
310034,0.09006087
310038,0.09159228
310044,0.23917326
310062,0.026688062
310071,0.016505226
310075,0.06849341
310082,0.1559668
310093,0.08892163
310101,0.0052520707
310106,0.0068185343
310118,0.20925505
310123,0.036533926
310126,0.01563498
310130,0.04071052
310141,0.038042907
310145,0.12951358
310148,0.057025507
310150,0.05720691
310159,0.1268731
310162,0.052437678
310163,0.061636854
310166,0.008068019
310167,0.033442546
310170,0.106150985
310181,0.018240329
310187,0.048124187
310191,0.0069404887
310192,0.052040953
310197,0.109102234
310200,0.02301784
310201,0.127889
310203,0.017454904
310204,0.0075129634
310213,0.044692025
310215,0.07495773
310218,0.17491451
310236,0.07415005
310238,0.019460592
310241,0.02659839
310245,0.15389875
310252,0.048296712
310259,0.035998162
310260,0.17590629
310261,0.022964468
310262,0.022491638
310274,0.032934334
310294,0.25874907
310296,0.16391303
310298,0.061487913
310306,0.05578368
310307,0.07111455
310316,0.012543178
310329,0.07843988
310338,0.1131281
310342,0.06693925
310343,0.16708705
310360,0.037943646
310362,0.63888663
310378,0.025710434
310379,0.02147173
310383,0.045241363
310385,0.036836125
310387,0.2066127
310388,0.019443652
310400,0.028822985
310408,0.20834148
310414,0.08080829
310423,0.010650893
310424,0.17593145
310428,0.112571225
310432,0.07921189
310456,0.022731762
310463,0.24270621
310475,0.067489564
310476,0.08323818
310482,0.06002201
310485,0.012692126
310490,0.025353031
310496,0.016826428
310505,0.10360116
310519,0.014026749
310546,0.07696679
310547,0.035709012
310553,0.038612083
310555,0.016406842
310556,0.42143658
310568,0.008950297
310573,0.0984263
310574,0.013882592
310577,0.050186306
310580,0.059650514
310581,0.023967773
310583,0.09776435
310586,0.04515739
310591,0.042138632
310598,0.044715993
310606,0.09346575
310628,0.018169483
310634,0.10287121
310638,0.08572034
310646,0.009581261
310648,0.13769962
310654,0.02073941
310659,0.206089
310663,0.052700832
310669,0.035123944
310670,0.07666304
310674,0.06399089
310691,0.08974623
310693,0.06480465
310702,0.024115065
310706,0.042233545
310709,0.017414305
310711,0.13204265
310720,0.17423013
310739,0.20318983
310742,0.10757113
310743,0.040554687
310752,0.048184093
310753,0.103329815
310757,0.32835406
310763,0.042679474
310764,0.027704269
310769,0.016188215
310771,0.15634717
310775,0.010851774
310779,0.10414913
310781,0.06628972
310784,0.030891322
310793,0.08665312
310794,0.020345293
310816,0.16160975
310823,0.04882371
310837,0.02809585
310856,0.054309614
310865,0.04383773
310866,0.04861359
310872,0.07799516
310877,0.3511691
310879,0.07168088
310883,0.010655878
310884,0.18551378
310908,0.016716957
310928,0.00773604
310935,0.008389104
310954,0.032737244
310964,0.1293265
310971,0.08898434
310972,0.14463715
310983,0.10369561
310988,0.0059260977
310994,0.04110143
311003,0.017873198
311020,0.033749357
311024,0.0797796
311037,0.04537413
311064,0.041901648
311070,0.026070878
311086,0.21876167
311087,0.09820192
311108,0.007987319
311110,0.023872653
311115,0.026215577
311116,0.31976822
311117,0.02985781
311128,0.10187458
311136,0.060642492
311146,0.023967722
311155,0.06598267
311157,0.03513623
311159,0.121041
311170,0.15400922
311184,0.043291174
311199,0.0064234235
311208,0.044691525
311209,0.033438444
311220,0.2794979
311230,0.046082005
311233,0.0046851235
311241,0.1388643
311261,0.007926812
311262,0.020417698
311268,0.028164946
311277,0.09134683
311296,0.07179473
311298,0.047677476
311310,0.26301673
311313,0.11780096
311316,0.12526785
311324,0.050864074
311327,0.0469496
311331,0.048060313
311335,0.018629678
311343,0.035386674
311346,0.03861411
311357,0.116634615
311358,0.013851801
311365,0.012703359
311370,0.029781243
311376,0.022249745
311380,0.08701881
311393,0.038251963
311399,0.034722164
311404,0.05013234
311409,0.04195573
311425,0.08391197
311436,0.034067318
311455,0.017421551
311459,0.059788693
311475,0.19424538
311499,0.10239912
311509,0.014081941
311518,0.005888902
311535,0.0343096
311536,0.017485466
311540,0.079641424
311542,0.14524129
311552,0.32810438
311562,0.27037132
311580,0.0050137155
311583,0.08414477
311588,0.15021093
311595,0.032791365
311601,0.0583378
311605,0.07224808
311609,0.24313177
311612,0.096996635
311621,0.06438207
311623,0.011390695
311625,0.1602104
311636,0.03410004
311637,0.02038535
311646,0.064694464
311648,0.013050048
311654,0.06714861
311663,0.112392075
311676,0.099716775
311679,0.021594815
311683,0.056737754
311685,0.02514455
311691,0.025590232
311695,0.031768616
311700,0.023541575
311710,0.032857187
311714,0.020799251
311716,0.086558014
311725,0.0700068
311727,0.05992084
311728,0.020119522
311737,0.15436214
311738,0.04965894
311743,0.092312
311746,0.010701701
311747,0.09524664
311761,0.27746055
311765,0.013868069
311773,0.02636553
311776,0.03547008
311786,0.2506413
311801,0.08552489
311820,0.035013463
311822,0.16276811
311829,0.027515491
311835,0.015138404
311846,0.04344188
311851,0.13612388
311854,0.01747622
311872,0.029452551
311875,0.023300067
311888,0.057649232
311916,0.09748362
311928,0.026914008
311931,0.03171462
311933,0.1715663
311934,0.026101235
311948,0.030488046
311949,0.21761759
311950,0.03568238
311952,0.041164305
311954,0.098853074
311962,0.09485245
311965,0.031936247
311968,0.12495003
311976,0.10691235
311977,0.022475107
311983,0.064667575
311989,0.007583695
311996,0.1660674
311999,0.035008952
312007,0.29247946
312022,0.069960594
312023,0.07920189
312034,0.036621347
312042,0.023158854
312049,0.02435111
312077,0.051012967
312088,0.08736854
312091,0.16593295
312114,0.039374243
312115,0.058243945
312117,0.1712281
312119,0.22038813
312126,0.28968483
312127,0.018284738
312134,0.09513426
312164,0.019680195
312176,0.049389157
312178,0.04047289
312184,0.015537468
312185,0.14703663
312186,0.038955364
312191,0.07505046
312197,0.065391935
312213,0.39923707
312223,0.21382134
312224,0.22565551
312225,0.052534517
312226,0.07408938
312231,0.0075330995
312239,0.13455325
312251,0.049750675
312271,0.010380832
312278,0.021849763
312281,0.012585856
312289,0.018614575
312291,0.061341908
312301,0.01987567
312302,0.04246463
312316,0.09915861
312324,0.073390305
312338,0.00513966
312361,0.009149041
312363,0.24014047
312368,0.013873071
312382,0.015692672
312384,0.066823
312390,0.02711429
312395,0.07071719
312396,0.114297934
312400,0.0935206
312406,0.07340499
312412,0.010495646
312414,0.12330213
312417,0.05633002
312425,0.060079243
312428,0.011737695
312431,0.093432896
312437,0.09465214
312442,0.016591357
312451,0.1227969
312460,0.051555637
312464,0.13357231
312466,0.014194448
312470,0.065921016
312473,0.1395907
312490,0.039766017
312493,0.20205866
312503,0.012442198
312509,0.26006863
312520,0.041051075
312528,0.0068611815
312543,0.042613
312544,0.044841826
312553,0.015922649
312558,0.018485555
312565,0.104063965
312568,0.13358542
312579,0.042926285
312581,0.062490717
312582,0.04041902
312596,0.08374097
312597,0.024185628
312598,0.026306251
312617,0.21986572
312627,0.08380418
312635,0.017312681
312637,0.12428926
312639,0.018218122
312640,0.3091588
312642,0.28789625
312651,0.04118633
312663,0.04088931
312668,0.07634965
312685,0.029612418
312691,0.05581579
312693,0.05788431
312710,0.043372218
312711,0.025950626
312712,0.009925705
312720,0.073316045
312746,0.18708676
312763,0.010819822
312770,0.10737384
312791,0.27389523
312795,0.054997068
312796,0.0407786
312797,0.11964924
312804,0.034123983
312812,0.028344374
312813,0.021929162
312825,0.04465389
312827,0.15931816
312841,0.036959484
312842,0.39734456
312845,0.029465858
312856,0.025038444
312866,0.022093743
312870,0.34982875
312879,0.12132504
312895,0.015150076
312901,0.033311356
312909,0.02193619
312910,0.023945903
312916,0.017690983
312926,0.0293844
312942,0.129843
312946,0.08380983
312950,0.03298646
312952,0.08535165
312963,0.018316858
312968,0.20167777
312976,0.029215124
312980,0.08049215
312984,0.06487869
312987,0.08222085
312994,0.0153845
312996,0.11110113
312997,0.11959568
313019,0.024450509
313020,0.01786277
313028,0.045803327
313041,0.15500398
313045,0.011902027
313048,0.10936614
313052,0.11190196
313062,0.1505551
313063,0.14782459
313066,0.027593149
313071,0.0806975
313085,0.048272017
313099,0.29232514
313109,0.14767943
313131,0.019426895
313139,0.05943623
313141,0.034922373
313142,0.21845701
313145,0.15882893
313153,0.09617554
313157,0.015707549
313161,0.07370783
313165,0.09181999
313179,0.1465694
313208,0.091361046
313228,0.20883559
313236,0.032724936
313243,0.025567042
313245,0.018419247
313249,0.024670746
313275,0.038732015
313276,0.07481574
313280,0.035042193
313284,0.12739511
313285,0.041904498
313292,0.015999842
313297,0.09129618
313304,0.023057299
313322,0.01987377
313323,0.06740232
313325,0.004512476
313326,0.029069783
313334,0.014862307
313336,0.03212897
313337,0.18999067
313339,0.06659546
313340,0.081314184
313341,0.20032607
313343,0.14049082
313346,0.20620875
313348,0.4175748
313359,0.024941646
313365,0.036193706
313375,0.19080333
313381,0.060742203
313382,0.011302463
313389,0.050025005
313390,0.00977796
313391,0.16822234
313410,0.14606185
313416,0.03240312
313417,0.047808688
313426,0.11758715
313429,0.04557382
313469,0.012446999
313479,0.017724939
313485,0.23601453
313494,0.003945898
313496,0.058546107
313501,0.020695092
313506,0.0338545
313521,0.043224905
313524,0.044745117
313538,0.10855486
313550,0.09711235
313557,0.12498668
313573,0.015982796
313583,0.023079677
313592,0.055549175
313602,0.039920542
313604,0.12239999
313606,0.20459431
313617,0.078173466
313622,0.021096777
313625,0.06515391
313638,0.018640023
313639,0.03245866
313645,0.0896555
313655,0.06889377
313656,0.655303
313663,0.09023004
313669,0.07207579
313670,0.044062644
313676,0.073448546
313689,0.36842307
313699,0.04140414
313711,0.015510309
313720,0.16312961
313731,0.3083079
313736,0.3537919
313741,0.05214697
313744,0.048439234
313749,0.23905134
313750,0.03434303
313753,0.09137254
313763,0.025946444
313765,0.1983416
313776,0.02365686
313778,0.14698738
313781,0.028594023
313786,0.45745972
313787,0.01599799
313795,0.029578662
313809,0.04224532
313810,0.12429214
313811,0.29522276
313818,0.4094751
313825,0.060914338
313830,0.02050152
313831,0.06769227
313834,0.0409972
313837,0.40124023
313841,0.021253377
313859,0.014068931
313882,0.03352899
313887,0.29674968
313900,0.036351077
313902,0.047447518
313906,0.010327519
313930,0.026340576
313932,0.07766656
313943,0.054175198
313944,0.018831933
313957,0.027443262
313970,0.14074703
313980,0.031430863
313982,0.017359853
313999,0.1839458
314000,0.09756348
314003,0.13287856
314004,0.05738898
314005,0.39783582
314007,0.029809846
314010,0.28077573
314011,0.014223349
314016,0.17518431
314023,0.032726638
314024,0.031913776
314031,0.049632054
314038,0.10054684
314041,0.023746792
314061,0.041235976
314073,0.03239379
314091,0.14862376
314097,0.19696127
314099,0.06246676
314107,0.059846334
314124,0.16667084
314127,0.04399857
314131,0.009759132
314132,0.015033003
314137,0.15485926
314139,0.0031357317
314143,0.024630906
314149,0.010451752
314153,0.02183785
314154,0.28715092
314160,0.02402757
314167,0.019281464
314171,0.011395706
314182,0.09803053
314190,0.012546143
314194,0.0110593755
314198,0.11640422
314211,0.046689343
314220,0.1653035
314245,0.011219798
314247,0.024436215
314256,0.0170193
314259,0.089645624
314267,0.0726844
314271,0.036522966
314278,0.07436319
314282,0.007527693
314283,0.09832044
314294,0.093309514
314298,0.034347523
314299,0.20909096
314306,0.017861942
314307,0.07280864
314308,0.017886007
314309,0.013937573
314317,0.11799555
314323,0.044018913
314332,0.017139027
314334,0.033799417
314335,0.06088245
314337,0.02616882
314343,0.06278688
314344,0.015889538
314346,0.012173771
314351,0.052699856
314354,0.023324218
314355,0.015177534
314359,0.038995553
314364,0.043867912
314366,0.031032948
314367,0.22799918
314374,0.025385268
314376,0.027943665
314387,0.1125442
314405,0.12956743
314412,0.0075386707
314418,0.1377509
314429,0.10457131
314438,0.26775536
314442,0.037661247
314477,0.051542915
314480,0.02456939
314486,0.05402275
314487,0.14210452
314488,0.1380803
314490,0.028348507
314523,0.019718004
314528,0.43200436
314535,0.02874937
314542,0.08140706
314560,0.05127535
314585,0.2180547
314594,0.083261326
314596,0.110229656
314601,0.041566145
314603,0.020602837
314612,0.26207292
314615,0.33522722
314619,0.017359754
314621,0.101608574
314627,0.12526992
314629,0.074973285
314635,0.34092784
314639,0.02277327
314646,0.07387754
314650,0.2660666
314661,0.04183594
314690,0.018537112
314699,0.034239948
314705,0.12119719
314709,0.018568395
314710,0.0089764735
314711,0.013649721
314714,0.049435116
314719,0.036877993
314722,0.050536633
314723,0.096426986
314729,0.032400418
314732,0.10938025
314734,0.18976979
314746,0.029326636
314761,0.41001266
314769,0.06546569
314773,0.10840307
314774,0.053408068
314776,0.035099745
314780,0.029714163
314785,0.07748944
314789,0.23250027
314796,0.12837777
314810,0.036185175
314812,0.025131168
314817,0.02546583
314822,0.07624482
314840,0.1581202
314843,0.013343133
314853,0.051790982
314856,0.045546886
314862,0.105614
314864,0.011547624
314878,0.038357787
314894,0.024684008
314906,0.5894253
314912,0.010059337
314914,0.0067545637
314933,0.09958536
314941,0.0069486997
314949,0.019578256
314950,0.053997744
314952,0.065557525
314961,0.10998795
314970,0.09851608
314972,0.11189528
314975,0.13854608
314985,0.0454428
314986,0.032021783
314991,0.10862574
314995,0.047278702
314997,0.031686936
315003,0.012591025
315035,0.022615716
315038,0.16733493
315040,0.025711007
315046,0.040446483
315053,0.017052453
315054,0.04907656
315060,0.071480386
315061,0.012133857
315067,0.4503026
315076,0.08160518
315079,0.035684515
315083,0.03083281
315084,0.03631875
315092,0.05061917
315095,0.16677569
315112,0.21253096
315122,0.028211234
315123,0.012263591
315125,0.09709506
315136,0.30780387
315143,0.17002527
315145,0.06709883
315153,0.038397502
315164,0.17254886
315169,0.005101435
315178,0.12113134
315179,0.13911763
315189,0.009465077
315192,0.11917812
315194,0.12708275
315198,0.02725593
315210,0.0699065
315211,0.044526115
315221,0.44518077
315222,0.037246816
315228,0.15957677
315231,0.12565348
315233,0.045831136
315235,0.07379521
315240,0.03129492
315244,0.056350794
315257,0.07311943
315261,0.06937241
315271,0.05158446
315278,0.047034908
315282,0.23915204
315287,0.04378868
315288,0.1808711
315291,0.18332434
315306,0.006906902
315309,0.011367136
315312,0.01263927
315330,0.0915243
315335,0.1255879
315337,0.10777731
315343,0.1032799
315344,0.27260527
315366,0.0130675305
315389,0.10749218
315403,0.02568241
315414,0.16875042
315425,0.0031212291
315430,0.030049387
315432,0.07916991
315436,0.073166065
315437,0.063919894
315445,0.046560388
315451,0.014720499
315460,0.014729291
315462,0.019537093
315476,0.09258275
315480,0.11073009
315489,0.02734968
315494,0.014848554
315499,0.0028237405
315503,0.024582237
315507,0.18178351
315540,0.0076727513
315541,0.061126404
315546,0.08648835
315553,0.0845031
315569,0.41087714
315571,0.04565186
315574,0.07940315
315580,0.025919966
315587,0.020069871
315609,0.08366163
315610,0.047753885
315617,0.07729369
315623,0.017127378
315629,0.01631243
315635,0.077292874
315637,0.020099254
315641,0.027674504
315644,0.113799386
315654,0.1946064
315662,0.015035043
315663,0.13964964
315673,0.0730927
315677,0.03895326
315679,0.056707814
315680,0.32335222
315681,0.02782261
315682,0.08471211
315684,0.08048719
315693,0.06136713
315701,0.022159044
315705,0.07559322
315706,0.05762924
315711,0.1202035
315714,0.13991798
315725,0.06967235
315738,0.050455783
315740,0.087596536
315749,0.16821323
315753,0.019703643
315757,0.042879507
315778,0.07952905
315781,0.03981767
315793,0.03707165
315813,0.054313026
315822,0.042602647
315827,0.09186202
315831,0.01469244
315843,0.17048383
315857,0.08550261
315864,0.058080904
315869,0.054855663
315870,0.049432
315878,0.17721966
315891,0.17231472
315894,0.17777278
315895,0.114426695
315903,0.04979717
315917,0.049037848
315920,0.018002413
315937,0.03850779
315938,0.03617509
315947,0.13486356
315970,0.21776769
315971,0.013111482
315974,0.020353023
315984,0.12367052
315985,0.15103994
315988,0.008160814
315993,0.19042425
315995,0.22799844
315997,0.025174957
316000,0.016889488
316009,0.033679638
316011,0.11516108
316014,0.033101205
316021,0.028117973
316022,0.034699526
316023,0.06769823
316060,0.04078562
316063,0.046081804
316065,0.16524595
316066,0.02010736
316077,0.12676394
316083,0.010034007
316093,0.043939967
316100,0.0075922767
316110,0.010907003
316118,0.019912818
316135,0.01578351
316139,0.21433626
316154,0.32321462
316156,0.016791975
316171,0.08119232
316173,0.017949903
316186,0.07035021
316188,0.013985196
316190,0.14138089
316195,0.11226577
316205,0.030538378
316214,0.02859899
316216,0.068107635
316220,0.0657508
316222,0.04925186
316224,0.084158786
316226,0.006201857
316230,0.026368834
316248,0.1198464
316258,0.17494504
316269,0.06267011
316270,0.018463189
316279,0.14204274
316286,0.03757465
316295,0.060227197
316297,0.017041244
316305,0.029197676
316312,0.016721396
316313,0.007578751
316314,0.11976915
316320,0.06270313
316321,0.032813597
316328,0.062162384
316329,0.06577404
316334,0.020227777
316364,0.009827173
316372,0.028648775
316382,0.0069205053
316407,0.019422194
316411,0.14431189
316433,0.15702362
316435,0.04566952
316441,0.10551971
316456,0.006626234
316457,0.086840965
316462,0.072937034
316465,0.01961184
316466,0.067184016
316468,0.018627593
316469,0.03686801
316479,0.15697837
316481,0.06549109
316484,0.017310005
316502,0.077918336
316517,0.05755169
316525,0.08591734
316531,0.0044192593
316546,0.026449814
316549,0.07615037
316557,0.007179978
316561,0.14381638
316564,0.068237446
316565,0.07621425
316594,0.17781155
316595,0.09273539
316600,0.013455946
316625,0.012315696
316645,0.084572606
316647,0.119930804
316659,0.117317416
316683,0.097674
316694,0.047344327
316697,0.010430247
316701,0.03009413
316702,0.020637361
316703,0.033659726
316718,0.14600651
316723,0.072885625
316748,0.2568126
316756,0.019045759
316758,0.0622365
316763,0.0504972
316764,0.12794508
316768,0.02872037
316769,0.027579222
316772,0.027208006
316777,0.11404357
316781,0.009659094
316785,0.06601901
316786,0.02105781
316815,0.25987467
316816,0.1220552
316828,0.094803475
316831,0.019681059
316837,0.008148206
316843,0.09625232
316849,0.0756858
316854,0.014235924
316862,0.018106032
316867,0.015865264
316902,0.013939275
316903,0.007465076
316906,0.03015743
316914,0.041438922
316915,0.019686183
316923,0.020967314
316928,0.097671114
316930,0.074362785
316932,0.2387182
316940,0.021062786
316947,0.013259181
316948,0.031941433
316977,0.082787134
316983,0.10972499
316987,0.13183737
317003,0.08486558
317005,0.024560068
317035,0.034450084
317036,0.01385586
317043,0.054308414
317048,0.029841296
317056,0.030936286
317065,0.012503058
317079,0.020046702
317080,0.020304069
317083,0.049107194
317087,0.0413231
317103,0.018294755
317117,0.27484947
317119,0.05511667
317125,0.06837982
317126,0.07722465
317134,0.06839792
317138,0.024111448
317142,0.011273943
317150,0.010647657
317184,0.15471053
317190,0.029924335
317196,0.020774752
317197,0.06903026
317206,0.029882358
317210,0.027390365
317221,0.046214156
317226,0.10651065
317227,0.11406075
317236,0.013183588
317237,0.106689624
317241,0.0068258718
317249,0.04440755
317256,0.032815196
317282,0.043628953
317294,0.032366883
317298,0.057265833
317300,0.011646224
317307,0.09212905
317311,0.026108468
317318,0.020364711
317322,0.04764514
317323,0.13806306
317332,0.038406678
317338,0.035857905
317346,0.013084742
317347,0.01984281
317349,0.103544146
317354,0.22868708
317369,0.30412963
317386,0.029564021
317389,0.015929988
317410,0.07561761
317411,0.0934416
317422,0.046495233
317434,0.024917252
317446,0.032327898
317449,0.11305183
317455,0.11173502
317469,0.0030152719
317475,0.025552092
317476,0.023345925
317487,0.10995178
317488,0.062102597
317499,0.17006193
317500,0.03298088
317506,0.026491838
317515,0.04850297
317518,0.028790805
317520,0.2889384
317546,0.0908005
317549,0.14590243
317554,0.02651657
317565,0.03454783
317579,0.060192846
317591,0.019933423
317592,0.27044234
317593,0.09880258
317594,0.029292945
317601,0.11142866
317603,0.07079652
317606,0.16869913
317608,0.0516123
317611,0.05069702
317618,0.04032116
317628,0.08646411
317629,0.038103938
317642,0.06605032
317644,0.017656626
317648,0.12852754
317650,0.023383697
317665,0.0916074
317675,0.038070247
317695,0.10174109
317696,0.1335826
317704,0.09569862
317713,0.019152677
317730,0.07777031
317735,0.16767694
317736,0.0681832
317738,0.19075225
317747,0.12548205
317764,0.06092056
317765,0.12887447
317772,0.35181624
317774,0.020068845
317786,0.028529784
317788,0.019888747
317806,0.123320505
317809,0.16783969
317811,0.010678034
317814,0.057829738
317815,0.110819995
317830,0.1805494
317835,0.06574896
317843,0.16509026
317856,0.09967386
317863,0.26618207
317876,0.26396137
317889,0.06262077
317902,0.14268905
317910,0.016848791
317914,0.06876058
317933,0.022521736
317936,0.14626144
317940,0.032613628
317944,0.032599308
317952,0.05222918
317955,0.113677755
317958,0.020100653
317965,0.02679414
317966,0.12408622
317978,0.0407814
318000,0.013976637
318007,0.103434354
318008,0.089378275
318012,0.021356441
318016,0.015416871
318019,0.07454013
318020,0.030554652
318021,0.01371941
318025,0.077980466
318036,0.020056404
318044,0.020382097
318055,0.0055043884
318056,0.13986751
318057,0.13855469
318065,0.11163094
318075,0.013663394
318081,0.28024262
318094,0.01997567
318096,0.030896405
318104,0.08675388
318105,0.02396492
318109,0.0858033
318113,0.023999173
318121,0.08661432
318122,0.08171462
318126,0.067434736
318127,0.050387356
318131,0.07701617
318135,0.08852942
318155,0.019461423
318156,0.016037077
318161,0.021495175
318164,0.12629464
318169,0.19434181
318173,0.13033941
318176,0.21600345
318177,0.07302167
318181,0.025049949
318187,0.03513825
318193,0.042610798
318203,0.028031979
318206,0.025762409
318214,0.029491518
318220,0.040137544
318232,0.05653629
318250,0.14131594
318251,0.092050985
318252,0.006324653
318254,0.020913415
318260,0.012534287
318261,0.0052797706
318263,0.061531816
318264,0.1192366
318266,0.016999025
318267,0.041290566
318268,0.070169576
318270,0.05322126
318274,0.05149649
318282,0.07964265
318286,0.03401035
318292,0.009721412
318297,0.024625352
318320,0.09097023
318337,0.02917252
318343,0.06003131
318347,0.08193603
318351,0.137345
318357,0.36805066
318360,0.013785222
318384,0.0073449123
318385,0.040081542
318387,0.12925293
318390,0.05203451
318391,0.024548851
318393,0.014407007
318406,0.0077411514
318408,0.28028232
318410,0.30748126
318424,0.055729408
318428,0.081119426
318432,0.055992056
318433,0.202436
318445,0.13860357
318452,0.36228678
318467,0.08167087
318473,0.14300182
318480,0.09597788
318486,0.12320534
318496,0.00957832
318505,0.1753726
318511,0.13966063
318517,0.019497864
318522,0.02852905
318527,0.04817534
318530,0.019438665
318531,0.06469508
318533,0.027334608
318535,0.019110428
318536,0.081977636
318548,0.03708553
318551,0.020979652
318557,0.12455169
318576,0.020281715
318581,0.18066077
318607,0.062843025
318609,0.033685025
318615,0.32290322
318634,0.10385029
318640,0.20235229
318651,0.1474639
318657,0.1425361
318669,0.063064046
318674,0.081006065
318675,0.026048342
318686,0.06494229
318694,0.016534533
318760,0.067370474
318762,0.010364924
318763,0.0076087387
318765,0.052530024
318766,0.06603324
318769,0.23626618
318775,0.029971994
318782,0.024033546
318786,0.26900432
318792,0.008648842
318801,0.08125161
318802,0.038022086
318803,0.055481784
318805,0.07228708
318813,0.09559629
318817,0.115572155
318821,0.02676242
318827,0.050960813
318834,0.08684134
318835,0.012155957
318851,0.009481565
318857,0.0072017345
318862,0.03730288
318874,0.092544295
318878,0.053123362
318897,0.011927339
318909,0.28089774
318924,0.089564584
318927,0.053982485
318942,0.14945954
318946,0.06295667
318957,0.24281698
318959,0.01613767
318975,0.008489449
318982,0.013019767
318987,0.008401902
318993,0.0055220746
318995,0.046452064
318996,0.010854376
318997,0.066846125
318999,0.06959797
319012,0.3412452
319014,0.08232582
319018,0.06662781
319020,0.076111816
319048,0.06689432
319052,0.13118796
319067,0.03382244
319083,0.058831714
319088,0.018111767
319089,0.103635855
319090,0.3206923
319096,0.03375533
319099,0.07928696
319108,0.01822246
319116,0.086931735
319117,0.04928422
319119,0.044222113
319126,0.24265796
319133,0.19257326
319135,0.04879881
319137,0.015951373
319143,0.114494435
319168,0.094837606
319170,0.019032849
319174,0.01814373
319181,0.01053491
319192,0.018371832
319193,0.03810896
319198,0.038425162
319211,0.024542121
319219,0.08610488
319220,0.035286874
319226,0.10150938
319240,0.038135663
319248,0.022747094
319257,0.030977603
319261,0.11701802
319264,0.028513677
319268,0.030133111
319289,0.09447873
319292,0.022273133
319295,0.14648731
319302,0.021401854
319308,0.120001584
319310,0.1340927
319313,0.02665933
319322,0.009354313
319329,0.0154846115
319331,0.03527928
319334,0.055301297
319346,0.015725141
319352,0.25846788
319358,0.2343151
319363,0.04204307
319365,0.07137987
319370,0.011160673
319371,0.10792083
319372,0.01604817
319385,0.096340686
319387,0.015766956
319393,0.036602553
319396,0.05015864
319406,0.028034918
319439,0.01156011
319440,0.0653353
319441,0.41204095
319462,0.03979127
319471,0.026566101
319475,0.013851
319476,0.113071255
319486,0.09293192
319487,0.059702538
319489,0.11381285
319491,0.1124586
319494,0.025597347
319496,0.12087148
319512,0.0218834
319519,0.016351108
319522,0.01763768
319530,0.04708347
319540,0.010083135
319547,0.05505755
319549,0.03734233
319559,0.03851602
319561,0.041301325
319566,0.02013253
319569,0.043930132
319574,0.06844896
319579,0.038715065
319580,0.07571854
319582,0.016118022
319583,0.09648497
319585,0.054592647
319598,0.034637026
319600,0.037374377
319602,0.012431944
319603,0.0314823
319604,0.019705173
319608,0.029852714
319622,0.09008535
319623,0.15246513
319625,0.0329402
319628,0.04352923
319637,0.16028762
319639,0.06901381
319658,0.034612767
319669,0.096575096
319677,0.08436713
319683,0.07662325
319688,0.022664601
319697,0.07585555
319700,0.033353332
319727,0.15706179
319747,0.059087195
319751,0.04448419
319758,0.037304174
319759,0.054169238
319765,0.01340149
319768,0.04061883
319774,0.11196658
319776,0.062246595
319777,0.026676176
319785,0.055474788
319789,0.024870818
319792,0.022987535
319799,0.012400657
319814,0.012197924
319815,0.016595924
319822,0.074679494
319829,0.051316775
319836,0.12297522
319837,0.018353064
319839,0.11262569
319843,0.02627643
319860,0.16218147
319876,0.29699078
319877,0.01892681
319887,0.06269322
319889,0.0082047405
319892,0.06496415
319893,0.031092249
319897,0.06629958
319898,0.042191654
319911,0.09959776
319917,0.050739657
319923,0.03138827
319927,0.040433586
319929,0.06524918
319931,0.321125
319948,0.07540702
319949,0.05892078
319992,0.051190507
319999,0.030413091
320001,0.20024687
320003,0.015590181
320004,0.3163351
320011,0.100313865
320012,0.01715161
320021,0.13960297
320026,0.034925595
320034,0.027110642
320041,0.35757762
320042,0.038283587
320046,0.028927425
320056,0.0101497285
320062,0.02994863
320093,0.16238253
320094,0.07550081
320101,0.1384185
320114,0.07788443
320126,0.050618924
320128,0.040139586
320137,0.03842045
320149,0.040937334
320165,0.024077412
320172,0.09247338
320173,0.24689162
320175,0.29524526
320179,0.10126511
320181,0.02088409
320191,0.030448727
320192,0.016655931
320195,0.013071455
320199,0.053955425
320202,0.052511506
320203,0.2189883
320205,0.03855154
320224,0.2060906
320227,0.18809108
320228,0.03150731
320248,0.40301177
320252,0.0073921075
320254,0.06186835
320259,0.0368123
320267,0.33216923
320276,0.031022709
320287,0.20301212
320291,0.026634552
320295,0.033310797
320297,0.026872698
320305,0.25158107
320321,0.33893722
320331,0.16794401
320336,0.092784084
320341,0.051974773
320344,0.0608724
320356,0.010165909
320362,0.05656521
320369,0.022932876
320379,0.045421127
320387,0.017291537
320397,0.01717939
320412,0.04822192
320421,0.034415632
320428,0.321418
320429,0.11550619
320430,0.054602306
320434,0.017840188
320453,0.03342011
320462,0.0451239
320469,0.01043876
320475,0.038080636
320478,0.06602446
320484,0.025801087
320494,0.010223297
320499,0.01140581
320541,0.19193934
320550,0.017942987
320561,0.013945484
320562,0.16131976
320564,0.03854045
320566,0.2477302
320568,0.03954903
320593,0.015948566
320609,0.030059192
320614,0.038270798
320621,0.02693259
320639,0.2803029
320640,0.11112164
320656,0.03870572
320657,0.042959355
320670,0.03526807
320672,0.00749726
320691,0.047342446
320693,0.006025258
320698,0.041868456
320699,0.035799414
320704,0.03877684
320709,0.012435984
320711,0.04151945
320724,0.11577532
320737,0.053201772
320744,0.024188261
320747,0.043625202
320750,0.17898378
320752,0.040556118
320760,0.14563058
320765,0.19239947
320767,0.033721976
320778,0.25539798
320784,0.03050569
320789,0.079715766
320793,0.0058520134
320795,0.22459447
320805,0.16449519
320806,0.20358267
320823,0.07468429
320828,0.18924977
320833,0.10913421
320843,0.028235665
320846,0.009019789
320851,0.1710994
320852,0.0797758
320869,0.025630746
320873,0.13116547
320890,0.028422566
320905,0.14801717
320912,0.16492482
320914,0.011338919
320915,0.012655175
320920,0.0497984
320924,0.03578258
320925,0.02285521
320936,0.1805463
320937,0.022276478
320940,0.07989174
320943,0.103102185
320954,0.013644078
320959,0.07382704
320960,0.015431615
320966,0.027802562
320968,0.015771788
320975,0.02742615
320978,0.005116112
320979,0.043361895
320981,0.014259617
320987,0.024269328
320989,0.09807196
321009,0.28792754
321021,0.14954181
321035,0.26807547
321038,0.064963736
321039,0.20585917
321051,0.008980458
321058,0.026861023
321066,0.3146632
321075,0.15760961
321092,0.011222549
321098,0.23166075
321107,0.1306361
321116,0.25516003
321118,0.021867463
321124,0.057356447
321131,0.038564865
321134,0.15154439
321140,0.072524205
321143,0.06341041
321145,0.019532822
321150,0.009482743
321151,0.026393758
321153,0.08248818
321154,0.04225558
321156,0.019522296
321160,0.0319329
321176,0.0490583
321183,0.06718439
321187,0.07346468
321196,0.018018229
321197,0.07989541
321204,0.17665568
321208,0.042862736
321209,0.055570595
321223,0.061811063
321226,0.010438198
321227,0.029283583
321236,0.13739425
321249,0.14735723
321250,0.03586681
321253,0.033813838
321256,0.04330038
321276,0.20321064
321298,0.07499007
321303,0.008761868
321309,0.05892941
321313,0.11260142
321322,0.23856005
321345,0.032078743
321350,0.050758816
321355,0.02849785
321358,0.09026989
321370,0.11855805
321377,0.1446006
321385,0.17179592
321398,0.076119885
321401,0.011782383
321415,0.033903904
321416,0.46334594
321419,0.040740024
321427,0.020240534
321433,0.008258524
321439,0.1552716
321455,0.09395427
321463,0.09513081
321465,0.048975255
321480,0.015222488
321486,0.020922594
321498,0.091998816
321502,0.07026087
321510,0.03600596
321524,0.025457764
321526,0.19157696
321528,0.07995318
321533,0.26216304
321536,0.0596974
321548,0.12835518
321557,0.05455721
321564,0.07978476
321567,0.024815256
321602,0.075885765
321625,0.15987325
321627,0.047967445
321640,0.05021101
321645,0.014371788
321648,0.12234532
321649,0.10373701
321652,0.047688466
321659,0.0737563
321667,0.011768517
321676,0.06796276
321696,0.024984488
321697,0.073496476
321702,0.04188576
321704,0.02514857
321706,0.03829658
321710,0.0396012
321722,0.049872465
321760,0.043012947
321770,0.078088656
321779,0.042100832
321784,0.08845853
321786,0.08982107
321792,0.043030486
321795,0.16857871
321801,0.06252289
321804,0.008339989
321806,0.07483394
321807,0.06650714
321808,0.4192612
321809,0.04653581
321825,0.05193405
321828,0.057751756
321843,0.09048981
321848,0.056107942
321854,0.05336015
321869,0.047988232
321870,0.15714538
321887,0.004930966
321896,0.03278248
321898,0.10817559
321908,0.03362676
321910,0.022540838
321915,0.10529583
321919,0.122746736
321922,0.020396989
321928,0.19334728
321929,0.047515158
321932,0.12894753
321934,0.1307094
321936,0.23307449
321956,0.041647516
321957,0.073743284
321965,0.028702293
321970,0.036294285
321974,0.014525972
321980,0.025711456
321985,0.02128632
321992,0.03548079
321999,0.030590264
322005,0.005650108
322018,0.048295803
322020,0.024846569
322021,0.12123467
322023,0.03890238
322024,0.024215529
322039,0.007186197
322054,0.08915663
322061,0.020840555
322082,0.022296058
322088,0.1467501
322093,0.060889315
322105,0.110203736
322111,0.024200438
322113,0.11633708
322117,0.016765796
322120,0.022827242
322123,0.051695045
322132,0.05482614
322136,0.1059842
322141,0.07363425
322147,0.06866114
322169,0.07882152
322170,0.16973118
322172,0.06374364
322196,0.02304886
322198,0.22477432
322217,0.08330352
322226,0.13272816
322227,0.022663508
322229,0.031017452
322242,0.043533154
322244,0.018248644
322249,0.021323971
322250,0.07174441
322253,0.025761629
322254,0.17102544
322267,0.0089063905
322269,0.0346777
322274,0.33279222
322285,0.2542928
322309,0.05399952
322320,0.025162147
322327,0.040392157
322331,0.081959195
322332,0.08124655
322334,0.22677933
322339,0.11054458
322348,0.17993203
322350,0.51610214
322354,0.18514726
322356,0.03074816
322367,0.15605895
322369,0.037196618
322372,0.10454036
322374,0.038931534
322383,0.07063756
322388,0.3373117
322393,0.034035165
322395,0.050817616
322407,0.012549375
322413,0.036166202
322416,0.0058853943
322419,0.018619174
322424,0.044006813
322432,0.045535516
322442,0.019638568
322447,0.031206017
322448,0.13377124
322460,0.054567095
322461,0.38449213
322468,0.02480564
322472,0.20641398
322473,0.1579529
322488,0.041331917
322490,0.06191112
322491,0.04260517
322497,0.07076944
322503,0.12794815
322521,0.15758386
322525,0.12146048
322533,0.07976068
322549,0.07585028
322561,0.042981416
322566,0.03988333
322570,0.26669356
322574,0.018738573
322578,0.010234556
322579,0.052469935
322586,0.028457783
322596,0.0864768
322598,0.059950665
322603,0.17067456
322614,0.08122386
322626,0.016753782
322630,0.11174981
322639,0.14616601
322640,0.027808633
322642,0.037809473
322651,0.047049765
322652,0.28107217
322656,0.01471548
322662,0.03079085
322664,0.057045717
322681,0.33110777
322684,0.025386356
322685,0.07669518
322711,0.23745793
322717,0.06611184
322719,0.07410117
322730,0.06617537
322740,0.01433158
322743,0.17080852
322749,0.0088507
322757,0.043018647
322759,0.08739487
322760,0.062213864
322770,0.010339866
322786,0.07311415
322797,0.08506885
322800,0.10191204
322815,0.0067781084
322831,0.03244707
322835,0.18183476
322841,0.014541045
322845,0.014194528
322846,0.025956417
322851,0.14722753
322852,0.023128027
322877,0.039142042
322880,0.07497978
322893,0.1012163
322911,0.06448612
322928,0.3305398
322934,0.08436765
322938,0.16146237
322950,0.05680567
322959,0.015034308
322961,0.08874692
322965,0.15638591
322966,0.03307861
322968,0.008881709
322977,0.0434755
322979,0.04607861
322986,0.20688075
322990,0.1113481
322998,0.03503148
323005,0.030203426
323008,0.024592077
323014,0.052349266
323015,0.009843157
323025,0.08779608
323030,0.050624542
323033,0.043631338
323036,0.04308733
323043,0.10320594
323049,0.039129876
323051,0.24105832
323053,0.031698793
323056,0.08319558
323059,0.12490271
323076,0.10027213
323088,0.0666509
323108,0.40263763
323112,0.039825637
323127,0.01899732
323135,0.0584842
323137,0.04469447
323141,0.05352497
323142,0.047907215
323147,0.23032801
323150,0.16328898
323153,0.05892521
323156,0.048605222
323161,0.027231239
323171,0.02250096
323173,0.08136277
323176,0.024268294
323184,0.051685907
323189,0.077526644
323193,0.04044229
323209,0.11485449
323218,0.24725148
323224,0.25925338
323235,0.07894807
323236,0.04317439
323242,0.014300245
323252,0.024165446
323253,0.22900675
323254,0.0042501935
323271,0.024944598
323276,0.101289876
323278,0.050148953
323281,0.017278852
323285,0.023357917
323289,0.07665079
323292,0.011828884
323297,0.12687854
323312,0.016862834
323318,0.0040829126
323319,0.016337132
323324,0.058259316
323325,0.13331285
323328,0.11035666
323334,0.08377038
323338,0.17449988
323340,0.047259297
323343,0.14473495
323354,0.024118176
323373,0.03673478
323376,0.04431343
323381,0.07632488
323382,0.037264064
323383,0.2449386
323387,0.022818228
323394,0.045646194
323398,0.034359213
323405,0.07966099
323407,0.09745859
323428,0.40176326
323436,0.14152522
323451,0.13436948
323455,0.032486413
323463,0.008440693
323466,0.14574705
323475,0.114470616
323477,0.031185044
323481,0.009605573
323485,0.038620118
323488,0.0428016
323493,0.045458533
323494,0.029901316
323505,0.06479282
323506,0.041043885
323509,0.016620247
323518,0.030675462
323530,0.10414995
323539,0.015347713
323549,0.016716613
323557,0.039127376
323568,0.09432508
323569,0.022160046
323571,0.039118446
323573,0.07482665
323585,0.019347265
323588,0.051706783
323599,0.31114882
323615,0.004418118
323617,0.03967662
323620,0.19624434
323636,0.049581032
323665,0.037531856
323670,0.024606539
323675,0.031174852
323688,0.062083725
323693,0.018804366
323694,0.047986686
323696,0.046127323
323710,0.020406447
323716,0.16167942
323718,0.05636492
323719,0.029639322
323720,0.034224167
323722,0.0398046
323729,0.060643796
323738,0.030406995
323740,0.043059822
323787,0.012178704
323795,0.029309606
323801,0.010377119
323810,0.014659197
323822,0.0373334
323825,0.046144832
323833,0.044485953
323860,0.008571324
323871,0.013070115
323879,0.08319949
323888,0.023866469
323891,0.39094314
323894,0.09244624
323909,0.024515662
323911,0.045321964
323920,0.21173029
323923,0.07259018
323930,0.025568642
323935,0.054726977
323937,0.09820826
323938,0.024676627
323948,0.04096609
323956,0.09788428
323962,0.21391222
323964,0.026805488
323966,0.02582469
323970,0.02068007
323972,0.036380835
323977,0.05423515
323985,0.10144988
323989,0.03662388
323994,0.032482203
324010,0.048126746
324020,0.09867291
324033,0.054616656
324052,0.11743429
324055,0.016201481
324075,0.009775772
324087,0.14622506
324088,0.012900135
324091,0.042344313
324104,0.04574222
324109,0.06978058
324114,0.020704526
324118,0.053954914
324125,0.19901296
324130,0.24178292
324146,0.027339032
324149,0.03436687
324156,0.010411055
324170,0.07635675
324171,0.07482131
324172,0.044060618
324178,0.3280384
324180,0.06161773
324220,0.014519489
324222,0.030665383
324227,0.05261956
324229,0.08226872
324230,0.06991056
324235,0.053479675
324243,0.018807422
324247,0.37809107
324264,0.1692488
324269,0.1064536
324270,0.024274707
324271,0.11756198
324291,0.23106486
324293,0.025856145
324296,0.09513758
324298,0.11473412
324302,0.23601629
324305,0.008096985
324310,0.023623243
324325,0.041794784
324339,0.03081322
324345,0.05960951
324347,0.04575679
324356,0.016761111
324383,0.0848413
324387,0.07222522
324393,0.12302999
324400,0.04688986
324401,0.01697598
324412,0.054164145
324414,0.022827337
324415,0.14406973
324416,0.06356032
324420,0.33853626
324437,0.0074514225
324445,0.24062756
324464,0.11550079
324472,0.037282947
324496,0.07342428
324499,0.012485101
324512,0.036727607
324544,0.12716791
324545,0.03573333
324552,0.0442602
324553,0.057052154
324558,0.12829594
324559,0.015344089
324572,0.009120676
324582,0.07851122
324595,0.22479263
324596,0.4346794
324598,0.10070039
324614,0.13544887
324620,0.41889974
324621,0.021270812
324624,0.09864872
324651,0.08522838
324655,0.30507472
324669,0.013655146
324674,0.26400572
324677,0.027839698
324681,0.09848777
324689,0.010036409
324708,0.014990572
324714,0.15998553
324716,0.18535268
324719,0.03143501
324731,0.20063287
324733,0.11392436
324741,0.1786612
324745,0.045222707
324747,0.06975364
324748,0.009104444
324764,0.1572601
324772,0.079134405
324788,0.10175063
324795,0.019947406
324801,0.026126228
324811,0.033461537
324816,0.39239967
324821,0.10292772
324825,0.01623354
324840,0.2704316
324841,0.0712553
324854,0.047590196
324866,0.023675496
324884,0.09629551
324894,0.078898266
324895,0.04021934
324913,0.05358588
324914,0.018026015
324944,0.108760886
324949,0.18320699
324978,0.02552143
324983,0.041531727
324987,0.035506535
324995,0.0060398513
325000,0.029217692
325001,0.2621522
325005,0.02375539
325017,0.03511258
325019,0.13074756
325020,0.037891496
325021,0.18992618
325041,0.05196579
325063,0.34729314
325066,0.06747345
325070,0.14293474
325102,0.10585625
325117,0.014800315
325121,0.18674403
325136,0.043206785
325153,0.037360102
325157,0.027304616
325158,0.03437858
325163,0.06966021
325180,0.06953687
325181,0.04184615
325185,0.23353234
325194,0.09223224
325196,0.080514714
325206,0.03285145
325212,0.036283985
325217,0.13699616
325218,0.116575114
325223,0.061567657
325238,0.15248533
325254,0.17829396
325258,0.03474257
325268,0.02090802
325269,0.15423752
325275,0.035443522
325277,0.025562173
325282,0.022961415
325284,0.011458298
325289,0.04026633
325291,0.2853624
325300,0.08652661
325303,0.068421476
325306,0.023485005
325313,0.03787106
325316,0.05127322
325318,0.009046335
325332,0.029705605
325344,0.15499376
325354,0.04059383
325360,0.010356567
325364,0.032301847
325375,0.17943859
325377,0.008950082
325380,0.011893827
325390,0.11781642
325392,0.005925573
325395,0.078275256
325411,0.019710202
325412,0.049886554
325420,0.09597199
325424,0.031910915
325433,0.05248346
325438,0.02143047
325439,0.018485917
325443,0.10750648
325454,0.04515627
325464,0.059047334
325473,0.014396125
325476,0.014029161
325495,0.071639165
325525,0.025456782
325529,0.042474296
325552,0.012252506
325553,0.11083228
325564,0.021323474
325565,0.14869937
325580,0.051037382
325590,0.42041376
325591,0.023734808
325596,0.03580918
325601,0.021789286
325602,0.16359572
325623,0.02476359
325625,0.03988021
325641,0.46279448
325645,0.041999117
325657,0.13989787
325680,0.033545922
325691,0.061954502
325701,0.07204113
325710,0.09543225
325712,0.06824708
325714,0.08785265
325716,0.056215722
325724,0.33301744
325744,0.06705533
325751,0.1833923
325757,0.013257477
325765,0.068010055
325767,0.35393763
325770,0.19396277
325778,0.08836568
325784,0.08356164
325791,0.094520114
325809,0.09918517
325814,0.1893557
325817,0.11169282
325820,0.25145513
325822,0.071396105
325830,0.053197477
325832,0.2027851
325840,0.052297626
325849,0.06328103
325852,0.040105682
325859,0.032440215
325864,0.030891646
325865,0.17331217
325879,0.053177916
325890,0.016795581
325899,0.016796298
325908,0.032048967
325916,0.06371606
325918,0.022315744
325919,0.013001337
325922,0.03718872
325925,0.07627285
325934,0.02452489
325939,0.0130538
325942,0.015207677
325948,0.2422589
325954,0.06411656
325962,0.02318872
325966,0.13751993
325969,0.0150774
325971,0.02584588
325972,0.011251295
325976,0.085369185
325981,0.0177065
325992,0.060050767
326013,0.041948564
326017,0.024789581
326019,0.036315296
326027,0.06815546
326028,0.019632658
326033,0.04402285
326041,0.023054538
326043,0.06428677
326049,0.05618007
326054,0.026214741
326057,0.06375226
326074,0.013301095
326078,0.061687235
326083,0.034524422
326084,0.0070462953
326085,0.07768161
326087,0.020030357
326088,0.17977144
326102,0.26134655
326117,0.012879809
326145,0.0747109
326150,0.16940032
326160,0.13569987
326166,0.058961246
326170,0.023075346
326180,0.025107073
326182,0.13663816
326186,0.0066195526
326188,0.18395704
326190,0.31209588
326196,0.16169268
326199,0.14501469
326201,0.13992916
326204,0.020545874
326209,0.024777396
326211,0.040591914
326218,0.059125587
326239,0.054629263
326259,0.05932943
326260,0.07888695
326284,0.14416319
326289,0.056529697
326290,0.034422837
326295,0.044223778
326299,0.11043815
326305,0.011700798
326309,0.055974834
326323,0.03902191
326364,0.018474327
326369,0.01580347
326385,0.021224726
326410,0.04463043
326411,0.0042625414
326418,0.061475743
326428,0.09520431
326435,0.12551694
326437,0.043759495
326438,0.04144344
326451,0.024508046
326464,0.21654429
326471,0.03129893
326472,0.3708607
326475,0.10024243
326477,0.018653683
326480,0.012351348
326486,0.05954535
326502,0.057327848
326506,0.25156108
326513,0.036265723
326516,0.024523333
326528,0.04904912
326530,0.025675032
326531,0.048883423
326532,0.009770687
326538,0.008765215
326551,0.049704473
326559,0.016692467
326576,0.13032423
326577,0.112302564
326602,0.0322579
326606,0.0443111
326618,0.120306104
326620,0.016255492
326624,0.040571555
326639,0.11110207
326647,0.375775
326652,0.14268048
326661,0.10514935
326667,0.101358004
326670,0.10201272
326672,0.038950928
326693,0.16572921
326704,0.034260657
326723,0.07196034
326734,0.049506724
326738,0.0999083
326746,0.04472412
326753,0.029758751
326754,0.0153151825
326763,0.12583713
326779,0.023558345
326785,0.07136037
326786,0.028228063
326787,0.21897104
326789,0.017965099
326799,0.027786264
326802,0.034611862
326804,0.026114166
326823,0.037332807
326827,0.049038973
326833,0.08550766
326838,0.048522525
326842,0.039700385
326856,0.19021139
326867,0.012331488
326870,0.02715347
326871,0.058351293
326875,0.030538782
326879,0.06811979
326884,0.046533857
326900,0.09536927
326904,0.010853439
326905,0.12054421
326917,0.014653723
326919,0.043298185
326921,0.2816045
326929,0.04591863
326942,0.116514474
326944,0.022947762
326953,0.08245039
326968,0.05000715
326985,0.11129388
326987,0.0724029
326988,0.02236866
326994,0.029626535
327005,0.008356217
327010,0.046063382
327017,0.072351016
327026,0.18517771
327030,0.01204059
327031,0.016945373
327045,0.14827842
327054,0.0083197355
327078,0.029929355
327080,0.01147739
327087,0.44604293
327137,0.04334455
327147,0.094825946
327150,0.08737768
327153,0.08192457
327160,0.08194147
327164,0.012302184
327169,0.16264537
327187,0.13563748
327188,0.037470818
327189,0.019564472
327194,0.026350593
327196,0.16245829
327202,0.17833295
327207,0.0093412995
327215,0.023469346
327216,0.12680393
327220,0.11145998
327222,0.045341942
327230,0.06372845
327231,0.23122436
327238,0.05159132
327247,0.006153132
327262,0.04617074
327265,0.020502023
327267,0.007692127
327273,0.010222714
327276,0.12174734
327280,0.22566344
327287,0.055827755
327301,0.10905956
327307,0.1383438
327309,0.06501509
327316,0.11316495
327327,0.1603803
327334,0.28784722
327335,0.11964757
327338,0.010365329
327341,0.059607062
327350,0.022364713
327355,0.024513302
327370,0.025176201
327386,0.029455442
327391,0.17704836
327393,0.20414099
327408,0.04587912
327415,0.2803044
327431,0.07816474
327445,0.016540196
327449,0.112029634
327457,0.13250539
327488,0.007264917
327489,0.029289218
327523,0.0492586
327537,0.030781845
327550,0.1119203
327556,0.017548384
327562,0.013704352
327567,0.16761902
327587,0.06467173
327594,0.048713993
327602,0.03153522
327604,0.041284744
327609,0.12070523
327618,0.035080235
327620,0.038789984
327626,0.16725148
327628,0.018686138
327629,0.07539996
327631,0.07346521
327633,0.028371861
327638,0.0054205363
327665,0.018771239
327689,0.03520068
327697,0.030938609
327702,0.061727766
327704,0.11087188
327723,0.055447858
327726,0.012121175
327732,0.1863163
327739,0.054851003
327750,0.0131275095
327751,0.026010282
327765,0.11775644
327766,0.019879213
327771,0.031013468
327772,0.3697797
327774,0.1062193
327784,0.020434633
327789,0.0047694175
327794,0.019141944
327799,0.10828533
327803,0.10251464
327817,0.042882834
327819,0.024946997
327823,0.06605947
327828,0.50009567
327834,0.11505467
327835,0.020612536
327866,0.39996415
327871,0.0276472
327886,0.043303125
327900,0.03792514
327901,0.16879068
327904,0.014545732
327906,0.15681882
327908,0.033310022
327909,0.008414895
327914,0.2769654
327917,0.1803576
327928,0.08689369
327947,0.028442534
327949,0.024540437
327952,0.06965612
327954,0.017912949
327962,0.043237016
327964,0.20166995
327985,0.02366241
327996,0.07164053
327997,0.057849463
328013,0.012055568
328017,0.11262748
328027,0.04263561
328029,0.17915057
328042,0.06391449
328043,0.024280362
328064,0.14875299
328072,0.008688745
328074,0.23379023
328080,0.027964482
328086,0.039871547
328122,0.081682906
328126,0.003862595
328127,0.089500226
328142,0.0063733985
328144,0.027404873
328150,0.115070924
328154,0.124418326
328160,0.036442544
328171,0.07455127
328179,0.15153164
328192,0.022981713
328195,0.065515466
328196,0.025663588
328201,0.015622493
328203,0.059040323
328217,0.07395304
328218,0.020260576
328228,0.09720534
328231,0.07704346
328246,0.04439352
328252,0.030329451
328255,0.04744744
328264,0.02287276
328281,0.03630583
328282,0.009958293
328291,0.08803912
328303,0.013303199
328305,0.21655825
328313,0.05173659
328336,0.09313637
328340,0.020799046
328343,0.03624823
328368,0.36917245
328372,0.012356899
328381,0.065779306
328383,0.063185245
328385,0.010468543
328393,0.02854685
328395,0.053375088
328409,0.042637546
328424,0.04426816
328427,0.20390826
328456,0.048907362
328463,0.13564482
328489,0.07370221
328491,0.020393264
328509,0.024694018
328516,0.2956673
328524,0.011349793
328535,0.042688813
328536,0.015153377
328539,0.032646116
328542,0.5052051
328545,0.29596713
328549,0.089102276
328554,0.015262676
328558,0.08155463
328571,0.050779473
328576,0.03613443
328578,0.02896148
328588,0.21526875
328601,0.015627716
328604,0.09199659
328624,0.0067936503
328629,0.08060468
328632,0.012068302
328634,0.071944416
328636,0.054150816
328637,0.03837661
328647,0.019163527
328668,0.0068852445
328669,0.02211637
328678,0.08981421
328684,0.033269778
328694,0.083782524
328705,0.04684644
328712,0.034840997
328720,0.044549517
328729,0.24475878
328730,0.035698865
328733,0.014151422
328758,0.17107974
328761,0.038163245
328764,0.031071039
328777,0.05592938
328783,0.09950847
328813,0.09750336
328819,0.028578967
328826,0.03484869
328829,0.10172344
328834,0.018768793
328845,0.0058891815
328856,0.088259764
328865,0.05531186
328868,0.24442685
328878,0.30215275
328896,0.021199703
328899,0.009500734
328909,0.030353999
328914,0.0042934334
328926,0.052291494
328934,0.032151435
328935,0.008974583
328949,0.05913722
328954,0.033330694
328957,0.0515615
328968,0.062621996
328974,0.02237364
328984,0.008151987
328991,0.019218128
328997,0.018625196
329000,0.037932828
329005,0.03834131
329007,0.03975596
329018,0.07641948
329034,0.107206985
329051,0.3104723
329052,0.06631479
329055,0.15949985
329062,0.20744093
329064,0.115040705
329070,0.35333
329075,0.031584058
329078,0.0761724
329081,0.01669083
329086,0.19761167
329101,0.023081033
329105,0.09791509
329113,0.1816298
329119,0.16264613
329133,0.081942886
329135,0.06530465
329138,0.025996702
329143,0.028001575
329157,0.081795305
329165,0.08870692
329170,0.03188626
329176,0.11299555
329177,0.04631282
329179,0.05406173
329196,0.14082931
329209,0.050156787
329219,0.24642426
329241,0.077769265
329245,0.11347002
329248,0.049462136
329249,0.022133183
329251,0.01112044
329252,0.019053211
329256,0.035301168
329261,0.035249345
329264,0.37527534
329297,0.22786704
329310,0.053993348
329320,0.0391876
329328,0.010010087
329340,0.19838895
329347,0.040396195
329351,0.071309276
329356,0.013188074
329360,0.28924125
329364,0.024223724
329365,0.01187086
329381,0.063954316
329383,0.12084313
329385,0.046714924
329388,0.071914
329390,0.03797785
329393,0.0817417
329403,0.067659706
329409,0.034279175
329418,0.34649035
329428,0.011780291
329433,0.027601462
329439,0.021680877
329459,0.030214006
329463,0.09708686
329475,0.049490377
329479,0.026963864
329494,0.057578165
329500,0.22962406
329503,0.0063415384
329512,0.006022183
329514,0.10599453
329521,0.08489861
329526,0.23773073
329531,0.006011415
329534,0.12606277
329545,0.07060732
329553,0.009411478
329569,0.07140834
329571,0.083234
329580,0.024469715
329585,0.075280465
329588,0.10450519
329603,0.083157875
329605,0.027032612
329611,0.044157412
329613,0.06792489
329615,0.1217899
329618,0.07491162
329623,0.027626134
329626,0.05949824
329678,0.012016564
329690,0.040673405
329693,0.07927265
329698,0.18153062
329700,0.0061237942
329706,0.011464251
329709,0.044023998
329713,0.11908069
329716,0.04101114
329717,0.031709027
329719,0.039549887
329720,0.025505045
329737,0.017042289
329741,0.039828207
329742,0.027145164
329749,0.05836422
329765,0.047168896
329771,0.048440155
329775,0.025168931
329779,0.03795701
329781,0.030257896
329788,0.074013114
329798,0.08669914
329799,0.012300601
329810,0.14266106
329811,0.02127375
329812,0.013618966
329819,0.062309995
329822,0.08865911
329826,0.019793829
329843,0.1230335
329846,0.013182652
329856,0.13539925
329871,0.07206376
329882,0.04511448
329885,0.04034231
329893,0.06014641
329898,0.03177686
329903,0.034943722
329916,0.032701425
329918,0.008102437
329934,0.020155981
329942,0.06580723
329949,0.014958155
329958,0.17968796
329965,0.04708807
329969,0.01142109
329972,0.030709121
329981,0.24017996
329988,0.02989864
329989,0.1239472
330004,0.22575785
330006,0.3864913
330014,0.18034081
330025,0.19688646
330040,0.020440785
330047,0.16107452
330070,0.041222006
330074,0.0109448405
330075,0.015740952
330085,0.027350754
330095,0.057311274
330106,0.049865555
330119,0.042085722
330122,0.0350976
330129,0.09057446
330145,0.18415198
330148,0.031840976
330154,0.052239306
330156,0.020178124
330162,0.09756228
330164,0.04574611
330187,0.08984169
330188,0.08666815
330189,0.019226681
330192,0.03346555
330193,0.021333348
330200,0.083876625
330205,0.058289163
330207,0.0919366
330220,0.015499623
330228,0.361559
330243,0.038597137
330245,0.05006144
330270,0.014023227
330272,0.0439174
330279,0.01673348
330288,0.3480376
330289,0.03047871
330299,0.016137043
330308,0.04021804
330314,0.09589543
330317,0.04573533
330322,0.016461264
330332,0.03162269
330356,0.12560894
330358,0.044817306
330360,0.011251619
330363,0.0406105
330364,0.09369167
330368,0.04367631
330376,0.015727393
330378,0.0816174
330381,0.062306527
330386,0.10823939
330387,0.013220956
330395,0.047344256
330396,0.02533844
330406,0.040127672
330423,0.030051716
330430,0.046029262
330467,0.036844645
330469,0.0258437
330473,0.08129384
330479,0.15619636
330486,0.12088923
330523,0.2276708
330524,0.08653112
330540,0.064481765
330564,0.10059758
330565,0.07221533
330567,0.23617268
330568,0.039602887
330602,0.05135156
330616,0.021969143
330617,0.024229161
330625,0.1358217
330635,0.028849257
330636,0.064299464
330639,0.0663488
330661,0.06667267
330666,0.021418959
330670,0.0067335246
330682,0.037397783
330690,0.013073154
330708,0.09281208
330726,0.01722987
330730,0.016542027
330765,0.019154916
330776,0.022294093
330789,0.018776365
330791,0.012792639
330803,0.055680957
330805,0.012826062
330807,0.026501402
330821,0.029604252
330822,0.04523238
330836,0.038646247
330837,0.035120737
330839,0.027036833
330840,0.011127941
330861,0.12841234
330878,0.046652917
330881,0.008993618
330888,0.02236811
330890,0.14891426
330903,0.28219196
330904,0.03182792
330905,0.029755984
330907,0.06626155
330915,0.011585485
330921,0.17827934
330922,0.045741983
330925,0.015875014
330942,0.08615508
330945,0.05099756
330957,0.124737576
330965,0.12641132
330973,0.09600529
330979,0.010772025
330981,0.034646276
331005,0.06179683
331018,0.1236017
331026,0.025102582
331032,0.004046959
331033,0.06588258
331036,0.0042285467
331037,0.014740915
331048,0.053265125
331054,0.1442599
331058,0.040725067
331063,0.0859282
331077,0.057776622
331079,0.0064111194
331081,0.16774425
331082,0.027268369
331090,0.039171636
331110,0.014391147
331127,0.24400684
331141,0.053548504
331153,0.10308673
331165,0.049231555
331171,0.038233846
331179,0.04580417
331191,0.24470218
331193,0.118160754
331197,0.024792751
331204,0.040695567
331207,0.105656095
331212,0.019847436
331220,0.26100218
331242,0.05083611
331244,0.098744765
331273,0.028311247
331281,0.029938491
331289,0.017882222
331293,0.043291904
331294,0.06933747
331299,0.031348746
331300,0.012779253
331302,0.016406134
331322,0.03052216
331334,0.025460444
331347,0.010515711
331353,0.048721373
331361,0.01988904
331370,0.008670742
331379,0.028854784
331382,0.06677798
331388,0.45479855
331390,0.03659466
331400,0.09841215
331411,0.033693492
331431,0.012235857
331451,0.019539453
331455,0.038594153
331456,0.006751864
331461,0.021458361
331468,0.07288437
331480,0.079877704
331491,0.011589483
331505,0.22347955
331508,0.01048683
331517,0.018786589
331519,0.18472083
331526,0.016117636
331530,0.013079466
331533,0.046504855
331554,0.07207069
331579,0.016551353
331590,0.012791543
331599,0.02851445
331604,0.10166407
331605,0.07366256
331611,0.014838059
331616,0.39112976
331620,0.014204273
331623,0.12540379
331641,0.021806205
331645,0.0419209
331657,0.13795066
331662,0.02791714
331678,0.0067845094
331684,0.07941706
331686,0.15678625
331691,0.085001454
331697,0.15867814
331707,0.23911332
331709,0.009651772
331716,0.052478567
331719,0.025968235
331729,0.011463268
331735,0.056313824
331743,0.02566385
331761,0.11639302
331772,0.015945297
331777,0.022798285
331794,0.085566774
331813,0.07709227
331818,0.14334914
331834,0.041559514
331848,0.031111123
331849,0.043576863
331868,0.026020747
331875,0.05162598
331879,0.024266137
331886,0.009428534
331888,0.04242276
331891,0.031236118
331903,0.022315187
331905,0.011051555
331913,0.049838804
331914,0.013438397
331937,0.012382466
331938,0.05278446
331939,0.07606854
331944,0.022291288
331948,0.11918502
331968,0.023084097
331976,0.40476266
331977,0.17349866
332007,0.050042704
332014,0.026042566
332017,0.018380096
332027,0.07109412
332033,0.04560025
332041,0.019748747
332042,0.1342217
332047,0.01265169
332050,0.09850606
332056,0.013630263
332071,0.0060350182
332075,0.2526587
332076,0.025719078
332077,0.03917562
332083,0.058971193
332093,0.24319094
332111,0.036326963
332119,0.02748384
332121,0.19945775
332135,0.03294461
332144,0.12279095
332147,0.04040542
332155,0.024746247
332156,0.023445975
332164,0.08112161
332166,0.0070891213
332170,0.15451129
332180,0.19144346
332181,0.1058321
332184,0.13597782
332192,0.10332205
332204,0.038931765
332225,0.03614878
332234,0.04770692
332243,0.10282465
332253,0.12981585
332261,0.074501544
332266,0.010983053
332270,0.086854376
332285,0.34820077
332290,0.005017228
332296,0.026409552
332298,0.10777455
332302,0.028602522
332303,0.01884457
332317,0.03492381
332318,0.06892513
332327,0.05940803
332337,0.07657197
332351,0.1544952
332373,0.017021477
332377,0.018589264
332384,0.10726154
332398,0.01847827
332404,0.035504133
332405,0.02541223
332454,0.015930094
332456,0.099011205
332464,0.09855033
332468,0.05514275
332476,0.051750056
332482,0.016364465
332483,0.0345739
332508,0.08112757
332519,0.2823013
332529,0.14665963
332537,0.14026806
332545,0.17225376
332551,0.036161885
332552,0.0886589
332570,0.06782521
332574,0.08084361
332579,0.09316227
332607,0.008497604
332618,0.1345845
332626,0.15660347
332628,0.015585278
332645,0.028646925
332652,0.20823295
332666,0.04001391
332694,0.034084678
332697,0.15129985
332698,0.011533155
332700,0.044898342
332708,0.17595729
332714,0.04227615
332722,0.018401518
332724,0.037761346
332730,0.02268677
332741,0.015232319
332746,0.014521843
332754,0.0743625
332756,0.124234244
332759,0.013271963
332764,0.485151
332786,0.052720774
332790,0.012410055
332816,0.014860075
332821,0.05194195
332827,0.015799925
332829,0.011489737
332831,0.006433072
332833,0.24236843
332834,0.051156882
332837,0.0103391055
332846,0.051444497
332860,0.07768543
332861,0.028181711
332865,0.025837224
332882,0.049541797
332897,0.17244306
332901,0.034674667
332904,0.015261724
332910,0.46807384
332911,0.020473292
332912,0.27498618
332939,0.039629854
332940,0.0077480623
332952,0.01653099
332956,0.025704414
332957,0.1937734
332958,0.009895625
332961,0.20710182
332967,0.14829442
332974,0.036840428
332993,0.009714108
333007,0.068007074
333012,0.21743377
333020,0.072071984
333021,0.046721805
333035,0.040598042
333040,0.1294251
333061,0.009953631
333073,0.018884854
333078,0.061333247
333085,0.033443425
333086,0.08146498
333096,0.4329453
333100,0.05127184
333112,0.09832757
333114,0.00960198
333120,0.24814467
333142,0.009836955
333152,0.011030973
333159,0.18301369
333178,0.017157448
333179,0.03101295
333187,0.05540355
333191,0.07937894
333192,0.043820657
333199,0.025939267
333211,0.06830676
333224,0.036670923
333237,0.2316556
333238,0.011169869
333262,0.008043275
333268,0.087871045
333275,0.08873464
333289,0.13291861
333292,0.4139784
333303,0.05430333
333305,0.06957001
333312,0.030300943
333316,0.04913258
333335,0.04290152
333354,0.03689478
333356,0.008056711
333358,0.014174385
333376,0.016053014
333378,0.029051866
333380,0.047549784
333381,0.21412249
333388,0.0356776
333392,0.0066876383
333406,0.41845226
333410,0.038919117
333411,0.053803165
333412,0.11467049
333428,0.034386955
333432,0.009091737
333435,0.059144184
333442,0.05841559
333452,0.056405526
333455,0.22943822
333456,0.097038865
333459,0.07578938
333464,0.2756948
333466,0.23268923
333469,0.03495934
333475,0.025580643
333476,0.010387481
333477,0.07910506
333487,0.023686284
333490,0.03890329
333497,0.31848553
333499,0.00749389
333500,0.094007745
333501,0.04793652
333503,0.016674975
333513,0.08894966
333518,0.045302782
333544,0.07050491
333546,0.15319844
333563,0.29861298
333566,0.061075944
333568,0.16174394
333570,0.046384957
333573,0.0047875317
333574,0.014303829
333584,0.038508907
333589,0.028455773
333594,0.05395557
333596,0.009876064
333597,0.04895114
333615,0.045820378
333621,0.05166358
333622,0.025290173
333629,0.069531776
333651,0.068493485
333653,0.116942845
333664,0.020441357
333680,0.008032971
333687,0.1357176
333688,0.029380653
333689,0.32344726
333693,0.059836302
333695,0.007898749
333706,0.013367192
333709,0.095650785
333713,0.0824941
333734,0.031368632
333745,0.14271249
333752,0.051298335
333764,0.018046113
333780,0.059408832
333789,0.17178798
333791,0.020068113
333795,0.12631738
333799,0.15936027
333801,0.12992652
333802,0.20713665
333803,0.09372346
333810,0.07104131
333837,0.031792063
333842,0.22212496
333843,0.021743307
333845,0.027034229
333852,0.41115242
333859,0.021447176
333885,0.20697992
333896,0.13462976
333904,0.08246375
333908,0.018275658
333913,0.029945277
333927,0.053826325
333930,0.040247254
333935,0.013245638
333952,0.043516926
333953,0.13339426
333966,0.049864437
333968,0.008510744
333988,0.061938044
334013,0.01217446
334027,0.18366627
334030,0.020114977
334032,0.1966848
334033,0.014679847
334042,0.01818624
334045,0.104909256
334053,0.02029782
334055,0.016997
334058,0.018470263
334063,0.11436696
334070,0.031467166
334074,0.03870635
334080,0.09742096
334086,0.047912177
334092,0.08782883
334099,0.023014063
334101,0.018782878
334103,0.056019876
334104,0.18259363
334109,0.25208157
334125,0.08762889
334130,0.10366256
334138,0.26530343
334161,0.0235545
334164,0.0522152
334169,0.046271667
334171,0.020753961
334185,0.039666574
334186,0.042462166
334209,0.070238695
334211,0.06704389
334230,0.011412419
334231,0.13764453
334237,0.13588703
334241,0.14259483
334244,0.21108678
334247,0.007721018
334250,0.025529495
334252,0.027207857
334273,0.016041193
334282,0.011832769
334285,0.0651892
334286,0.067805044
334292,0.05907284
334296,0.019935984
334299,0.03257401
334300,0.03582542
334305,0.026012648
334307,0.1134519
334311,0.022331754
334315,0.06490328
334343,0.1783477
334344,0.0128999585
334345,0.09465155
334350,0.057255626
334353,0.0053375545
334365,0.05817228
334372,0.033924684
334374,0.029311825
334375,0.06534903
334382,0.11256873
334387,0.004487109
334391,0.23957327
334397,0.016964631
334407,0.028186372
334415,0.016591933
334417,0.0184716
334419,0.111915104
334431,0.026958814
334435,0.46012616
334446,0.4718264
334447,0.08155432
334457,0.02204615
334459,0.14618894
334471,0.009498046
334474,0.06642968
334481,0.011648113
334483,0.018126652
334486,0.0865409
334490,0.23650679
334492,0.17523742
334494,0.05803786
334512,0.050262664
334522,0.006877212
334527,0.022879578
334534,0.00880308
334537,0.016515749
334539,0.049238406
334552,0.06420069
334555,0.15543957
334565,0.09411255
334580,0.038611896
334585,0.06215234
334589,0.06752277
334594,0.089378096
334600,0.014849154
334603,0.016779147
334613,0.064102866
334621,0.057822052
334628,0.024123438
334631,0.07206731
334634,0.023833
334635,0.097901225
334659,0.019692916
334660,0.014010297
334664,0.02906053
334671,0.022427337
334693,0.04502129
334695,0.06534802
334703,0.3009819
334718,0.17664987
334728,0.3382913
334732,0.1824541
334733,0.07263187
334735,0.031875283
334748,0.016978322
334756,0.10589356
334764,0.044101775
334766,0.07047804
334787,0.016923051
334803,0.0140233785
334806,0.17516768
334817,0.18292312
334825,0.027870929
334831,0.03808884
334836,0.038905572
334845,0.04469566
334857,0.017750427
334868,0.037945632
334871,0.01575756
334873,0.056109145
334881,0.08738791
334886,0.021018539
334898,0.07032416
334899,0.03979037
334901,0.027779488
334916,0.06584901
334923,0.17466554
334933,0.06313302
334938,0.30198175
334955,0.13109967
334963,0.29013902
334974,0.081614085
334986,0.028239217
334994,0.032760005
334995,0.13671829
335001,0.050299596
335005,0.11772848
335009,0.039451465
335014,0.028813876
335015,0.017595336
335017,0.28167632
335025,0.16408347
335027,0.18632044
335055,0.04416358
335058,0.0939301
335072,0.05581172
335073,0.010957778
335081,0.06697513
335091,0.006941494
335096,0.0072849863
335097,0.0156188635
335099,0.021355346
335113,0.0074647088
335136,0.061215445
335140,0.037737235
335141,0.01621262
335143,0.23717344
335155,0.054263823
335170,0.037494995
335176,0.029539127
335181,0.06268964
335183,0.11462683
335192,0.020312442
335196,0.24196918
335198,0.023071082
335203,0.070271894
335204,0.315845
335218,0.018825466
335222,0.029441586
335223,0.3785512
335229,0.06430255
335231,0.11069219
335236,0.14365178
335253,0.20804472
335257,0.04804142
335262,0.012047564
335263,0.1266289
335273,0.11253763
335276,0.09666365
335278,0.014965849
335295,0.019535653
335301,0.015382687
335303,0.0060266284
335305,0.2372724
335310,0.10318736
335313,0.003994968
335314,0.030248249
335319,0.022889301
335321,0.06534212
335331,0.024580186
335332,0.027587736
335333,0.06431625
335337,0.085824065
335342,0.06108392
335347,0.058171775
335351,0.06219697
335356,0.027746815
335366,0.06750379
335369,0.018185053
335377,0.10139973
335388,0.22978519
335395,0.15377888
335397,0.014649455
335411,0.039524883
335419,0.014145683
335425,0.07506749
335427,0.039460428
335443,0.009225464
335446,0.009210588
335448,0.0285707
335451,0.23286
335458,0.027634723
335459,0.16614775
335460,0.16457854
335463,0.048506465
335471,0.044382416
335477,0.009542976
335478,0.14020456
335484,0.010998062
335490,0.2549257
335495,0.05375163
335506,0.1339625
335507,0.0887479
335518,0.038668532
335533,0.029532906
335537,0.11707997
335538,0.11290115
335549,0.08148081
335553,0.10482099
335561,0.10704292
335564,0.0155432755
335573,0.028010352
335577,0.030740574
335579,0.012628273
335585,0.070958376
335590,0.05769918
335594,0.035108395
335598,0.017425936
335601,0.022206897
335608,0.071745
335616,0.07450702
335640,0.033770014
335645,0.12533918
335653,0.029168284
335683,0.03401617
335692,0.06452999
335713,0.019681415
335726,0.011260764
335727,0.25604287
335728,0.058788873
335732,0.02243163
335736,0.050551657
335747,0.016499462
335754,0.04988928
335755,0.01302421
335761,0.15927583
335775,0.046406295
335778,0.17993957
335779,0.037246123
335787,0.005518284
335805,0.010592225
335807,0.053464543
335808,0.09652474
335815,0.09622207
335818,0.008653998
335835,0.06387466
335849,0.04769852
335850,0.063412264
335851,0.047587432
335852,0.010145609
335856,0.031541854
335857,0.07984125
335863,0.114021115
335871,0.03984269
335879,0.037616905
335885,0.05183199
335887,0.17723258
335893,0.28439367
335906,0.03154495
335912,0.021653157
335921,0.021596523
335944,0.10965122
335952,0.1592425
335955,0.012064346
335956,0.013509228
335957,0.12230411
335958,0.061165854
335962,0.023904063
335963,0.030645765
335964,0.019297205
335971,0.012663674
335973,0.04114229
335975,0.14184637
335981,0.03849614
335983,0.09470024
336016,0.057431195
336038,0.0452419
336039,0.017649572
336041,0.058095332
336061,0.035946663
336063,0.029569637
336067,0.024844231
336071,0.07067852
336089,0.14866413
336095,0.035889678
336096,0.08196126
336101,0.017999463
336117,0.028665181
336118,0.04836944
336120,0.24692282
336137,0.0064270585
336155,0.040823024
336156,0.36621892
336159,0.010143991
336178,0.1404846
336183,0.17975894
336194,0.011156016
336195,0.12177187
336199,0.028290786
336209,0.029490298
336213,0.040045865
336214,0.034470044
336215,0.009140564
336220,0.017161582
336253,0.011193448
336260,0.27812213
336263,0.035820257
336265,0.054159705
336273,0.015041548
336277,0.032351885
336280,0.03164313
336295,0.11498655
336308,0.012113451
336309,0.03824043
336316,0.061377253
336319,0.076951824
336321,0.01093757
336322,0.23873773
336323,0.04821927
336340,0.09832665
336344,0.076660186
336352,0.037874334
336361,0.13479567
336367,0.023921859
336382,0.11348269
336383,0.08527299
336393,0.0564228
336407,0.04658007
336413,0.0197145
336418,0.10864836
336426,0.029195653
336427,0.016956123
336436,0.03715738
336443,0.034071736
336445,0.030741295
336447,0.009870862
336451,0.03761804
336464,0.015956433
336484,0.09873862
336491,0.04237203
336492,0.030157138
336493,0.046964396
336494,0.026760776
336499,0.010322652
336524,0.008176645
336527,0.067128606
336534,0.23640487
336544,0.017414093
336553,0.13017142
336558,0.015127731
336565,0.023669628
336569,0.14512144
336580,0.09887723
336586,0.011914354
336592,0.0862407
336604,0.047354847
336610,0.058444858
336623,0.12327721
336634,0.069664754
336635,0.04140096
336641,0.02602654
336660,0.02114055
336673,0.058007747
336686,0.029022645
336693,0.032643683
336701,0.0330627
336704,0.07086693
336711,0.08621156
336715,0.051059432
336717,0.013679947
336722,0.025471907
336724,0.016226528
336741,0.12138898
336745,0.0050838967
336757,0.22466576
336764,0.10822047
336767,0.05715014
336783,0.023269838
336786,0.045261055
336791,0.008521575
336792,0.3168189
336813,0.09008863
336822,0.24219131
336823,0.098077334
336832,0.07727915
336843,0.051034175
336858,0.083237186
336870,0.102362156
336876,0.011802816
336885,0.044345185
336887,0.051919013
336891,0.02142634
336903,0.013489954
336916,0.10301991
336917,0.016114362
336922,0.01905595
336925,0.009756008
336931,0.30575502
336938,0.015395635
336950,0.31269914
336955,0.057781994
336956,0.08616233
336959,0.092004254
336966,0.24882543
336971,0.040777426
336978,0.02978911
336983,0.027666261
336986,0.0040318267
336996,0.21183187
337003,0.3137009
337007,0.021308955
337029,0.05478407
337034,0.056686096
337039,0.015513951
337057,0.10187846
337058,0.029097525
337062,0.081460975
337080,0.03805285
337087,0.0049573476
337105,0.010187447
337108,0.022757454
337120,0.030358166
337125,0.104026586
337142,0.025197541
337159,0.0668781
337160,0.029084608
337168,0.0440792
337170,0.011464873
337171,0.012367297
337178,0.09230942
337188,0.034339324
337191,0.05432497
337200,0.02049369
337207,0.011873602
337210,0.017207317
337218,0.012235529
337221,0.025623955
337237,0.015430172
337241,0.1544946
337244,0.11072129
337273,0.06303069
337294,0.023242075
337295,0.01873468
337298,0.026877329
337310,0.014891002
337326,0.012375103
337338,0.38065434
337343,0.091210164
337360,0.039641544
337369,0.1738642
337375,0.22993368
337386,0.06864669
337388,0.43078858
337405,0.114320256
337408,0.07115303
337412,0.0064124223
337416,0.029782752
337418,0.12219607
337442,0.22332779
337449,0.032030758
337457,0.012555439
337460,0.024673237
337474,0.032267984
337499,0.046707388
337506,0.047380686
337512,0.11237288
337527,0.09707796
337528,0.023737028
337530,0.016797613
337539,0.16866083
337546,0.012302049
337551,0.0856096
337569,0.0152489
337576,0.0136015145
337582,0.026999352
337590,0.22030604
337599,0.04997875
337600,0.3558691
337601,0.44637036
337608,0.040469956
337614,0.23285736
337619,0.12448537
337625,0.13118616
337629,0.067812674
337635,0.053522862
337642,0.05006668
337663,0.23577498
337665,0.12932749
337668,0.0085755875
337700,0.07164113
337746,0.015733631
337761,0.017143374
337779,0.1565437
337788,0.038562663
337790,0.05369758
337793,0.049263828
337802,0.08599144
337807,0.046161152
337821,0.10606626
337840,0.023860537
337846,0.20532008
337848,0.2906654
337864,0.059097502
337866,0.06084926
337868,0.018740857
337878,0.0079342965
337890,0.118612416
337896,0.07039574
337901,0.05264241
337905,0.107411325
337914,0.060513325
337953,0.031534743
337969,0.009622758
337984,0.015577043
337995,0.056856833
338009,0.042416386
338018,0.04715862
338022,0.02147176
338028,0.08267582
338029,0.08532683
338044,0.004117955
338050,0.04778857
338052,0.028712591
338073,0.14674014
338076,0.0144236125
338084,0.009031808
338086,0.005837849
338094,0.02436467
338097,0.07974031
338099,0.064018115
338126,0.023770804
338127,0.35458034
338137,0.22056386
338146,0.007824676
338161,0.056809954
338164,0.06958914
338174,0.008990679
338179,0.2966041
338181,0.116055466
338188,0.007206089
338189,0.07229711
338193,0.010290962
338199,0.0076833563
338202,0.18110526
338204,0.084550865
338210,0.063886866
338229,0.03207989
338240,0.02980724
338250,0.056783054
338253,0.24078622
338254,0.00709042
338268,0.10084269
338290,0.05133102
338293,0.04240461
338297,0.056057736
338301,0.031636044
338306,0.04000076
338314,0.025818016
338318,0.022177361
338325,0.02198437
338340,0.1370604
338341,0.038682688
338351,0.014100429
338352,0.11921348
338368,0.021087991
338381,0.012937993
338404,0.012856623
338409,0.05072081
338417,0.014754751
338418,0.037083436
338426,0.008943545
338431,0.07669719
338435,0.022146067
338463,0.12888409
338465,0.02261241
338467,0.03677685
338479,0.15002283
338495,0.024251342
338510,0.071945496
338526,0.024184817
338528,0.07129076
338530,0.032171726
338539,0.010423658
338543,0.034226272
338554,0.011854388
338557,0.07324658
338581,0.31991255
338589,0.019372055
338595,0.1635453
338597,0.047968905
338604,0.11443194
338607,0.01995443
338613,0.006586173
338615,0.015934525
338628,0.09919111
338636,0.09443033
338642,0.0053182
338669,0.01805066
338671,0.07289747
338675,0.037000764
338676,0.21488252
338690,0.022650138
338696,0.12846367
338702,0.29799303
338703,0.005963027
338709,0.07122878
338719,0.10472487
338725,0.11347975
338727,0.028525092
338732,0.016504731
338749,0.022663267
338773,0.017660331
338774,0.026678268
338784,0.1379686
338789,0.034045465
338792,0.1567872
338804,0.13433531
338808,0.12342235
338822,0.015273344
338824,0.016813993
338833,0.03746583
338836,0.10567889
338840,0.08386293
338842,0.19042586
338843,0.08039173
338847,0.036236063
338849,0.1800298
338857,0.09433663
338860,0.1806508
338872,0.06837478
338874,0.039876092
338878,0.08604991
338895,0.09356214
338896,0.08194206
338904,0.07906332
338920,0.07605062
338931,0.01879527
338938,0.017513685
338955,0.04347762
338962,0.03452428
338969,0.0900461
338976,0.05024696
338994,0.016389983
339011,0.02058175
339014,0.040309526
339017,0.02088324
339018,0.48104423
339030,0.031973463
339038,0.007092623
339060,0.013160352
339079,0.20505838
339082,0.008935117
339099,0.03153962
339103,0.061529737
339105,0.029129827
339107,0.007237425
339121,0.21843335
339148,0.048708744
339152,0.031903487
339154,0.07321555
339170,0.19626781
339186,0.037283774
339187,0.059833393
339193,0.014430603
339196,0.03288488
339199,0.025194881
339203,0.22376966
339216,0.15168272
339228,0.0638022
339232,0.116399676
339237,0.016243968
339240,0.056549177
339242,0.013375333
339245,0.042936973
339252,0.03574466
339256,0.015171698
339258,0.13432297
339260,0.027177954
339263,0.096887074
339268,0.043956578
339269,0.1029318
339286,0.17255567
339304,0.033454724
339307,0.03604289
339317,0.045033645
339330,0.20184392
339346,0.26769912
339380,0.028624263
339381,0.03061869
339382,0.115812615
339391,0.0111684315
339396,0.04273387
339406,0.019768672
339407,0.055970207
339409,0.05477322
339410,0.055099975
339425,0.039181847
339427,0.060204264
339433,0.11588547
339443,0.016554255
339449,0.059746478
339452,0.031898644
339453,0.05652503
339455,0.039092816
339457,0.055736773
339477,0.0540609
339483,0.021698643
339487,0.11605108
339490,0.01580884
339518,0.06309673
339523,0.09257896
339529,0.016866706
339541,0.09032584
339544,0.1272326
339546,0.22379771
339559,0.12085409
339563,0.0125331655
339573,0.07606456
339591,0.033903953
339593,0.057048023
339599,0.037428576
339604,0.17499714
339615,0.038446452
339621,0.01185465
339625,0.27078798
339642,0.06828423
339647,0.23657273
339650,0.05202201
339656,0.040806007
339659,0.022355998
339681,0.07947719
339683,0.07259035
339684,0.13543491
339689,0.095873296
339694,0.015704505
339699,0.104412094
339718,0.26136345
339727,0.19933136
339735,0.03920352
339736,0.016164638
339745,0.014308447
339755,0.051888086
339758,0.024440758
339770,0.020329125
339772,0.023863457
339778,0.022563748
339786,0.03994664
339787,0.37135845
339788,0.1328417
339799,0.081018984
339814,0.062068306
339837,0.018318629
339842,0.04728695
339845,0.035673227
339852,0.04638003
339857,0.309367
339864,0.070223264
339872,0.07782617
339873,0.007756013
339874,0.041814096
339875,0.04726337
339879,0.26243427
339884,0.05222505
339888,0.05794937
339891,0.06578042
339905,0.06738535
339920,0.05350938
339934,0.050972514
339938,0.07809524
339948,0.010846576
339949,0.016388046
339953,0.025631355
339954,0.048712928
339957,0.023294482
339958,0.18856318
339971,0.03491025
339975,0.038439605
339978,0.01783182
339984,0.046038125
339993,0.02510655
340009,0.039980218
340012,0.03026003
340019,0.015291686
340031,0.070974045
340041,0.21533059
340045,0.032388933
340046,0.1997238
340067,0.019847004
340079,0.06091694
340081,0.08515821
340082,0.015651751
340090,0.023568247
340091,0.07897961
340099,0.031034727
340104,0.11061305
340109,0.04234263
340123,0.1913611
340146,0.023057465
340162,0.042932678
340167,0.09556594
340181,0.027349146
340194,0.019818928
340195,0.0070799105
340198,0.09072768
340202,0.30066168
340203,0.34373674
340219,0.08790277
340221,0.03964748
340224,0.01813176
340239,0.033139333
340248,0.071320996
340262,0.082344264
340264,0.116630025
340277,0.36370832
340285,0.010362649
340292,0.060139537
340356,0.15772836
340365,0.17336203
340375,0.08270568
340377,0.009787752
340378,0.20716079
340385,0.2159108
340387,0.02853719
340388,0.044213187
340405,0.058430977
340407,0.047284693
340408,0.04178579
340416,0.029756825
340420,0.018854389
340421,0.34433934
340425,0.020979108
340430,0.050822824
340448,0.08376157
340451,0.07974988
340456,0.087013245
340457,0.06884109
340459,0.05551893
340460,0.0976295
340463,0.012634629
340464,0.063558675
340486,0.008961894
340503,0.12782505
340504,0.037840035
340505,0.034176823
340507,0.07637295
340509,0.044487495
340511,0.1772246
340513,0.04581354
340516,0.13418783
340529,0.015351662
340535,0.018401345
340542,0.2267261
340545,0.04744951
340546,0.33623725
340556,0.14333399
340567,0.010404906
340576,0.11090566
340577,0.022805538
340586,0.013840706
340587,0.19656245
340594,0.050301056
340610,0.42916217
340611,0.07752355
340614,0.12987508
340625,0.03418829
340630,0.29793614
340640,0.034398
340667,0.09986267
340674,0.015153405
340679,0.11653163
340683,0.07058426
340686,0.18585102
340698,0.006851716
340708,0.016605647
340717,0.05188023
340718,0.0075722984
340720,0.014636066
340726,0.011334099
340746,0.034705237
340747,0.006567826
340768,0.032877997
340769,0.043901775
340772,0.25850222
340774,0.21998438
340778,0.006309284
340806,0.079455614
340816,0.056138285
340823,0.027546367
340826,0.019555995
340838,0.336471
340840,0.0975752
340842,0.03444554
340844,0.064393505
340845,0.038482394
340853,0.13065329
340855,0.19790539
340857,0.11061436
340858,0.060048208
340864,0.15241352
340899,0.076049946
340901,0.036707915
340909,0.10093789
340921,0.019115573
340925,0.077531
340953,0.02311472
340954,0.08782782
340961,0.03250099
340963,0.16223392
340975,0.153689
340977,0.027530648
340996,0.036413405
341009,0.064469226
341013,0.10947774
341020,0.035382517
341024,0.10075735
341031,0.06981751
341038,0.2208202
341042,0.050488517
341050,0.07625539
341063,0.24342923
341066,0.009761059
341067,0.0036628488
341070,0.2526174
341075,0.042679958
341089,0.020310273
341091,0.012049505
341122,0.065776795
341132,0.0447456
341135,0.17233074
341150,0.3448123
341168,0.05341894
341172,0.22043754
341182,0.03953265
341183,0.009361978
341187,0.0965698
341192,0.11091589
341194,0.043487947
341201,0.026101207
341226,0.019313315
341228,0.04026176
341231,0.033255983
341235,0.03923755
341237,0.019080823
341251,0.08539024
341278,0.07309828
341284,0.009210802
341285,0.1578258
341294,0.019905835
341296,0.047535513
341297,0.025227629
341298,0.024479233
341302,0.036900416
341304,0.023184778
341307,0.10773898
341314,0.093960576
341324,0.031601384
341332,0.29264125
341342,0.028782785
341347,0.048399843
341356,0.06697829
341358,0.060854748
341365,0.024174422
341368,0.047242414
341372,0.064286746
341374,0.0320961
341380,0.03276104
341381,0.1655549
341390,0.13656266
341398,0.17974788
341401,0.11603665
341406,0.04482603
341413,0.08730556
341419,0.009122826
341421,0.019600917
341427,0.024793189
341429,0.051607214
341434,0.011951793
341437,0.013347296
341444,0.14254864
341447,0.015009453
341452,0.055652674
341458,0.28943026
341475,0.058911055
341478,0.05430807
341495,0.023521772
341503,0.02469306
341520,0.027132038
341525,0.06261704
341544,0.02972674
341545,0.013572137
341548,0.013045424
341551,0.01006165
341552,0.053440668
341562,0.097459674
341574,0.11662255
341577,0.016211737
341585,0.14444087
341616,0.06999572
341630,0.04522256
341631,0.031203872
341640,0.13488998
341651,0.020788725
341653,0.0728921
341655,0.25017822
341659,0.019964667
341696,0.3137126
341705,0.20170213
341717,0.03178906
341720,0.022871742
341728,0.0604738
341729,0.020563288
341737,0.026073735
341758,0.009865117
341765,0.046802808
341780,0.124777265
341785,0.24146722
341787,0.0576145
341790,0.038856935
341796,0.022632197
341805,0.04713281
341811,0.032945827
341823,0.033322766
341828,0.5599036
341841,0.015242557
341865,0.054919854
341873,0.049937062
341891,0.037291035
341899,0.01451526
341906,0.02612036
341917,0.015220313
341926,0.06839495
341931,0.09757501
341934,0.020017127
341939,0.12463625
341943,0.18653843
341962,0.018187366
341967,0.06381056
341971,0.058424577
341990,0.0109663755
341997,0.03594851
342001,0.017612448
342010,0.019439008
342042,0.07126522
342052,0.10408964
342084,0.058685143
342089,0.018039042
342091,0.03700916
342099,0.017752165
342109,0.018358003
342111,0.060416806
342119,0.023315784
342120,0.102467574
342125,0.030076869
342127,0.21818174
342128,0.110554494
342135,0.031445645
342136,0.07521214
342138,0.03592985
342148,0.12278137
342153,0.17877449
342154,0.122430176
342157,0.015499083
342163,0.03756646
342168,0.028252538
342173,0.2359075
342182,0.065870166
342185,0.013876726
342194,0.0617084
342198,0.05842207
342210,0.04238627
342214,0.047249455
342220,0.034819458
342222,0.0064987442
342223,0.13658611
342230,0.04008091
342239,0.038377788
342247,0.068025425
342248,0.18593654
342252,0.01641503
342257,0.1486471
342271,0.32638797
342272,0.012599392
342290,0.08221921
342295,0.024343578
342297,0.041911613
342298,0.02586331
342301,0.0366475
342305,0.08201374
342308,0.012595459
342314,0.037354596
342322,0.07005317
342340,0.09728476
342350,0.036989376
342353,0.04929449
342358,0.048756015
342377,0.026424121
342378,0.010884022
342382,0.18438783
342390,0.02953484
342396,0.067005955
342439,0.07715563
342442,0.058543153
342447,0.048829492
342449,0.018915432
342450,0.15341447
342451,0.09378532
342454,0.14914742
342455,0.2720676
342467,0.0401314
342476,0.2787251
342481,0.19571406
342498,0.031479485
342503,0.0077777975
342510,0.01220968
342513,0.060978014
342523,0.01488373
342527,0.23144615
342555,0.10744882
342566,0.11494034
342584,0.007536837
342593,0.02656768
342600,0.019084131
342611,0.061835714
342614,0.041532468
342637,0.10151881
342639,0.01330087
342656,0.19154036
342669,0.014783755
342684,0.26756832
342686,0.18593313
342690,0.19742149
342693,0.019880932
342701,0.25075677
342702,0.2217464
342703,0.044420067
342706,0.0173936
342711,0.046503164
342730,0.046864707
342744,0.12067517
342753,0.20555255
342769,0.023027452
342779,0.13894537
342788,0.037735086
342792,0.030182287
342794,0.08985011
342795,0.03480323
342799,0.025507886
342802,0.34058267
342803,0.2676424
342812,0.0734712
342820,0.07723314
342824,0.014135466
342835,0.07965363
342836,0.02192506
342851,0.08333382
342860,0.038640104
342862,0.10360264
342870,0.046760418
342873,0.06763357
342894,0.009799832
342916,0.0138059305
342950,0.13931088
342970,0.07026045
342971,0.1307585
342980,0.012624652
342981,0.01717943
343004,0.16754632
343044,0.005324189
343045,0.324413
343072,0.028592566
343078,0.051845036
343080,0.26285568
343085,0.06358637
343126,0.10657489
343137,0.04069934
343139,0.06685945
343144,0.16496947
343155,0.05643615
343163,0.01866786
343165,0.04895528
343190,0.02876353
343205,0.013528005
343221,0.02975347
343226,0.015596828
343233,0.11210862
343236,0.038558908
343241,0.095849246
343245,0.08578274
343256,0.07678765
343260,0.058672164
343276,0.039837133
343298,0.052419156
343299,0.03458094
343310,0.17555015
343312,0.109912425
343317,0.027649906
343319,0.016953763
343324,0.019522598
343345,0.020721756
343348,0.07289556
343354,0.22716992
343363,0.008952759
343365,0.16460297
343376,0.013769399
343380,0.15402703
343401,0.01537574
343412,0.031162785
343414,0.014021401
343415,0.115163565
343418,0.083694026
343419,0.06919009
343421,0.032046363
343423,0.019837776
343432,0.006447211
343436,0.048909213
343440,0.34446236
343458,0.015465534
343470,0.082153
343471,0.021223621
343480,0.023915134
343484,0.037422214
343492,0.1601099
343500,0.034525998
343503,0.031310342
343522,0.10020448
343525,0.01256683
343562,0.19431262
343577,0.105053164
343580,0.15392943
343591,0.026113627
343594,0.042599782
343602,0.039913844
343611,0.021240829
343615,0.20065878
343639,0.015105191
343643,0.020934045
343645,0.021698548
343647,0.013915681
343669,0.005485816
343683,0.052875813
343702,0.40032727
343703,0.050417833
343704,0.01569231
343710,0.0073713744
343724,0.19141075
343730,0.11088453
343742,0.16846415
343743,0.04588389
343745,0.024131387
343775,0.18303575
343783,0.03834377
343794,0.12713851
343795,0.021877404
343816,0.013492036
343820,0.023911562
343823,0.17628647
343836,0.02760587
343845,0.08111881
343888,0.23500967
343893,0.017558556
343898,0.07517234
343914,0.007928027
343918,0.019377593
343920,0.029466225
343928,0.06444049
343931,0.06881275
343968,0.038637128
343990,0.1260286
343991,0.034751184
343996,0.071827106
344002,0.16781533
344004,0.089130625
344008,0.18008927
344011,0.03287088
344013,0.089857176
344014,0.10955113
344015,0.05828313
344016,0.04933752
344019,0.078348875
344026,0.015049456
344027,0.042472232
344029,0.057590056
344039,0.1932408
344041,0.29015997
344042,0.034770753
344047,0.22217847
344053,0.28804898
344055,0.038437642
344060,0.028019425
344064,0.013944488
344067,0.067979895
344080,0.03196323
344083,0.03777094
344088,0.0078222295
344090,0.059014287
344093,0.054016806
344099,0.03762215
344113,0.10239809
344114,0.070333414
344119,0.01628066
344121,0.029688185
344135,0.12683286
344138,0.025344593
344159,0.05088562
344172,0.021894114
344176,0.059764076
344192,0.01598461
344202,0.08604509
344219,0.05403718
344225,0.03273753
344229,0.30672795
344240,0.03273403
344241,0.049018815
344249,0.015061886
344252,0.4099807
344256,0.113425
344260,0.033532314
344264,0.017124495
344267,0.032336917
344275,0.025179386
344283,0.01319953
344292,0.028326206
344296,0.035733018
344297,0.0151621755
344299,0.067795865
344303,0.042580493
344313,0.04841862
344315,0.022093063
344317,0.040867176
344323,0.08592965
344328,0.113720745
344339,0.06280657
344343,0.03716591
344345,0.033640437
344356,0.035238888
344358,0.021558601
344359,0.046006124
344366,0.19676396
344370,0.038711827
344382,0.0062516695
344383,0.04800135
344386,0.06967294
344388,0.18503298
344393,0.013094888
344395,0.0667072
344401,0.080795705
344402,0.1255409
344404,0.13313882
344422,0.0035323028
344427,0.017360616
344433,0.020357115
344444,0.093827315
344454,0.037072565
344460,0.07171927
344480,0.009222258
344483,0.013995017
344488,0.1042678
344496,0.3611912
344504,0.13124587
344516,0.07037118
344524,0.04515628
344540,0.18377979
344542,0.027650828
344550,0.026457882
344558,0.008765008
344561,0.018906536
344568,0.2050785
344571,0.079427965
344621,0.02675844
344633,0.21030228
344635,0.20952813
344660,0.06211075
344662,0.057950567
344681,0.0063633686
344683,0.15495726
344685,0.05692661
344716,0.32973403
344726,0.06545484
344749,0.035908658
344750,0.3000904
344752,0.029327303
344760,0.033221476
344762,0.15293375
344768,0.043992434
344770,0.29320806
344772,0.24007301
344778,0.051222887
344783,0.054316815
344793,0.015716134
344814,0.04442381
344815,0.017656038
344818,0.018758178
344819,0.026538936
344826,0.13383514
344828,0.4807342
344835,0.031513974
344864,0.03139972
344869,0.14030002
344875,0.24428801
344883,0.011879483
344885,0.013078224
344887,0.05546155
344889,0.13816147
344892,0.25980055
344895,0.060041595
344913,0.020618133
344934,0.0072979606
344939,0.18700768
344947,0.25667295
344964,0.2374965
344969,0.04773534
344973,0.027476227
344977,0.07634332
344978,0.110895626
344991,0.047951672
345010,0.07734135
345011,0.041726712
345012,0.15127486
345020,0.023642804
345021,0.013646497
345042,0.0101564
345046,0.020544194
345070,0.039639592
345078,0.11576123
345085,0.1447176
345087,0.21823314
345093,0.034994207
345094,0.13273595
345097,0.067327715
345107,0.009816113
345109,0.18987787
345117,0.04195249
345118,0.0299977
345126,0.35598528
345142,0.01933075
345143,0.01916839
345149,0.018371113
345150,0.017727222
345154,0.426405
345174,0.021436766
345184,0.0514935
345193,0.04857246
345196,0.055110477
345202,0.02632475
345207,0.0565242
345209,0.21827744
345211,0.03954436
345212,0.12523554
345213,0.095287986
345218,0.018288735
345228,0.013403017
345234,0.024528056
345251,0.018183574
345252,0.04153811
345260,0.057023417
345269,0.010292215
345275,0.10684189
345300,0.009866775
345305,0.021797234
345306,0.14557622
345310,0.021109765
345315,0.298778
345324,0.029995974
345329,0.058185123
345359,0.18330912
345360,0.17009294
345364,0.012921239
345385,0.07420183
345387,0.010097043
345390,0.03765731
345402,0.26619363
345404,0.03581753
345405,0.022799432
345416,0.08507551
345425,0.15416998
345432,0.078383885
345437,0.30459163
345442,0.018413924
345450,0.06753363
345458,0.05103675
345467,0.07218087
345468,0.23068474
345470,0.06059222
345478,0.029609904
345479,0.09963897
345482,0.04286617
345489,0.109336905
345492,0.036621895
345499,0.1163143
345502,0.009387502
345515,0.05364868
345538,0.007391544
345542,0.04300071
345548,0.010330166
345550,0.041371148
345552,0.027108682
345557,0.019014573
345560,0.009388315
345563,0.036581445
345564,0.27071226
345580,0.024108434
345582,0.038990702
345583,0.017943567
345604,0.09383768
345622,0.048582792
345630,0.053098183
345634,0.06603694
345643,0.03671621
345646,0.012769331
345685,0.08429487
345687,0.011908742
345694,0.04361489
345717,0.040808484
345718,0.15157357
345726,0.09095536
345733,0.030638997
345738,0.043664273
345754,0.07085899
345761,0.039522693
345771,0.07541345
345778,0.03046616
345780,0.32210943
345788,0.08495179
345796,0.15334217
345800,0.20319627
345808,0.073391035
345812,0.008453713
345821,0.09722496
345822,0.10959465
345843,0.3008297
345853,0.043293476
345854,0.016717749
345857,0.006438301
345858,0.09828115
345867,0.018157633
345884,0.06486269
345892,0.035280004
345893,0.035825122
345896,0.031799544
345902,0.01747648
345906,0.041993476
345913,0.023699371
345916,0.07967004
345922,0.0671513
345923,0.2225761
345924,0.014608757
345935,0.08232087
345941,0.019066317
345948,0.08604621
345953,0.04266872
345958,0.025163954
345962,0.008493166
345966,0.14451982
345973,0.028650597
345976,0.07803313
345989,0.025653187
345999,0.03020506
346003,0.0201617
346014,0.07368613
346027,0.018921321
346036,0.10357189
346048,0.019707896
346052,0.015249159
346057,0.07407263
346058,0.10395611
346064,0.14271203
346076,0.15963653
346079,0.03075464
346081,0.044980627
346091,0.017092558
346099,0.11526383
346104,0.023731686
346111,0.030195892
346117,0.24280341
346118,0.07129036
346126,0.11029664
346135,0.0753961
346141,0.06782809
346150,0.07060126
346153,0.09909955
346155,0.041410387
346164,0.044333417
346166,0.116954036
346173,0.022723136
346179,0.025102954
346184,0.030301265
346188,0.021874415
346201,0.09035284
346207,0.08958033
346213,0.12253642
346219,0.0049590487
346245,0.033438746
346271,0.0307723
346273,0.15604173
346290,0.055216584
346300,0.14593038
346314,0.022317352
346328,0.010470207
346329,0.07421474
346338,0.010766661
346340,0.06732764
346341,0.026674746
346347,0.017545769
346358,0.43813294
346362,0.061571524
346373,0.012090351
346377,0.08759301
346379,0.5100965
346384,0.09672739
346387,0.04583705
346392,0.06901139
346396,0.037497416
346402,0.08855803
346405,0.075985976
346407,0.030909544
346409,0.059305202
346414,0.06919341
346423,0.04331492
346424,0.031126868
346428,0.009244134
346443,0.045892958
346444,0.011294249
346446,0.20732184
346449,0.10149061
346456,0.020272767
346476,0.02244222
346477,0.024514494
346480,0.035464957
346492,0.1283967
346526,0.027353555
346536,0.07440399
346539,0.00565467
346543,0.09496714
346544,0.012649391
346546,0.022236649
346591,0.21769287
346598,0.06716603
346599,0.02547975
346618,0.047288634
346620,0.012909834
346623,0.028458616
346631,0.018134817
346639,0.014147318
346657,0.015613836
346661,0.15633656
346671,0.08613148
346672,0.054956466
346694,0.015039804
346712,0.15388754
346714,0.047885768
346723,0.027548192
346727,0.16606566
346729,0.024892546
346747,0.0103371
346765,0.09684423
346775,0.117790796
346784,0.15994257
346797,0.032766286
346799,0.05209028
346802,0.012937883
346807,0.029767605
346822,0.05327502
346828,0.06709851
346836,0.14385483
346838,0.02292843
346841,0.099977404
346843,0.055487104
346848,0.10124789
346850,0.038880546
346851,0.04451852
346855,0.08918004
346856,0.04159964
346860,0.051801745
346870,0.13040246
346881,0.22784184
346884,0.03745473
346887,0.013899902
346890,0.004761315
346904,0.07477006
346912,0.014673056
346914,0.2221956
346923,0.014306975
346924,0.07248683
346926,0.077643454
346934,0.023562372
346936,0.003970657
346951,0.059507523
346952,0.027751885
346970,0.006052296
346982,0.09455669
346993,0.0060408562
347013,0.07198725
347018,0.043488186
347021,0.11260999
347031,0.021821054
347033,0.42249593
347039,0.08627328
347045,0.10566875
347046,0.10726154
347058,0.022135768
347071,0.12763287
347078,0.17782794
347079,0.105273716
347097,0.023546403
347101,0.063294835
347120,0.034831602
347121,0.04538712
347133,0.009258661
347161,0.12810245
347163,0.02590014
347173,0.010661555
347175,0.07353837
347181,0.008227697
347193,0.30587736
347196,0.28938627
347204,0.09189785
347205,0.13516828
347217,0.1777473
347229,0.023767984
347255,0.027816478
347261,0.047989387
347266,0.09335529
347283,0.041562926
347286,0.037539005
347302,0.020714162
347304,0.047675952
347321,0.06845244
347323,0.030102057
347331,0.17687346
347340,0.047162373
347350,0.08023536
347374,0.007371535
347379,0.077396154
347404,0.13487585
347415,0.07101482
347438,0.33895782
347439,0.04073253
347443,0.11752264
347450,0.19866462
347456,0.010493948
347458,0.284934
347463,0.034725986
347471,0.0341614
347476,0.035436448
347482,0.05955589
347483,0.01976039
347492,0.03242143
347498,0.024246179
347499,0.017274473
347501,0.04911814
347521,0.062516876
347527,0.009378093
347531,0.013909826
347540,0.016042344
347556,0.04106941
347575,0.021233285
347579,0.016426267
347581,0.07474714
347583,0.061774112
347611,0.033478096
347614,0.07161001
347621,0.079030894
347629,0.15293618
347639,0.12577012
347642,0.06796304
347650,0.06792455
347665,0.069018826
347674,0.016311841
347678,0.22437604
347689,0.036067296
347690,0.013699009
347708,0.14206003
347712,0.211255
347722,0.27707857
347728,0.034593023
347734,0.030634796
347736,0.21372174
347747,0.08594573
347748,0.016091961
347753,0.09669461
347755,0.20610264
347756,0.058959052
347757,0.023639185
347763,0.09494665
347770,0.109043986
347771,0.12326504
347784,0.018975347
347792,0.053138416
347793,0.09769121
347801,0.0428429
347808,0.17441012
347821,0.03541048
347824,0.19412114
347829,0.1384674
347841,0.36967105
347845,0.018072678
347846,0.40941185
347853,0.1631303
347854,0.03864276
347858,0.07765465
347859,0.015550113
347864,0.0052235243
347869,0.016975941
347876,0.044883918
347880,0.064937904
347884,0.011530752
347888,0.014730094
347893,0.018751157
347900,0.055614557
347902,0.031718705
347910,0.051529724
347912,0.008952671
347915,0.043961756
347916,0.08949545
347919,0.0143832285
347923,0.12079186
347952,0.55581003
348002,0.36303848
348003,0.012049709
348008,0.112659976
348014,0.023783915
348027,0.14926066
348031,0.02687955
348051,0.07124872
348060,0.05462001
348064,0.08099046
348066,0.07383429
348069,0.13401526
348077,0.11336423
348081,0.007441569
348087,0.08707704
348088,0.015062636
348094,0.1518466
348100,0.016674295
348119,0.04950033
348122,0.05486408
348141,0.27941954
348145,0.020434923
348154,0.018394066
348158,0.04899818
348163,0.23953654
348176,0.18785465
348177,0.010376169
348181,0.24181113
348190,0.08840308
348195,0.1385048
348197,0.078714795
348200,0.009584678
348209,0.043677833
348216,0.021715924
348217,0.036451932
348223,0.1699995
348228,0.02098808
348230,0.06009919
348249,0.025174858
348251,0.08631564
348261,0.093265615
348264,0.023436528
348271,0.0113248695
348273,0.069829606
348280,0.12016179
348283,0.0477368
348285,0.15103307
348306,0.11324512
348312,0.070938654
348327,0.03701606
348328,0.20431189
348344,0.015626462
348358,0.19226967
348361,0.047137573
348362,0.20166141
348364,0.018518524
348370,0.019123513
348380,0.06451789
348400,0.03881623
348420,0.22895642
348428,0.07108798
348430,0.029139968
348445,0.03484818
348460,0.10780508
348462,0.025295192
348465,0.07622624
348481,0.01665879
348482,0.022740895
348485,0.022096924
348491,0.13271613
348492,0.2201997
348522,0.29041967
348531,0.07309548
348536,0.02101361
348546,0.29571912
348547,0.03365957
348548,0.111016035
348551,0.017233182
348554,0.25896087
348564,0.06513631
348571,0.113598995
348577,0.13285753
348593,0.11222545
348595,0.21303038
348606,0.022776484
348621,0.0074373507
348630,0.067799784
348633,0.31727156
348644,0.11188663
348646,0.017155237
348680,0.014691267
348692,0.046609204
348698,0.100273974
348703,0.12595423
348712,0.06031649
348726,0.2399807
348727,0.009494969
348731,0.019631492
348733,0.049033158
348747,0.07944761
348753,0.013361955
348756,0.035075918
348760,0.08089173
348771,0.034894533
348785,0.024849886
348789,0.15186785
348793,0.006606915
348797,0.0052741393
348799,0.014989416
348811,0.06485497
348812,0.031870913
348818,0.027095323
348822,0.05869234
348833,0.102222845
348849,0.04227099
348875,0.03819205
348878,0.010870826
348879,0.027739862
348884,0.41000307
348887,0.017476948
348890,0.07810664
348901,0.018276855
348911,0.068487115
348936,0.013810683
348941,0.010535994
348949,0.032632887
348950,0.01488057
348952,0.0045501576
348954,0.035796475
348971,0.04977991
348979,0.1587882
348985,0.14130768
348989,0.05543665
348999,0.05458094
349006,0.09961066
349013,0.23841795
349015,0.02195182
349024,0.024146883
349033,0.028305424
349047,0.023217818
349060,0.02059172
349065,0.05656953
349071,0.33158833
349081,0.07522026
349088,0.049225993
349093,0.020818604
349101,0.024662107
349107,0.08439078
349113,0.036515277
349123,0.08361054
349125,0.031652227
349129,0.03968063
349131,0.083650224
349132,0.027810097
349163,0.027249573
349168,0.047727443
349172,0.025372801
349187,0.009513819
349192,0.17618561
349193,0.041981354
349203,0.033872142
349227,0.08300714
349234,0.1867891
349248,0.035221156
349249,0.033714674
349254,0.02621521
349259,0.15659776
349265,0.1309127
349276,0.034877364
349281,0.032674212
349283,0.06372323
349288,0.07825108
349297,0.1855985
349299,0.034332223
349304,0.00661622
349306,0.023034351
349310,0.17558049
349314,0.017413178
349320,0.071369015
349326,0.13985743
349329,0.024156678
349337,0.072951324
349357,0.026951037
349363,0.015550187
349374,0.013026491
349375,0.041635957
349394,0.056419395
349399,0.044034086
349404,0.01747811
349419,0.036778502
349422,0.17330465
349425,0.2852747
349432,0.02623289
349433,0.22524503
349436,0.009031821
349437,0.029950874
349439,0.026013115
349484,0.032341827
349488,0.07280776
349490,0.08462392
349538,0.15718296
349541,0.03209775
349543,0.021876838
349552,0.05987891
349560,0.12980841
349565,0.08681616
349570,0.05376084
349586,0.03813915
349589,0.03949443
349592,0.0620609
349596,0.096850656
349598,0.013338916
349601,0.030223278
349608,0.39985883
349615,0.117866896
349645,0.048485726
349654,0.12266268
349671,0.052311454
349679,0.08479431
349693,0.053752404
349706,0.22050692
349707,0.12324072
349708,0.048867784
349719,0.06525436
349727,0.27134702
349730,0.029065534
349735,0.11408686
349744,0.16233155
349745,0.04715154
349760,0.18860012
349765,0.06465647
349778,0.09491969
349787,0.07316163
349802,0.06525644
349812,0.30607224
349815,0.02026751
349847,0.065743074
349854,0.054441243
349855,0.22639357
349872,0.011166363
349873,0.15709296
349874,0.03033521
349886,0.014115027
349887,0.17832167
349911,0.029709965
349916,0.026494242
349920,0.23562235
349921,0.01696207
349929,0.061399948
349931,0.035661157
349935,0.01099127
349939,0.022862399
349960,0.031238724
349967,0.053438887
349969,0.11162806
349971,0.077266335
349977,0.022065438
349979,0.0745377
349981,0.05295092
349982,0.14892446
349992,0.016859
349994,0.0417154
350005,0.003958918
350006,0.01467342
350009,0.11778677
350017,0.020847386
350021,0.14556693
350023,0.049146395
350032,0.06985625
350033,0.09563491
350036,0.1856342
350037,0.038808063
350048,0.26308805
350052,0.14461996
350063,0.04058674
350077,0.06161489
350078,0.10302661
350086,0.22598615
350087,0.026035244
350107,0.008715207
350110,0.055231545
350114,0.041332096
350119,0.26551124
350139,0.021525975
350154,0.040542204
350174,0.11589164
350177,0.054520246
350190,0.35135183
350193,0.041766286
350203,0.011972904
350206,0.14616024
350210,0.064082146
350225,0.061044976
350242,0.018961975
350264,0.049140703
350273,0.016344504
350277,0.055149682
350283,0.022553185
350286,0.023994965
350288,0.019631382
350290,0.05695515
350293,0.034153096
350310,0.17585623
350327,0.17747134
350330,0.041953623
350334,0.15599166
350340,0.025709104
350342,0.1380232
350344,0.09760256
350370,0.022836337
350372,0.20535986
350376,0.10152044
350387,0.029003492
350389,0.07451705
350395,0.34337834
350397,0.18755223
350433,0.051062122
350436,0.24434738
350442,0.0048876153
350445,0.022891033
350446,0.17375232
350457,0.15702769
350480,0.033115998
350481,0.01158483
350484,0.07829096
350494,0.023277605
350511,0.034200583
350529,0.014691853
350531,0.021749524
350535,0.01485722
350539,0.011597619
350543,0.089510806
350544,0.047712706
350550,0.06409638
350558,0.028957801
350569,0.18148643
350571,0.12101063
350577,0.054581545
350582,0.07083671
350585,0.024260454
350596,0.014819607
350598,0.042889655
350599,0.12281442
350602,0.058631502
350612,0.016841259
350621,0.09663515
350626,0.041187167
350628,0.019629482
350638,0.09465516
350646,0.13993365
350652,0.016887603
350665,0.01989372
350671,0.049038757
350677,0.037566066
350694,0.13943005
350697,0.08864442
350699,0.15295586
350703,0.079908065
350705,0.28482047
350708,0.008639864
350724,0.04751777
350731,0.028006975
350740,0.039027337
350745,0.11826609
350749,0.023863675
350754,0.10606573
350757,0.0052895215
350764,0.07177437
350766,0.067721
350779,0.109886624
350794,0.04925763
350805,0.019129556
350810,0.07166535
350817,0.03791249
350825,0.024132028
350829,0.01832163
350832,0.026431477
350841,0.011541073
350855,0.013425077
350862,0.017557684
350867,0.042505812
350871,0.01178004
350874,0.07464927
350891,0.019543774
350895,0.067939244
350898,0.09604385
350899,0.012542463
350902,0.028394947
350913,0.059649397
350916,0.009445779
350933,0.031281784
350944,0.021219244
350954,0.17353989
350959,0.0077828737
350965,0.004825058
350969,0.046383742
350984,0.045897786
350997,0.017833991
350999,0.10397644
351002,0.19763285
351008,0.059494674
351014,0.07447293
351025,0.077123724
351026,0.036481295
351046,0.09416495
351048,0.0068830177
351070,0.049549386
351073,0.035488453
351079,0.03422471
351085,0.09450767
351091,0.043076977
351094,0.064622656
351115,0.026226053
351117,0.043438386
351126,0.05800767
351142,0.010806417
351151,0.010165665
351171,0.019032426
351178,0.023015285
351186,0.0073207994
351194,0.13434973
351201,0.019887794
351223,0.13659146
351225,0.17261465
351226,0.07924163
351227,0.10387714
351240,0.21147211
351243,0.0074795084
351244,0.19809201
351245,0.040101856
351248,0.043121394
351252,0.027921034
351259,0.10772306
351265,0.034762897
351291,0.062173318
351292,0.046289343
351294,0.05098058
351298,0.015162133
351303,0.16625562
351311,0.011665208
351326,0.051707588
351331,0.089562476
351338,0.04357098
351339,0.01810487
351364,0.0548995
351380,0.07219457
351383,0.051471192
351385,0.015087941
351386,0.044906627
351389,0.09511862
351392,0.14338204
351393,0.096808165
351407,0.25204933
351419,0.009711141
351422,0.016122218
351423,0.19443911
351430,0.04879493
351446,0.021407638
351454,0.06565168
351458,0.026342588
351461,0.0249823
351489,0.009118505
351495,0.021232592
351520,0.103153035
351526,0.12768161
351535,0.026485268
351541,0.01926999
351567,0.026927717
351580,0.076330915
351581,0.3205978
351584,0.017556556
351587,0.07392103
351589,0.10733301
351593,0.21251887
351616,0.08202433
351619,0.02362542
351625,0.07719913
351626,0.017323498
351635,0.017795203
351641,0.04166422
351655,0.025917415
351658,0.10039168
351669,0.1572369
351670,0.04123604
351671,0.03580654
351680,0.014803644
351687,0.008326666
351699,0.010918196
351722,0.04556654
351725,0.13814564
351740,0.05417754
351747,0.056025814
351758,0.029011732
351771,0.028293243
351780,0.045152403
351786,0.009241238
351789,0.029676415
351796,0.097418524
351801,0.04912503
351814,0.016803395
351817,0.08553073
351819,0.13418975
351825,0.18407649
351830,0.17109062
351831,0.10745323
351834,0.0251767
351836,0.08619783
351837,0.051157307
351838,0.067298144
351839,0.1405015
351846,0.25256467
351863,0.07363398
351864,0.014935877
351880,0.0505214
351887,0.14450203
351891,0.03515275
351892,0.11306382
351898,0.18956858
351907,0.09776544
351916,0.046468582
351936,0.037092894
351937,0.0427487
351945,0.12668492
351957,0.024636567
351958,0.026766742
351962,0.022212194
351967,0.06339993
351970,0.07343719
351973,0.08395758
351978,0.012055732
351984,0.017995603
351989,0.14646068
351992,0.078464195
352015,0.038503025
352036,0.010080066
352043,0.026267903
352049,0.05658933
352053,0.035698697
352056,0.008028895
352058,0.06769593
352064,0.008018894
352065,0.018895641
352075,0.020521335
352092,0.06345327
352096,0.021325523
352097,0.008395077
352102,0.014115843
352103,0.005175648
352117,0.04073322
352119,0.01040772
352139,0.12642635
352145,0.0057511814
352158,0.04851267
352198,0.07500463
352199,0.027304426
352200,0.15147965
352205,0.103826396
352241,0.026269982
352244,0.21760075
352258,0.07832904
352260,0.028917635
352266,0.034548935
352273,0.026167477
352283,0.018359588
352303,0.14966698
352304,0.21911977
352351,0.070283175
352353,0.04703154
352379,0.024606822
352389,0.17353977
352390,0.048891257
352391,0.09887693
352403,0.050316956
352407,0.016365148
352409,0.22665013
352421,0.012332876
352425,0.034504734
352447,0.02915905
352450,0.10256289
352451,0.14856508
352457,0.020589728
352468,0.24984482
352482,0.030144788
352495,0.014524702
352501,0.1249185
352506,0.38586012
352508,0.12707503
352522,0.20937595
352528,0.097716786
352539,0.0965542
352540,0.008850102
352551,0.10036576
352560,0.010554258
352561,0.19732237
352565,0.06619834
352566,0.024115391
352584,0.07403949
352592,0.026025863
352626,0.15320623
352650,0.00655753
352655,0.019972777
352668,0.2263
352670,0.01159968
352685,0.17735597
352690,0.11667817
352692,0.020401482
352694,0.041067053
352700,0.038854007
352701,0.042055473
352708,0.08324499
352711,0.17594145
352734,0.05088953
352738,0.13729797
352742,0.015391442
352745,0.16922837
352746,0.037355017
352751,0.0660535
352762,0.08575628
352767,0.016856661
352768,0.025777888
352785,0.013296346
352788,0.016955242
352795,0.040217645
352814,0.065636836
352825,0.06086991
352827,0.06590927
352828,0.020325838
352830,0.09260803
352850,0.03770749
352890,0.013421409
352901,0.010425164
352907,0.038791496
352909,0.19656093
352913,0.011387591
352925,0.044814486
352927,0.036025666
352928,0.07938267
352938,0.090364404
352942,0.06810012
352943,0.26126167
352952,0.026647244
352958,0.066760674
352962,0.05182583
352967,0.13380146
352972,0.033259183
352988,0.0057753786
352991,0.03198154
353002,0.0557653
353008,0.065631896
353011,0.020520398
353014,0.11891792
353018,0.01054104
353023,0.008515912
353029,0.013319325
353031,0.058062397
353035,0.11736533
353037,0.14653325
353042,0.04154134
353054,0.057439286
353078,0.029644184
353122,0.12695181
353123,0.04118242
353140,0.011738342
353145,0.04444924
353167,0.092659555
353177,0.09029723
353179,0.2895012
353185,0.024215266
353194,0.23957327
353195,0.07423173
353208,0.16466224
353210,0.034008086
353214,0.10738861
353215,0.059092775
353240,0.087866865
353241,0.13261652
353247,0.029076176
353259,0.072329275
353262,0.14480712
353264,0.104781605
353278,0.061276916
353279,0.07723073
353280,0.08167758
353287,0.19010372
353288,0.025585368
353290,0.051927183
353299,0.015604553
353314,0.13339256
353328,0.119196296
353340,0.025877122
353350,0.02568012
353352,0.0043598046
353364,0.05036841
353371,0.015492807
353373,0.0121473875
353374,0.106273815
353389,0.016943634
353395,0.1370557
353419,0.5723101
353427,0.0061617577
353441,0.09010373
353454,0.0076869456
353469,0.14603053
353475,0.16744941
353481,0.0056613656
353483,0.094729416
353484,0.12909746
353488,0.07552421
353496,0.008052776
353504,0.017712481
353505,0.09822085
353509,0.016113704
353527,0.054147396
353574,0.122992344
353585,0.117044315
353595,0.063290656
353598,0.011587095
353602,0.07034995
353610,0.24568996
353618,0.053757325
353625,0.016441505
353626,0.24728423
353631,0.014533858
353635,0.04403307
353654,0.055484083
353682,0.15155523
353688,0.1203324
353695,0.06808849
353711,0.008043925
353724,0.17202196
353729,0.05479625
353732,0.017882464
353749,0.14019522
353750,0.017589716
353752,0.11453168
353761,0.026509997
353782,0.006083401
353784,0.07675135
353801,0.009405545
353809,0.0768149
353812,0.07489696
353814,0.038323678
353821,0.038921934
353832,0.06074073
353845,0.07731316
353860,0.06717015
353863,0.017762262
353867,0.119532146
353876,0.047004536
353905,0.049738806
353923,0.020818993
353934,0.020930795
353943,0.0397339
353945,0.031983126
353973,0.022509221
353995,0.0088528
354001,0.043784924
354003,0.09904547
354011,0.0038523853
354020,0.04889288
354024,0.17621003
354027,0.033066247
354031,0.092900366
354036,0.019932818
354037,0.04296751
354039,0.019149998
354044,0.03370899
354058,0.014623721
354071,0.027121946
354080,0.14339554
354084,0.028939331
354085,0.03303361
354089,0.014785616
354099,0.016893566
354100,0.021410255
354104,0.01992483
354106,0.075185135
354107,0.12079456
354111,0.026267476
354114,0.18796004
354115,0.17433119
354122,0.18098126
354130,0.11734727
354139,0.12106093
354140,0.03185715
354145,0.025013104
354149,0.011779474
354167,0.012838252
354173,0.4644697
354176,0.020812368
354178,0.03306112
354182,0.025143767
354184,0.012220733
354186,0.04140254
354192,0.013978563
354209,0.042660188
354214,0.04458033
354218,0.16713479
354230,0.26066357
354251,0.014940067
354257,0.1000062
354264,0.22692457
354265,0.015943531
354267,0.049425066
354272,0.02071247
354273,0.1499835
354285,0.05153441
354298,0.15198885
354309,0.033234283
354312,0.06325439
354320,0.018454673
354322,0.05139741
354327,0.027548827
354333,0.14077716
354335,0.14037445
354344,0.15314426
354355,0.051684048
354358,0.023971016
354365,0.032891806
354368,0.11106471
354377,0.03877972
354386,0.031241724
354390,0.028259702
354394,0.010272475
354398,0.014916659
354402,0.03982179
354403,0.007356808
354406,0.2395509
354414,0.09582067
354421,0.023679333
354430,0.053091466
354445,0.096960075
354470,0.017134788
354479,0.026463028
354481,0.008776694
354483,0.18986724
354497,0.043129608
354511,0.050665062
354533,0.0141394595
354549,0.30664152
354561,0.28560525
354570,0.090922035
354571,0.06364433
354577,0.14172478
354586,0.09005956
354598,0.14836778
354601,0.038784012
354602,0.03391576
354603,0.054247096
354606,0.032579966
354612,0.010377506
354613,0.005856112
354616,0.11070512
354624,0.03804106
354625,0.39246565
354636,0.03623578
354639,0.0981604
354640,0.022976765
354644,0.058030102
354650,0.018625157
354666,0.10366262
354673,0.042008728
354674,0.036261126
354677,0.055285223
354684,0.07902333
354694,0.17588565
354698,0.03039133
354708,0.035207823
354709,0.0458683
354720,0.027605295
354738,0.029711971
354740,0.03965102
354757,0.04451855
354768,0.024473865
354775,0.1441815
354776,0.07046799
354792,0.10422884
354803,0.14646088
354809,0.024788499
354817,0.040929817
354818,0.008878405
354830,0.009063094
354832,0.09988876
354838,0.22012742
354839,0.04846245
354851,0.02847325
354861,0.06093923
354865,0.10568398
354890,0.12435302
354893,0.20499222
354898,0.05576985
354900,0.08652608
354910,0.23413575
354913,0.030208278
354937,0.01994598
354942,0.019787235
354953,0.011101154
354956,0.040265657
354958,0.04719287
354960,0.13228382
354984,0.10401325
354993,0.040264893
355017,0.206312
355025,0.053840607
355026,0.061010942
355041,0.13440187
355043,0.018005056
355048,0.021285262
355057,0.033326875
355071,0.060302705
355075,0.072364956
355081,0.026714068
355083,0.08410514
355090,0.040560644
355105,0.13335748
355107,0.017272012
355108,0.15157124
355109,0.13530453
355114,0.033912722
355117,0.099754445
355127,0.016288873
355148,0.021075271
355174,0.11539306
355180,0.04769189
355181,0.07546567
355184,0.19255093
355201,0.015487797
355207,0.0658836
355209,0.058823925
355217,0.052199967
355218,0.011612556
355237,0.019274632
355239,0.04131515
355241,0.12468594
355243,0.20857634
355250,0.1594204
355275,0.010059114
355282,0.019274635
355284,0.018385848
355287,0.11023726
355293,0.07917863
355296,0.03315646
355305,0.06439314
355312,0.098624215
355320,0.089641735
355327,0.044652637
355328,0.005962027
355333,0.017377643
355335,0.022277948
355336,0.065633185
355337,0.16456366
355338,0.06727878
355341,0.041666105
355355,0.1519102
355358,0.104404785
355360,0.25622135
355372,0.13178058
355382,0.012672167
355385,0.05984979
355393,0.35986444
355404,0.024498928
355408,0.031454418
355417,0.016933048
355418,0.03456855
355431,0.0157338
355434,0.030170258
355445,0.10888804
355502,0.031792182
355503,0.074941345
355511,0.04365123
355517,0.16821626
355519,0.09788858
355524,0.062386554
355536,0.02943714
355549,0.012327522
355550,0.091550745
355560,0.05290191
355569,0.0071143555
355571,0.011453102
355572,0.03153386
355575,0.038069732
355578,0.061500672
355584,0.12000289
355588,0.06996398
355592,0.12798294
355604,0.022301018
355638,0.057146065
355646,0.0552134
355649,0.035230517
355656,0.008628305
355657,0.02414625
355666,0.04844542
355681,0.18871966
355697,0.02510973
355700,0.0649464
355701,0.08252249
355703,0.09805377
355704,0.13456962
355708,0.011135815
355736,0.067006394
355743,0.09849584
355769,0.027961072
355773,0.0730495
355781,0.033071835
355785,0.07160797
355786,0.32491997
355798,0.01119626
355817,0.083794974
355819,0.045189485
355826,0.03506981
355842,0.097913325
355846,0.028128328
355855,0.02733128
355870,0.0378794
355873,0.007474582
355874,0.40475634
355876,0.16708891
355877,0.021418452
355880,0.016504893
355920,0.0449329
355922,0.0116728805
355930,0.01922726
355935,0.0109909745
355942,0.14335097
355963,0.029353678
355971,0.05835467
355973,0.01295386
355980,0.043760326
355981,0.061122574
355984,0.08790572
355987,0.17749432
355996,0.13514228
355997,0.008632699
356013,0.05240066
356016,0.03616506
356025,0.057180654
356027,0.008679997
356035,0.025792873
356036,0.11750491
356038,0.057563733
356041,0.011515252
356057,0.034738608
356063,0.05196957
356077,0.023267398
356080,0.18556908
356086,0.014977466
356102,0.03693477
356106,0.06069788
356118,0.08028532
356140,0.03951543
356150,0.24958922
356153,0.050619215
356159,0.064229
356163,0.12658858
356164,0.024833066
356168,0.169442
356169,0.016770663
356170,0.010777438
356199,0.04348401
356211,0.014244317
356220,0.041318238
356246,0.016816027
356249,0.021551576
356255,0.13151571
356258,0.07362888
356262,0.14661291
356273,0.0031936364
356279,0.19474395
356281,0.01616065
356308,0.077723175
356324,0.06773689
356327,0.05769755
356328,0.0039676954
356331,0.055487204
356336,0.04544283
356345,0.028996542
356382,0.030249998
356395,0.076534905
356399,0.11289043
356400,0.033330385
356413,0.052532803
356414,0.0631591
356418,0.042206712
356427,0.044203937
356433,0.016906224
356439,0.015819186
356444,0.03943078
356475,0.10628515
356480,0.072704986
356482,0.20870228
356497,0.010383658
356512,0.045208946
356517,0.3092471
356536,0.075525954
356539,0.034425024
356551,0.049859997
356556,0.1766998
356558,0.23227896
356559,0.015944587
356563,0.028584125
356578,0.057191502
356583,0.32492548
356584,0.12875457
356592,0.030100936
356594,0.016378663
356596,0.045811422
356597,0.009971323
356598,0.04252996
356602,0.02058543
356609,0.09402527
356624,0.066054
356626,0.064800605
356627,0.024966653
356641,0.08486167
356648,0.12551393
356649,0.06614124
356650,0.02768634
356651,0.009263137
356659,0.029105628
356676,0.102761745
356687,0.20905605
356689,0.041559905
356698,0.011316522
356726,0.031819265
356732,0.03920244
356741,0.2634606
356742,0.013821936
356746,0.024111504
356750,0.0893906
356754,0.09782876
356760,0.024588149
356762,0.029345047
356763,0.053448774
356777,0.0688703
356784,0.079546936
356795,0.12459443
356801,0.017442893
356802,0.019332198
356808,0.029949559
356813,0.06367236
356816,0.098544784
356818,0.25797382
356825,0.082341656
356828,0.02564851
356836,0.033707995
356854,0.05716166
356857,0.04038831
356865,0.020955898
356873,0.046865467
356879,0.007723674
356880,0.029043637
356885,0.077357635
356889,0.0137713365
356903,0.01738073
356905,0.013614277
356913,0.06286006
356916,0.0139746545
356939,0.06427526
356944,0.042660527
356952,0.25056756
356958,0.11274533
356963,0.024464099
356967,0.010680528
356970,0.06879619
356977,0.006122128
356980,0.05293818
356981,0.036269125
356983,0.051236976
356998,0.43121946
357005,0.027983256
357022,0.02913788
357032,0.09352278
357033,0.115756795
357035,0.027098754
357047,0.053765777
357054,0.009452362
357057,0.16943926
357069,0.07128877
357096,0.1103012
357102,0.15287659
357118,0.02963742
357124,0.040436085
357137,0.06286864
357138,0.05246927
357149,0.02633102
357151,0.09785033
357157,0.07198711
357158,0.19573697
357162,0.011809469
357163,0.04877216
357171,0.02287136
357175,0.007730438
357192,0.011345646
357200,0.07896579
357204,0.07640226
357206,0.050230343
357215,0.11216864
357221,0.021265065
357228,0.014526417
357247,0.037838303
357249,0.034114283
357268,0.036827553
357270,0.017277857
357279,0.09944824
357287,0.020463172
357293,0.021337625
357306,0.023426926
357308,0.22387056
357321,0.04367703
357326,0.16622442
357340,0.013636785
357342,0.23479904
357352,0.029574664
357361,0.04188283
357368,0.04620065
357370,0.040068015
357377,0.03717661
357382,0.0066401153
357383,0.019565163
357384,0.040200874
357398,0.04756568
357415,0.022707798
357420,0.17786631
357439,0.082259126
357440,0.016115079
357458,0.0146475565
357464,0.08375795
357467,0.016230267
357469,0.19309007
357472,0.19795437
357489,0.1088039
357504,0.29437315
357522,0.039336126
357527,0.023955956
357547,0.14134075
357550,0.06063228
357558,0.023768658
357559,0.06376089
357562,0.038133826
357572,0.024229871
357583,0.25701138
357585,0.17073919
357598,0.03209466
357607,0.020860361
357613,0.0161807
357627,0.061357796
357630,0.021512832
357631,0.17078984
357680,0.0042833285
357694,0.010633036
357698,0.12163244
357699,0.035772447
357707,0.030827843
357732,0.019573405
357748,0.17872801
357755,0.20265894
357767,0.11518975
357786,0.011146378
357791,0.06339618
357799,0.010084511
357824,0.013850818
357830,0.014521005
357832,0.08600919
357840,0.065322176
357863,0.12372397
357865,0.021838266
357868,0.20331764
357869,0.011817452
357878,0.026172513
357886,0.10627937
357891,0.015790414
357897,0.012312738
357915,0.22108461
357927,0.02918233
357947,0.016026808
357958,0.019534366
357959,0.015400125
357976,0.040655557
357992,0.32029587
357995,0.019515403
357996,0.04097796
358020,0.13683724
358022,0.15198117
358023,0.033766802
358029,0.017460382
358040,0.10742632
358059,0.025664322
358071,0.019049559
358076,0.035225734
358095,0.03304171
358096,0.034147196
358104,0.028595863
358110,0.048289206
358122,0.13386495
358137,0.014205823
358147,0.14197701
358149,0.0290252
358155,0.083402924
358161,0.073029935
358163,0.096588336
358172,0.07772425
358178,0.08002325
358183,0.14175437
358186,0.009805154
358189,0.050087307
358198,0.041780896
358211,0.095948055
358219,0.04567959
358220,0.049098354
358225,0.20463648
358231,0.0130764935
358233,0.018280338
358247,0.2434733
358258,0.09849786
358264,0.09851831
358271,0.3020995
358273,0.04177033
358275,0.034070395
358278,0.06972046
358287,0.06922714
358309,0.048120923
358327,0.050258785
358342,0.028101472
358348,0.055792503
358352,0.004421383
358373,0.12855089
358384,0.027804231
358394,0.032012537
358405,0.36133844
358409,0.0066804197
358412,0.17382352
358424,0.10719058
358427,0.009323564
358434,0.04131736
358444,0.23646939
358448,0.03114441
358449,0.056611232
358458,0.0047461614
358472,0.033963915
358483,0.06651105
358490,0.040446203
358503,0.014554963
358504,0.016184617
358505,0.021067074
358512,0.26733413
358513,0.038161267
358528,0.02743533
358532,0.027932744
358536,0.07905318
358538,0.050676268
358559,0.058824584
358590,0.103702635
358601,0.111425035
358627,0.041266434
358631,0.13508719
358632,0.04987874
358640,0.092302635
358649,0.1155799
358650,0.008498364
358653,0.006374803
358676,0.019740824
358679,0.03239671
358695,0.1271213
358703,0.043240972
358705,0.024293272
358710,0.010896729
358730,0.018754134
358731,0.036846265
358735,0.1631649
358744,0.08836197
358748,0.059243083
358750,0.013918751
358752,0.00662965
358764,0.0757548
358777,0.03571594
358786,0.18388751
358789,0.054273024
358805,0.11094087
358809,0.012380631
358810,0.041071326
358824,0.037437707
358829,0.17693569
358838,0.12767781
358840,0.063607834
358841,0.086405896
358854,0.047714427
358873,0.4346467
358879,0.07232243
358884,0.13295318
358885,0.010641485
358886,0.013322082
358892,0.0882382
358895,0.0768952
358906,0.016813947
358910,0.026835967
358911,0.015099041
358924,0.21353348
358929,0.03770062
358937,0.12955786
358949,0.23514387
358955,0.0292614
358956,0.18562284
358959,0.036503058
358960,0.028900228
358969,0.021917848
358983,0.011560715
358990,0.18797584
358992,0.0055384836
358994,0.022682864
359004,0.027095284
359015,0.026038256
359023,0.09227212
359030,0.018707328
359032,0.028898552
359038,0.053174116
359044,0.10567453
359049,0.07847808
359050,0.056807347
359064,0.014898104
359095,0.045128483
359100,0.21588555
359105,0.021979768
359116,0.14365324
359134,0.06019839
359136,0.17590266
359143,0.034776207
359147,0.01791841
359175,0.029649861
359182,0.037466776
359188,0.012788778
359196,0.016320022
359198,0.08226336
359202,0.018828407
359212,0.05311552
359229,0.08871482
359232,0.13270655
359247,0.023423342
359258,0.11534488
359260,0.17539315
359261,0.19283831
359262,0.33195698
359268,0.049485557
359285,0.015118376
359293,0.039574053
359294,0.013323368
359297,0.02799904
359299,0.023133337
359311,0.008686418
359319,0.053627867
359320,0.015985157
359322,0.12837225
359353,0.038677737
359355,0.09132607
359360,0.16151556
359367,0.028616553
359369,0.017513685
359372,0.010602994
359377,0.05823032
359381,0.016328366
359382,0.094983004
359387,0.07243996
359389,0.0121709565
359392,0.097431876
359437,0.19915806
359438,0.01806268
359440,0.05142848
359442,0.01916628
359455,0.02769346
359474,0.21288128
359475,0.09539412
359480,0.40544796
359485,0.12491514
359493,0.008186791
359497,0.016439639
359505,0.01781298
359506,0.025470907
359516,0.019709088
359518,0.009541795
359523,0.041894402
359547,0.24167489
359548,0.05066004
359556,0.06115308
359577,0.043802217
359580,0.31602508
359588,0.037133954
359590,0.020538509
359592,0.06514892
359599,0.03139113
359609,0.16726173
359611,0.055704925
359619,0.036424164
359623,0.16003585
359654,0.09902273
359666,0.012893609
359669,0.07830232
359672,0.032177687
359673,0.504504
359677,0.019495225
359685,0.04122983
359690,0.047819056
359697,0.027605264
359702,0.011281935
359707,0.08748682
359711,0.07465871
359719,0.059855614
359722,0.030301461
359726,0.13067134
359730,0.050550662
359731,0.10216954
359741,0.18107545
359743,0.14889714
359748,0.0121113695
359753,0.028404808
359758,0.37778905
359773,0.03139431
359780,0.045499966
359785,0.053690422
359800,0.017347738
359806,0.16637942
359809,0.105905816
359822,0.036862742
359828,0.1879832
359847,0.031765193
359855,0.028045932
359858,0.04306893
359864,0.023452543
359884,0.10480296
359886,0.028541341
359898,0.19700374
359908,0.15677822
359921,0.25494486
359945,0.04432263
359958,0.0036269012
359964,0.11059846
359980,0.043065265
359992,0.0412736
359994,0.075247444
360001,0.037931915
360004,0.025102459
360009,0.08500524
360020,0.056713946
360049,0.35590583
360058,0.03131695
360063,0.04206546
360064,0.010822981
360074,0.01733732
360095,0.068015054
360098,0.016119141
360099,0.0039312635
360100,0.06585479
360103,0.07027018
360106,0.033917807
360107,0.080030166
360124,0.12141431
360126,0.015434165
360138,0.09183355
360140,0.055757258
360141,0.0039507304
360149,0.19442457
360152,0.19078286
360165,0.03189137
360171,0.021458657
360176,0.287358
360183,0.05901611
360186,0.0053860694
360189,0.2078868
360191,0.19237387
360199,0.31806937
360204,0.025806624
360205,0.04949925
360217,0.09691196
360225,0.058577314
360231,0.038808357
360238,0.019387625
360248,0.4900214
360249,0.029986477
360254,0.30330062
360256,0.090653025
360257,0.036816977
360258,0.097032174
360277,0.12037291
360279,0.21063446
360280,0.26262733
360281,0.11976436
360283,0.045830783
360290,0.057052042
360312,0.029910399
360316,0.029083418
360320,0.014148196
360324,0.10396411
360333,0.030918559
360339,0.021501685
360347,0.018844927
360359,0.16140154
360360,0.35690463
360367,0.048461646
360372,0.03929559
360382,0.037855
360386,0.077609226
360400,0.0152868405
360411,0.060889576
360412,0.071706176
360415,0.07195625
360419,0.09248335
360421,0.02132632
360427,0.006461598
360429,0.17472945
360438,0.012838088
360439,0.0078024035
360445,0.106386326
360454,0.22131425
360458,0.056753147
360467,0.015548369
360469,0.024473721
360471,0.03741445
360472,0.022733483
360475,0.0373595
360478,0.12596138
360479,0.025105411
360480,0.08622948
360484,0.02879042
360496,0.018254602
360504,0.039839122
360517,0.036077406
360518,0.15045321
360526,0.07622946
360530,0.07779126
360535,0.12688772
360538,0.038307592
360539,0.07254879
360545,0.0103241075
360569,0.061816968
360579,0.10458962
360580,0.0550169
360611,0.016039409
360612,0.029996376
360626,0.014712617
360628,0.013121685
360631,0.07305324
360633,0.027048243
360640,0.015267191
360643,0.2656535
360645,0.028723728
360663,0.0089594
360666,0.032340653
360678,0.021410175
360683,0.06683532
360707,0.08460362
360715,0.12700912
360723,0.18269604
360727,0.013067845
360733,0.14796454
360746,0.009291844
360759,0.011395073
360767,0.10984816
360769,0.032391362
360770,0.013041617
360779,0.032016143
360791,0.078410104
360792,0.011418118
360801,0.14536266
360812,0.062465403
360814,0.011893461
360828,0.06538602
360830,0.19811939
360837,0.05210622
360838,0.09846128
360844,0.041871604
360860,0.009986644
360864,0.023893006
360871,0.03856212
360872,0.120671034
360877,0.13247617
360880,0.041881707
360881,0.01469436
360882,0.05318086
360884,0.010829486
360885,0.040608164
360889,0.12736592
360893,0.10423419
360898,0.07315324
360933,0.40004525
360941,0.0759847
360942,0.042954326
360943,0.015370392
360960,0.031905357
360973,0.2669936
360979,0.0341225
360987,0.05074219
360988,0.030289259
360999,0.103110254
361001,0.012557337
361005,0.14960927
361007,0.099924214
361024,0.01623434
361028,0.054638695
361051,0.04533678
361072,0.016206793
361086,0.09644365
361093,0.17614712
361098,0.023989592
361124,0.037261445
361130,0.021249397
361132,0.08518096
361133,0.010942023
361135,0.10416645
361148,0.23861675
361150,0.02071896
361152,0.03597079
361154,0.07295382
361158,0.018887732
361171,0.06165329
361175,0.043682892
361177,0.012215225
361195,0.10065036
361200,0.018357934
361203,0.16378213
361205,0.028541328
361214,0.07412535
361217,0.045269277
361226,0.042642586
361232,0.04813522
361236,0.075369276
361249,0.013137676
361251,0.22134717
361252,0.06341107
361284,0.07448863
361289,0.04545272
361297,0.015571114
361304,0.0819005
361311,0.06851949
361334,0.12047305
361339,0.024837727
361340,0.040756624
361348,0.07190188
361352,0.01250788
361354,0.085145384
361355,0.12291277
361370,0.13909248
361390,0.035667602
361392,0.041093145
361397,0.11127453
361402,0.035478547
361405,0.0882929
361406,0.028223896
361426,0.016516933
361431,0.077391945
361440,0.010174065
361451,0.2695807
361469,0.14311154
361473,0.070338875
361497,0.03651257
361511,0.0120238345
361515,0.006534697
361525,0.02295242
361540,0.02254751
361557,0.0806646
361560,0.0653447
361565,0.035165597
361569,0.03442133
361570,0.05861383
361578,0.00824241
361580,0.13371742
361585,0.028558137
361589,0.026789352
361591,0.0120984875
361599,0.044746302
361603,0.017437149
361605,0.04284353
361606,0.31114632
361615,0.14074558
361622,0.016388714
361627,0.021858888
361632,0.053386893
361636,0.026356546
361637,0.119347915
361638,0.07415797
361639,0.01894086
361651,0.035941795
361662,0.22355576
361684,0.02178138
361693,0.05973003
361697,0.0943894
361710,0.019597845
361713,0.18038566
361729,0.062998466
361785,0.012756209
361796,0.058124255
361805,0.08074336
361811,0.056355815
361812,0.03906177
361819,0.32351047
361828,0.026918605
361833,0.011860378
361836,0.0569023
361839,0.03370301
361855,0.018680971
361866,0.111763895
361870,0.022639928
361873,0.023834802
361885,0.06165119
361896,0.051822804
361913,0.033963796
361919,0.022879668
361932,0.2390168
361933,0.071217895
361935,0.1326857
361939,0.038831346
361946,0.010018186
361947,0.03435725
361949,0.05083022
361951,0.11139735
361962,0.066300094
361972,0.039484736
361975,0.035933692
361989,0.025946949
362004,0.12332665
362012,0.007668748
362014,0.03386034
362016,0.010637154
362028,0.058721896
362033,0.018304262
362034,0.19199875
362038,0.0109283095
362052,0.06839203
362061,0.04294381
362063,0.11374136
362070,0.05029469
362072,0.0070252214
362075,0.022308623
362079,0.10973263
362086,0.02539226
362091,0.1955672
362094,0.08898848
362101,0.006115462
362112,0.04360339
362115,0.30256018
362117,0.08197422
362121,0.43740913
362128,0.12561986
362130,0.029875394
362135,0.115750305
362142,0.042173967
362146,0.09926621
362149,0.060836524
362157,0.04838819
362165,0.010998804
362166,0.043878533
362167,0.023227608
362173,0.047019128
362187,0.0515958
362197,0.054102845
362206,0.06705287
362207,0.031014113
362210,0.010777184
362216,0.05211064
362219,0.26926354
362221,0.054744873
362224,0.020236805
362228,0.026698465
362236,0.016834082
362242,0.037430327
362251,0.046788666
362252,0.033896957
362257,0.04488635
362284,0.032072145
362286,0.033496656
362298,0.07264233
362300,0.15143399
362306,0.023067823
362308,0.29570422
362315,0.02967456
362318,0.043740597
362322,0.016503353
362332,0.036231685
362338,0.099608906
362341,0.19681643
362347,0.3191071
362348,0.07787016
362361,0.22408763
362365,0.03228008
362369,0.11779533
362373,0.022732276
362376,0.10194354
362384,0.01793159
362386,0.044682488
362387,0.015000953
362389,0.015979113
362393,0.054598615
362412,0.013116085
362420,0.06316363
362426,0.20596883
362432,0.02961657
362445,0.51130545
362450,0.028074535
362452,0.19648762
362465,0.028532702
362468,0.16519476
362474,0.10303509
362484,0.017855877
362487,0.11263822
362512,0.028953783
362530,0.02238523
362531,0.05404123
362552,0.030600533
362555,0.08154566
362556,0.067536704
362563,0.11109875
362572,0.023312153
362579,0.040010877
362580,0.1822923
362597,0.050250344
362635,0.013220613
362637,0.05807327
362641,0.092591435
362652,0.053785905
362657,0.025389677
362660,0.01059098
362661,0.039321054
362671,0.015321519
362675,0.09028957
362680,0.02485107
362682,0.028430473
362685,0.12000543
362697,0.005296127
362700,0.38663843
362702,0.0488935
362705,0.0848374
362707,0.079338126
362710,0.10364598
362711,0.104044825
362718,0.08447031
362723,0.022754489
362730,0.018688565
362742,0.12681082
362781,0.033914957
362789,0.16113663
362790,0.03788617
362795,0.01681427
362799,0.050752472
362800,0.14544338
362803,0.01394395
362808,0.08228098
362814,0.041272935
362820,0.018883662
362826,0.044848494
362831,0.07341252
362833,0.07121028
362839,0.15585163
362852,0.08090508
362872,0.040373
362882,0.060680203
362885,0.20775333
362889,0.016743314
362890,0.08683216
362891,0.08861305
362900,0.09469483
362907,0.021449672
362908,0.034911092
362953,0.033027474
362967,0.16270176
362982,0.0069618076
363015,0.027469702
363027,0.029071849
363035,0.022538347
363039,0.09091607
363045,0.06906645
363048,0.16984285
363057,0.30734524
363059,0.07852156
363063,0.082863994
363080,0.024915783
363082,0.15838923
363090,0.16019343
363094,0.06120933
363106,0.009185315
363114,0.22049233
363118,0.22936976
363121,0.03832713
363128,0.038871586
363136,0.041457232
363141,0.014962398
363142,0.023974875
363147,0.015901884
363151,0.027361363
363153,0.04703862
363158,0.0041467026
363171,0.009262494
363174,0.05246955
363180,0.020198843
363187,0.015643487
363191,0.0771955
363192,0.018996857
363196,0.028777376
363199,0.030607386
363209,0.03290002
363210,0.110085376
363212,0.09126693
363227,0.10022071
363231,0.109870955
363232,0.015539432
363243,0.042156912
363253,0.04572139
363285,0.032489903
363299,0.04285023
363310,0.026902951
363311,0.026226966
363316,0.14360738
363322,0.39994252
363329,0.012969147
363331,0.06651792
363334,0.074869655
363339,0.012152463
363340,0.4338227
363341,0.01160249
363343,0.29957718
363347,0.052097853
363350,0.021284115
363377,0.137183
363379,0.058916774
363382,0.040895164
363386,0.0732062
363387,0.014378153
363388,0.005782006
363391,0.007740697
363394,0.047506947
363397,0.033356905
363405,0.09104502
363422,0.0072488976
363427,0.08640625
363455,0.05774654
363467,0.10476782
363493,0.10837187
363508,0.04641955
363514,0.43317273
363525,0.04215049
363530,0.14211123
363531,0.015512122
363538,0.0361715
363539,0.025912812
363542,0.022149546
363543,0.062818974
363551,0.3486144
363568,0.04233495
363576,0.13528019
363580,0.1642752
363582,0.02943633
363598,0.027267206
363601,0.03484263
363611,0.101682425
363612,0.0132410135
363618,0.017991163
363623,0.16237317
363624,0.14129296
363642,0.052781057
363645,0.2653676
363651,0.3144504
363657,0.028834604
363663,0.086452544
363667,0.013319707
363687,0.08565994
363704,0.015998919
363705,0.060174704
363717,0.041253105
363725,0.030951208
363728,0.013141384
363733,0.053360462
363744,0.051322233
363745,0.03268446
363756,0.04785723
363759,0.07796178
363760,0.05145839
363762,0.0067769303
363768,0.094907895
363777,0.10275269
363782,0.020424776
363785,0.010941228
363797,0.045560498
363815,0.013192395
363822,0.022438867
363834,0.17604347
363842,0.1480785
363845,0.37875295
363846,0.06414939
363849,0.029342616
363850,0.04073893
363853,0.020090278
363859,0.09920459
363860,0.017686656
363877,0.030205974
363881,0.03339782
363893,0.01754088
363902,0.05504823
363903,0.059875216
363916,0.056032263
363924,0.09064885
363940,0.07807336
363944,0.047508296
363955,0.22912061
363960,0.01237095
363984,0.030033914
363990,0.047882613
364009,0.080669545
364014,0.10941773
364035,0.035439186
364043,0.0112437075
364065,0.016919766
364067,0.013666371
364068,0.068039365
364072,0.20053662
364079,0.07070206
364094,0.21263528
364096,0.017803565
364105,0.14370526
364109,0.02332864
364122,0.1057365
364141,0.03603243
364146,0.21033984
364147,0.07999919
364151,0.046221543
364152,0.005543412
364156,0.08041572
364160,0.080748774
364171,0.014161264
364183,0.005829978
364199,0.022079468
364206,0.026814433
364220,0.080058455
364222,0.023208752
364224,0.2166491
364232,0.038883176
364248,0.039717805
364251,0.03244124
364274,0.044501606
364286,0.03292648
364289,0.009708898
364290,0.03627165
364291,0.04103264
364292,0.017951207
364308,0.03231338
364310,0.07814273
364311,0.0952586
364312,0.2545188
364314,0.12514193
364337,0.056588966
364339,0.067735754
364357,0.3743374
364359,0.048878733
364371,0.074323356
364374,0.11898087
364378,0.080534786
364382,0.12356712
364397,0.035350215
364401,0.047363225
364403,0.010145394
364411,0.1453439
364413,0.048436288
364414,0.024564324
364415,0.051923927
364418,0.016879538
364428,0.05304613
364430,0.0037289683
364436,0.13504104
364451,0.026983187
364457,0.027185997
364461,0.042849652
364471,0.1204967
364472,0.06898597
364481,0.42407298
364482,0.013798894
364484,0.2759164
364492,0.10671784
364494,0.04168012
364507,0.027329678
364508,0.16396563
364537,0.043308694
364538,0.02995494
364539,0.19939153
364547,0.28794938
364561,0.08643831
364586,0.20900534
364603,0.02015514
364622,0.012245214
364660,0.021990903
364662,0.026582321
364669,0.25094402
364698,0.06492271
364699,0.024299623
364700,0.023092678
364702,0.08395923
364710,0.17143625
364714,0.022837305
364731,0.052082513
364738,0.008971974
364739,0.030827563
364743,0.016129488
364762,0.07758517
364767,0.119901866
364775,0.014743893
364781,0.042304814
364783,0.019046025
364796,0.011179354
364810,0.034812585
364815,0.3034573
364823,0.02399992
364826,0.034069028
364837,0.062379755
364839,0.1981879
364844,0.046664275
364851,0.06570562
364853,0.068594776
364854,0.04179889
364858,0.013870945
364872,0.06129129
364875,0.048402082
364877,0.07569207
364878,0.022277761
364884,0.007921249
364907,0.0927276
364911,0.12501682
364916,0.13127661
364920,0.025188522
364927,0.047667995
364944,0.060724713
364948,0.2131023
364950,0.066807106
364953,0.009502789
364955,0.11503154
364959,0.05234331
364966,0.0825356
364971,0.04050256
364979,0.12861837
364980,0.021382732
364982,0.15648365
364984,0.06692082
364993,0.012892007
365001,0.00976422
365030,0.06811566
365035,0.072461545
365044,0.014107451
365046,0.030285
365050,0.030927328
365051,0.15643387
365054,0.14326356
365055,0.022548877
365064,0.10412768
365069,0.20970997
365092,0.042857144
365102,0.07441201
365109,0.02793361
365110,0.028976846
365117,0.011275223
365120,0.070594124
365128,0.09576209
365131,0.120458476
365136,0.07397897
365151,0.08948877
365153,0.13431971
365154,0.032360476
365160,0.017615484
365166,0.028811194
365171,0.026701065
365181,0.064567424
365194,0.14183421
365210,0.07584984
365221,0.06970027
365234,0.019453054
365252,0.05289836
365254,0.24004734
365264,0.07998495
365276,0.02328143
365282,0.01194641
365284,0.046077583
365290,0.013239848
365317,0.05780575
365329,0.16076767
365353,0.039740816
365356,0.09116896
365358,0.041275073
365374,0.19561948
365392,0.06808647
365396,0.016242703
365408,0.07656472
365412,0.014096757
365429,0.028405802
365431,0.06769751
365435,0.14313675
365439,0.10157403
365473,0.060266577
365476,0.034177113
365486,0.032544818
365497,0.041553505
365518,0.074315175
365519,0.05139907
365520,0.28270674
365523,0.036454428
365531,0.05662639
365532,0.01761852
365534,0.055613477
365544,0.2038391
365552,0.08165514
365564,0.021454707
365569,0.01809584
365570,0.048455786
365575,0.37380818
365576,0.07010815
365585,0.045368575
365595,0.032363173
365612,0.040935118
365613,0.17081031
365624,0.026888188
365631,0.07445237
365634,0.053433634
365643,0.032042015
365644,0.056003593
365663,0.061564665
365666,0.041181874
365672,0.09486312
365676,0.18069187
365680,0.023398198
365696,0.074523255
365699,0.07737236
365706,0.015432236
365707,0.02459965
365711,0.038648784
365716,0.02304314
365717,0.0063901553
365718,0.009342187
365757,0.060190372
365770,0.112826236
365776,0.02697821
365781,0.19672602
365784,0.00918128
365787,0.02431152
365805,0.16060418
365820,0.00599035
365831,0.09639035
365836,0.13346326
365837,0.12609893
365859,0.56771064
365861,0.028982174
365863,0.051258363
365872,0.05624289
365877,0.017425593
365882,0.09479613
365893,0.08548546
365894,0.12727712
365900,0.046314854
365910,0.02354574
365913,0.01973626
365916,0.06989161
365923,0.09517256
365946,0.33488038
365948,0.08110695
365951,0.032832634
365965,0.11782832
365966,0.0765828
365975,0.043017823
365979,0.4495772
365989,0.089646965
365991,0.4043043
365992,0.054620583
366001,0.13069934
366010,0.16660066
366013,0.14091724
366028,0.031110303
366036,0.016127294
366038,0.03019377
366044,0.019418363
366048,0.090523966
366060,0.018142635
366067,0.09375076
366071,0.090337485
366078,0.040770404
366081,0.016063606
366082,0.02709639
366093,0.12811905
366099,0.04176782
366103,0.021133319
366105,0.047613297
366111,0.042038225
366112,0.041507855
366125,0.05198783
366144,0.120075956
366147,0.029156566
366149,0.38127568
366166,0.015990559
366168,0.35309798
366173,0.040604588
366178,0.025886074
366180,0.08986271
366209,0.02124177
366213,0.04661236
366214,0.08888233
366215,0.026005674
366220,0.015657842
366226,0.037235413
366230,0.28542572
366236,0.32590082
366245,0.032903
366282,0.15488505
366286,0.055692386
366295,0.03787734
366296,0.045829833
366297,0.2583917
366300,0.05092745
366303,0.024098491
366307,0.089749716
366314,0.08289593
366320,0.016164161
366321,0.016292563
366327,0.016000675
366330,0.02307542
366332,0.13180564
366334,0.018774383
366341,0.044096127
366363,0.021317484
366367,0.09761619
366369,0.12315907
366382,0.035975672
366394,0.23122424
366396,0.017751666
366398,0.09706542
366406,0.07528352
366414,0.012528428
366417,0.064962804
366419,0.06895546
366422,0.021552723
366436,0.0095356135
366442,0.20607615
366451,0.20561872
366455,0.08731141
366458,0.04053714
366460,0.040448252
366466,0.07665885
366473,0.12041467
366502,0.018573461
366505,0.386442
366526,0.1209667
366530,0.17987226
366532,0.020044776
366539,0.025335144
366541,0.0905723
366542,0.023743527
366553,0.013496301
366571,0.05498157
366582,0.0047793323
366583,0.077446096
366589,0.4180146
366595,0.23451538
366606,0.02932589
366611,0.04093872
366613,0.19378456
366615,0.060892068
366616,0.14336993
366624,0.116393976
366632,0.025742983
366649,0.016641684
366650,0.109747715
366657,0.031263843
366664,0.052384503
366666,0.022322888
366674,0.09533698
366676,0.029422387
366677,0.060879946
366688,0.04932189
366689,0.11976797
366693,0.025258774
366696,0.09960918
366698,0.065251864
366700,0.01867738
366703,0.29987544
366709,0.06690438
366711,0.017808976
366725,0.05168209
366741,0.03188178
366742,0.008461711
366747,0.010655903
366750,0.008143043
366754,0.03843208
366762,0.027678238
366774,0.05958535
366781,0.012605503
366784,0.053018782
366789,0.023983428
366790,0.076497525
366797,0.02304111
366806,0.024018781
366820,0.010480948
366845,0.17453875
366858,0.09188961
366860,0.03355025
366874,0.029862475
366876,0.098782115
366879,0.018797487
366884,0.0743646
366886,0.025714986
366905,0.3479903
366908,0.08680327
366909,0.16457504
366917,0.037142325
366921,0.11627979
366927,0.017853804
366936,0.095143795
366952,0.056749534
366962,0.22536457
366964,0.2220159
366965,0.029372634
366981,0.013877638
366988,0.028108066
366992,0.023754438
366998,0.18976635
366999,0.035092536
367017,0.010027312
367023,0.12994942
367024,0.025831152
367025,0.126605
367037,0.021111349
367040,0.12737256
367043,0.02151091
367052,0.016753962
367056,0.023046548
367064,0.07912649
367075,0.05581937
367089,0.04688221
367098,0.045565743
367119,0.088766836
367124,0.062044963
367134,0.27608567
367136,0.07415538
367138,0.026920592
367153,0.05175725
367158,0.060024314
367169,0.053549062
367179,0.0629473
367180,0.027406188
367212,0.03866891
367216,0.28931853
367217,0.016167589
367220,0.007081191
367224,0.047349706
367241,0.037317157
367245,0.07359672
367256,0.13291454
367266,0.012370308
367283,0.025324842
367290,0.06801412
367295,0.033756945
367310,0.022758795
367315,0.18341975
367322,0.13419946
367332,0.020265741
367338,0.10605979
367347,0.12691994
367381,0.07214313
367383,0.076845
367386,0.042976588
367392,0.014471731
367399,0.21244435
367411,0.019060776
367414,0.013406491
367436,0.027894542
367439,0.045087803
367440,0.11153592
367465,0.16246343
367466,0.24639052
367478,0.13804096
367479,0.0859525
367481,0.038000144
367505,0.088555895
367515,0.0374778
367516,0.030857053
367526,0.123745695
367527,0.17402656
367533,0.14407189
367535,0.12885176
367545,0.1789082
367546,0.026205199
367547,0.033509873
367555,0.062446147
367557,0.051888578
367558,0.16686408
367573,0.021843202
367580,0.27758032
367581,0.010783245
367582,0.1108114
367588,0.045550924
367601,0.03986179
367617,0.09890506
367624,0.05978838
367626,0.047422364
367632,0.10165762
367651,0.021334149
367663,0.011840661
367674,0.025416002
367677,0.39572078
367678,0.031321168
367691,0.02831099
367698,0.01023902
367710,0.055273302
367712,0.048748583
367727,0.14812244
367739,0.07185712
367740,0.13170898
367746,0.03871925
367759,0.024175461
367770,0.20479818
367780,0.030762425
367783,0.102751926
367787,0.028580032
367791,0.18663143
367797,0.07042867
367799,0.061434187
367811,0.004151013
367817,0.022972435
367827,0.10261278
367829,0.16728024
367830,0.2502874
367837,0.15317665
367843,0.0075908573
367847,0.03489141
367849,0.11514454
367854,0.021060437
367855,0.034659516
367862,0.01340502
367863,0.13453037
367868,0.018915188
367873,0.25251928
367879,0.04828602
367889,0.2136914
367890,0.16842076
367892,0.0061878418
367893,0.020355236
367895,0.051993903
367896,0.017501513
367898,0.013392489
367903,0.021645086
367906,0.053092312
367919,0.0132546155
367927,0.021216827
367931,0.09680028
367935,0.105605595
367945,0.024859795
367947,0.31117606
367952,0.057665054
367958,0.08793132
367971,0.017833231
367975,0.38776824
367983,0.20988223
367994,0.06533487
367998,0.028661609
367999,0.005956854
368005,0.03967484
368029,0.055592973
368034,0.01499424
368036,0.07536648
368041,0.00523159
368064,0.009632378
368066,0.009218467
368079,0.10336296
368082,0.012419884
368090,0.11812808
368092,0.043884616
368097,0.011949152
368107,0.15402329
368127,0.13081285
368129,0.14132302
368134,0.2093513
368150,0.11893961
368166,0.085743666
368172,0.016906472
368179,0.0063191894
368185,0.09052573
368193,0.07338675
368207,0.11048215
368251,0.055906903
368253,0.04277655
368256,0.12837347
368257,0.044796284
368263,0.021719312
368271,0.10133357
368273,0.021560391
368279,0.055015936
368281,0.2220167
368282,0.2096101
368288,0.14900635
368303,0.018994926
368315,0.08643258
368323,0.008212202
368324,0.017897118
368326,0.021327091
368334,0.027055956
368337,0.028567512
368351,0.06053788
368353,0.403919
368358,0.18789257
368389,0.019448012
368392,0.25483245
368393,0.027889976
368415,0.07685746
368424,0.06834599
368436,0.01585425
368448,0.01812647
368456,0.034269422
368457,0.010206024
368465,0.12424867
368484,0.13677694
368485,0.24928948
368487,0.05541998
368489,0.033488315
368493,0.06840685
368509,0.040470548
368513,0.10504563
368523,0.05115389
368530,0.022100369
368539,0.09349067
368543,0.3059739
368544,0.009127815
368557,0.09476533
368561,0.012028961
368577,0.060535356
368579,0.008554775
368580,0.104368776
368583,0.024946587
368589,0.01035757
368594,0.036409933
368598,0.012131371
368621,0.046034444
368622,0.1553425
368627,0.0097154705
368628,0.047442917
368633,0.19977753
368638,0.114718124
368645,0.08807504
368646,0.18504986
368652,0.036021784
368659,0.012220156
368672,0.24015939
368679,0.06923638
368683,0.2183298
368697,0.018392038
368702,0.23950669
368707,0.032188628
368715,0.2732351
368740,0.019177156
368754,0.024816057
368765,0.11090766
368770,0.05830684
368777,0.12076276
368780,0.09723707
368782,0.15003815
368784,0.19357856
368790,0.1602427
368792,0.008941989
368793,0.038413465
368811,0.0195148
368816,0.0771031
368819,0.06621964
368843,0.009748317
368853,0.0074015465
368857,0.06442725
368858,0.1720247
368887,0.047228433
368898,0.0220653
368909,0.055795003
368919,0.0060223886
368930,0.048977833
368944,0.10306062
368949,0.037105925
368953,0.040940497
368956,0.039658956
368959,0.06602623
368968,0.047158502
368971,0.06558288
368974,0.045000713
368975,0.033406682
368983,0.038484477
368991,0.043526053
368994,0.02158909
369001,0.14425495
369004,0.06988617
369016,0.003421507
369030,0.010546364
369047,0.019996176
369055,0.11149517
369067,0.03223501
369068,0.1611293
369096,0.0978275
369103,0.04675351
369105,0.111447774
369107,0.3755784
369109,0.07083499
369130,0.026998196
369133,0.021012157
369144,0.02533711
369150,0.018626582
369152,0.048442706
369156,0.022793464
369180,0.030098932
369183,0.087420985
369184,0.4345414
369186,0.06597738
369187,0.030214343
369200,0.014964452
369201,0.035606142
369220,0.040348154
369223,0.009960596
369233,0.013440939
369240,0.10344592
369254,0.023860676
369264,0.11314264
369266,0.07867787
369272,0.04403561
369283,0.02658651
369295,0.03902428
369300,0.00955818
369302,0.009609497
369305,0.046771377
369322,0.015928075
369334,0.1352295
369350,0.016030299
369355,0.06294154
369361,0.077043906
369367,0.010544024
369371,0.014393784
369373,0.10068855
369375,0.12377956
369385,0.014359764
369394,0.08441173
369398,0.045504138
369408,0.046615265
369413,0.13406837
369419,0.037568696
369424,0.047999468
369439,0.036391117
369466,0.07882722
369482,0.030007409
369494,0.032720752
369504,0.0059572808
369512,0.20158543
369528,0.042646695
369531,0.060862377
369540,0.049579665
369547,0.021310909
369565,0.017529149
369569,0.027162831
369581,0.13960199
369583,0.059908018
369593,0.09988701
369601,0.052813128
369608,0.029989414
369612,0.09968777
369615,0.04816115
369621,0.11353585
369636,0.008619254
369648,0.11427443
369649,0.46561608
369651,0.016260695
369659,0.037210155
369666,0.015788687
369684,0.052888636
369686,0.24713203
369698,0.08168552
369701,0.031063646
369712,0.023066532
369717,0.0132192075
369722,0.03282108
369732,0.3852365
369740,0.31785208
369751,0.04495809
369755,0.016587218
369757,0.045344826
369761,0.06910486
369767,0.09897423
369782,0.07475217
369788,0.042666644
369790,0.07333878
369791,0.013766422
369792,0.025801321
369803,0.026299743
369812,0.03425621
369813,0.17015328
369827,0.023092367
369835,0.04392733
369838,0.04241713
369839,0.049868163
369843,0.042699866
369846,0.02919116
369860,0.013180476
369870,0.18313032
369871,0.46575826
369872,0.034844708
369884,0.17911991
369893,0.0815729
369901,0.04319822
369904,0.028405294
369908,0.2749855
369910,0.020934524
369911,0.08414956
369919,0.06628264
369920,0.0570052
369921,0.016999487
369931,0.23360844
369935,0.015517649
369936,0.08138392
369948,0.07224954
369953,0.032111544
369955,0.07563209
369961,0.024170214
369964,0.030365761
369967,0.089557484
369971,0.2353944
369983,0.032826584
369993,0.03639107
369995,0.17801893
370012,0.075478226
370022,0.049747314
370023,0.04222743
370027,0.03134819
370030,0.052380383
370033,0.13325402
370037,0.049807426
370051,0.0061644036
370055,0.04175432
370077,0.03353477
370088,0.027102854
370091,0.01894808
370114,0.016043646
370117,0.17395715
370120,0.277916
370122,0.041141696
370128,0.15089123
370135,0.04649551
370144,0.06337141
370146,0.1099847
370148,0.01764034
370150,0.012086008
370155,0.033448387
370164,0.014311097
370179,0.031703684
370188,0.12910146
370190,0.027476951
370199,0.016900234
370203,0.12753393
370213,0.026705936
370216,0.019718908
370219,0.006862812
370220,0.2632273
370224,0.02621196
370230,0.02499167
370254,0.17446226
370255,0.014157184
370265,0.15296471
370273,0.0116550485
370288,0.041546497
370295,0.16576591
370297,0.038315944
370319,0.082008034
370323,0.0044964566
370329,0.08368759
370330,0.04455652
370333,0.074404836
370346,0.13916099
370354,0.19238195
370355,0.012681387
370358,0.22974066
370362,0.0053062877
370373,0.03635563
370376,0.015810391
370379,0.0131993
370380,0.0059697833
370386,0.010530507
370392,0.015406352
370411,0.013786466
370416,0.006810831
370432,0.012404265
370439,0.055644378
370440,0.032973066
370445,0.04402805
370446,0.010676287
370455,0.07149412
370473,0.04120127
370474,0.053707972
370475,0.018904744
370482,0.3057288
370489,0.04199157
370512,0.017162925
370518,0.13854404
370522,0.053478066
370533,0.019734012
370538,0.08364075
370551,0.017961271
370552,0.21043518
370556,0.10055999
370566,0.021375446
370568,0.044690832
370573,0.08179958
370575,0.059728943
370578,0.027542459
370582,0.053012673
370596,0.01764391
370597,0.028386135
370599,0.03051265
370602,0.0505143
370609,0.05243692
370632,0.036881387
370634,0.25329196
370646,0.08004367
370666,0.3590873
370670,0.011593706
370672,0.00973747
370675,0.03940174
370676,0.14218475
370682,0.012322176
370685,0.022733886
370697,0.018514814
370699,0.0323963
370701,0.010563021
370711,0.39588544
370719,0.14964762
370728,0.035789505
370731,0.102347896
370735,0.025494251
370749,0.112379186
370753,0.060251646
370757,0.031023392
370763,0.16898671
370770,0.10076156
370779,0.060636587
370794,0.025154432
370805,0.01094339
370806,0.04216031
370808,0.05323372
370814,0.031591084
370827,0.21555732
370833,0.06243789
370844,0.07772447
370845,0.01637304
370850,0.12693821
370853,0.04767986
370856,0.028512876
370858,0.11717454
370862,0.06543033
370866,0.27571526
370874,0.15273544
370876,0.013251734
370878,0.1764743
370881,0.041433137
370882,0.13208853
370884,0.08095686
370887,0.023748092
370904,0.115644425
370905,0.03822812
370913,0.1470516
370915,0.08449438
370921,0.33020687
370922,0.02470603
370932,0.09407396
370939,0.058716714
370953,0.012180339
370964,0.030671569
370968,0.048811026
370969,0.05993448
370972,0.023446634
370978,0.013399145
371000,0.03384452
371001,0.112742715
371013,0.037190866
371053,0.03322487
371059,0.05160328
371060,0.06753126
371065,0.03232466
371069,0.03363385
371073,0.24446192
371084,0.23277661
371085,0.01008572
371088,0.054247282
371099,0.024428267
371115,0.0062727313
371118,0.3272771
371127,0.1544819
371132,0.18197204
371136,0.070227295
371139,0.09786932
371152,0.07184161
371161,0.021734044
371162,0.08897169
371174,0.032476142
371176,0.043954346
371182,0.014588575
371185,0.04292034
371193,0.07339421
371197,0.02239098
371198,0.036100514
371202,0.07204446
371207,0.17740275
371211,0.2349955
371242,0.03507666
371243,0.067558214
371244,0.07910744
371255,0.13388264
371258,0.032482613
371259,0.23682274
371265,0.014290811
371274,0.13054739
371275,0.15332063
371288,0.023647357
371291,0.19228405
371295,0.09873745
371314,0.03101796
371322,0.10466526
371323,0.024692975
371328,0.14870213
371332,0.09039908
371333,0.18739597
371335,0.0133861285
371342,0.03894065
371350,0.018531915
371357,0.08325589
371365,0.020083314
371383,0.20499615
371384,0.043415923
371385,0.18116143
371393,0.1877638
371394,0.0589192
371397,0.039456215
371417,0.031422824
371431,0.026900183
371433,0.06337469
371437,0.003411582
371439,0.19852161
371445,0.044840265
371452,0.12297928
371457,0.063750416
371469,0.035059128
371470,0.08002989
371477,0.051762212
371500,0.014454501
371504,0.11146438
371508,0.035314217
371514,0.013901301
371518,0.103275776
371520,0.03403827
371521,0.04228795
371522,0.027835578
371525,0.02745012
371530,0.048875056
371532,0.009695081
371548,0.09308139
371561,0.026026897
371566,0.2220579
371568,0.072707675
371571,0.03612068
371573,0.030252347
371577,0.080934614
371587,0.20911634
371592,0.16423754
371593,0.15067837
371595,0.07432967
371603,0.023596818
371614,0.022534017
371616,0.015302237
371619,0.09517
371627,0.30726495
371641,0.120306574
371657,0.051449288
371664,0.026271166
371693,0.03505354
371698,0.040049907
371700,0.061092112
371707,0.020432476
371710,0.02377875
371715,0.14089884
371722,0.016092513
371731,0.025459884
371741,0.04570163
371744,0.115402095
371753,0.032410003
371755,0.015003017
371760,0.04111643
371773,0.112971626
371797,0.015451028
371807,0.1312729
371809,0.028204678
371811,0.011526481
371815,0.058572393
371822,0.10979295
371824,0.18675132
371828,0.05463319
371835,0.010020645
371837,0.022090008
371840,0.14006697
371849,0.02031959
371857,0.008444677
371860,0.20459382
371862,0.011218231
371875,0.016302524
371896,0.25782242
371898,0.06468168
371901,0.14344145
371903,0.011514383
371908,0.052349657
371910,0.03309212
371944,0.050079983
371947,0.0264285
371955,0.11862839
371963,0.15313253
371972,0.042517465
371973,0.065538794
371978,0.018643819
371980,0.0129758455
371988,0.02048955
372020,0.067517884
372043,0.08213697
372060,0.110424064
372070,0.02078215
372082,0.011604503
372085,0.14110847
372090,0.07424676
372091,0.23830304
372112,0.036175888
372115,0.07948987
372132,0.028664423
372134,0.35596538
372136,0.06441566
372142,0.04443441
372145,0.0959276
372146,0.09935337
372159,0.040110942
372172,0.036595665
372179,0.0964594
372183,0.015113989
372184,0.0071637896
372192,0.006510552
372234,0.04965616
372239,0.1238168
372244,0.0113057075
372268,0.1407421
372287,0.060260247
372289,0.06888543
372292,0.015444849
372301,0.05934528
372315,0.03136353
372316,0.2014251
372328,0.104792945
372337,0.012394835
372347,0.24611372
372350,0.16332835
372381,0.04775222
372382,0.14673664
372384,0.054756522
372393,0.051944852
372398,0.14642479
372399,0.069993556
372400,0.044857197
372402,0.030778551
372410,0.11342129
372415,0.071919605
372425,0.017266428
372428,0.045362387
372430,0.047762197
372431,0.03809595
372449,0.0347994
372452,0.02386467
372453,0.008915979
372460,0.1016512
372463,0.3244309
372471,0.22873867
372484,0.07552752
372486,0.07752751
372489,0.08523426
372506,0.21585298
372513,0.015692024
372527,0.2695472
372568,0.17490758
372596,0.014172393
372606,0.009342689
372617,0.027405165
372618,0.043529898
372622,0.06667221
372624,0.06268119
372633,0.08530733
372637,0.06281417
372643,0.0696223
372644,0.010886168
372656,0.22716388
372662,0.023662275
372664,0.03306229
372666,0.014762643
372672,0.043301743
372674,0.023075346
372693,0.06173144
372704,0.05316151
372719,0.06319352
372727,0.03717597
372740,0.07989616
372745,0.021633996
372753,0.046134897
372762,0.018215403
372764,0.06347161
372771,0.092860155
372772,0.1496609
372789,0.050942354
372793,0.14347172
372799,0.028072968
372806,0.29758668
372809,0.07714816
372829,0.1271603
372848,0.015958456
372850,0.03302271
372853,0.07699853
372854,0.041712128
372858,0.059827033
372861,0.050554805
372863,0.07297779
372876,0.103164904
372878,0.0366284
372893,0.26076856
372894,0.042198062
372911,0.04435331
372912,0.102255516
372924,0.12536326
372942,0.091798455
372946,0.22931176
372955,0.015631355
372956,0.053986832
372957,0.17879964
372984,0.09465874
372993,0.10366741
372995,0.39654863
372997,0.0241821
373014,0.06564811
373018,0.20425092
373022,0.038580112
373023,0.021321042
373029,0.025134405
373063,0.020810261
373071,0.13401754
373075,0.13618532
373088,0.035698656
373089,0.02647893
373098,0.0672488
373101,0.055810113
373112,0.037893035
373114,0.04940694
373118,0.18285468
373120,0.18017243
373121,0.012568995
373122,0.02280814
373138,0.2496556
373145,0.06156349
373153,0.04300063
373154,0.117736556
373155,0.041086417
373159,0.1300885
373167,0.049963605
373190,0.024537189
373195,0.093759894
373202,0.027744967
373205,0.049287293
373209,0.036913056
373215,0.14861897
373222,0.13569531
373239,0.028881103
373240,0.110735916
373247,0.05166441
373251,0.030502375
373260,0.0134862745
373284,0.02411973
373286,0.011702111
373292,0.054699525
373297,0.022840733
373299,0.45768633
373305,0.16114643
373307,0.09472566
373323,0.009953983
373327,0.037265852
373328,0.035108846
373363,0.11125279
373390,0.025534555
373396,0.010476236
373407,0.08200082
373413,0.13106279
373437,0.05932896
373445,0.02931204
373448,0.020213054
373458,0.09835545
373464,0.025425507
373472,0.2603793
373474,0.035161044
373475,0.041931737
373480,0.0127187865
373484,0.08718416
373491,0.15417649
373493,0.14967164
373504,0.023234528
373537,0.06797837
373542,0.10405629
373545,0.023783965
373554,0.075575195
373559,0.34977835
373560,0.023212764
373562,0.07072911
373565,0.060564123
373573,0.09526178
373577,0.06580456
373591,0.08035982
373592,0.048912596
373596,0.015392454
373598,0.11087658
373600,0.025577357
373605,0.009607792
373607,0.011207347
373616,0.040921714
373618,0.033835944
373624,0.0073115253
373630,0.04252195
373631,0.033237003
373634,0.046614382
373646,0.05482556
373651,0.06210859
373669,0.29630476
373682,0.02559878
373716,0.095399044
373751,0.15822892
373756,0.19414409
373757,0.020368172
373767,0.036411926
373778,0.020393206
373780,0.015233585
373781,0.1349955
373796,0.08341284
373801,0.02331143
373805,0.056877594
373811,0.02814061
373815,0.015154721
373820,0.10116189
373833,0.0041848603
373839,0.0830216
373841,0.036308147
373871,0.064382955
373875,0.20763129
373893,0.03642706
373894,0.30255786
373898,0.050275974
373899,0.2626821
373908,0.2086473
373909,0.028833643
373911,0.021754108
373918,0.024373557
373927,0.017418303
373938,0.114350475
373943,0.13361116
373946,0.05693757
373948,0.08022338
373953,0.2099614
373956,0.09486791
373984,0.018327996
373985,0.09294318
373986,0.15890522
374002,0.026927713
374014,0.005406131
374015,0.104009576
374024,0.010627694
374029,0.06361551
374034,0.016195325
374039,0.019181155
374042,0.12779254
374048,0.07004876
374051,0.065568924
374054,0.011747988
374055,0.07114736
374061,0.06223504
374075,0.083799735
374087,0.010281069
374101,0.18471983
374103,0.08782743
374114,0.14252545
374116,0.21931411
374119,0.05877939
374121,0.08911691
374133,0.062335465
374134,0.006771069
374140,0.015208382
374141,0.16503717
374145,0.12402168
374155,0.021657005
374163,0.11510167
374169,0.13988583
374173,0.060917057
374188,0.18477869
374199,0.015817277
374200,0.049284805
374207,0.071112484
374225,0.051568914
374226,0.017974742
374227,0.05012132
374249,0.06354267
374254,0.118887775
374284,0.011548778
374293,0.046618324
374296,0.049162075
374297,0.10930591
374298,0.03320013
374307,0.025469847
374320,0.16103724
374322,0.10563649
374324,0.013864775
374328,0.070659354
374334,0.030147642
374341,0.008429681
374343,0.09643163
374346,0.021362532
374359,0.11423753
374374,0.06466044
374381,0.112754375
374400,0.028390922
374405,0.0724508
374409,0.0577821
374420,0.1382632
374442,0.099603534
374443,0.061650347
374445,0.091742076
374447,0.17988996
374452,0.09673426
374458,0.0380845
374485,0.011510775
374487,0.023571517
374496,0.0068494906
374503,0.060352366
374518,0.040966738
374519,0.007911887
374532,0.012704931
374534,0.019826075
374536,0.013251099
374546,0.0057711964
374559,0.013323136
374568,0.12979175
374573,0.071819775
374582,0.008834883
374585,0.020041076
374598,0.014216003
374606,0.08315318
374612,0.011971155
374617,0.02141576
374619,0.016004046
374626,0.045065347
374646,0.04572551
374653,0.08211283
374656,0.030219791
374664,0.038160436
374666,0.07286654
374677,0.13178033
374679,0.077764526
374682,0.07742918
374700,0.10712374
374703,0.08079586
374705,0.13809031
374720,0.15433772
374724,0.08381057
374731,0.019451391
374732,0.07902392
374734,0.093222275
374759,0.028429573
374770,0.100114256
374774,0.026817126
374777,0.1736424
374788,0.031908125
374796,0.12031897
374799,0.03604501
374813,0.15988992
374819,0.00840145
374826,0.21921217
374827,0.0642003
374832,0.060888093
374837,0.014134422
374844,0.22481687
374848,0.18064725
374853,0.09909504
374854,0.036434393
374856,0.015858252
374864,0.21591243
374868,0.020008162
374888,0.031810597
374891,0.04843164
374892,0.024838684
374896,0.030120889
374909,0.08821669
374911,0.0118434625
374912,0.023378195
374913,0.18562065
374916,0.033061944
374917,0.034225
374923,0.055951267
374933,0.21934941
374935,0.043727268
374940,0.045971837
374941,0.019646594
374943,0.017552001
374951,0.18967836
374967,0.22102211
374970,0.1150089
374990,0.27786934
374993,0.07249177
374994,0.11996799
375015,0.008460779
375017,0.19215997
375018,0.045210302
375021,0.08939927
375023,0.03587681
375030,0.12992232
375038,0.01875544
375040,0.080395564
375041,0.105367735
375052,0.011152004
375061,0.14284824
375064,0.03192869
375076,0.074915156
375086,0.33016518
375109,0.13124807
375118,0.15086004
375133,0.02329801
375140,0.10994553
375156,0.11579962
375168,0.05591252
375170,0.083944015
375182,0.030473115
375187,0.18650618
375188,0.034181893
375197,0.019145846
375201,0.021557013
375204,0.114525564
375216,0.16834402
375225,0.005084266
375231,0.005618475
375234,0.005504341
375241,0.057455502
375242,0.23959084
375244,0.030210186
375246,0.0593706
375257,0.03106115
375290,0.033290427
375292,0.019979367
375293,0.04684626
375295,0.01305554
375296,0.021451887
375300,0.06100798
375322,0.056117013
375332,0.06988234
375338,0.047831777
375342,0.015777828
375365,0.029269239
375367,0.06728394
375384,0.093842946
375418,0.01432783
375464,0.12328032
375477,0.057360884
375485,0.056433946
375496,0.020569742
375534,0.056043535
375544,0.050885074
375556,0.09848069
375588,0.016927455
375589,0.01083293
375594,0.088464275
375629,0.099163935
375649,0.075596355
375654,0.2213018
375696,0.04870017
375758,0.022118594
375795,0.23662622
375843,0.017950762
375844,0.022326514
375853,0.17764507
375878,0.028958376
375879,0.05817998
375883,0.030305231
375887,0.098794445
375929,0.08985343
375934,0.030404175
375936,0.13441712
375937,0.022561492
375948,0.063077606
375951,0.040984698
375953,0.047087897
375964,0.07868502
375969,0.008136949
375970,0.022590443
375973,0.37662852
375976,0.18732548
375997,0.04884103
376000,0.02853509
376011,0.036741417
376019,0.020287177
376035,0.049735922
376036,0.12272651
376041,0.04109349
376042,0.06575469
376045,0.018409392
376047,0.114058435
376060,0.008637348
376061,0.091536574
376067,0.07277892
376068,0.22636683
376070,0.069666855
376074,0.01031914
376075,0.03678902
376076,0.05705766
376078,0.0472454
376080,0.05701826
376081,0.050425176
376082,0.045476105
376083,0.16334738
376084,0.05716449
376086,0.01773576
376087,0.009087364
376088,0.040765453
376089,0.04577008
376090,0.06889679
376091,0.13813213
376092,0.07802301
376093,0.03107255
376094,0.20494568
376095,0.19366622
376096,0.14627472
376097,0.057710543
376098,0.14805622
376206,0.014557596
376209,0.1099943
376225,0.045712892
376239,0.027669212
376247,0.07634157
376248,0.032079555
376252,0.032578286
376257,0.09904858
376273,0.029198384
376274,0.04023161
376275,0.005427062
376279,0.087799646
376283,0.06264939
376284,0.04757911
376288,0.032067876
376289,0.110090174
376292,0.028720165
376298,0.072545156
376301,0.054824386
376311,0.029655322
376312,0.08417606
376313,0.038399097
376316,0.015998341
376317,0.051720228
376319,0.04624443
376320,0.09136935
376321,0.18113713
376322,0.05099874
376325,0.14773665
376326,0.09485937
376328,0.04079944
376329,0.10694301
376330,0.030973159
376332,0.024556909
376334,0.09445444
376335,0.06551564
376336,0.16067454
376337,0.085947976
376338,0.34287843
376339,0.020902604
376340,0.045250572
376341,0.19290432
376343,0.08944291
376344,0.04100976
376345,0.010353909
376346,0.13458954
376347,0.18466483
376348,0.07346005
376349,0.15571372
376350,0.016076507
376351,0.019087072
376352,0.008428326
376353,0.017378287
376354,0.02477519
376355,0.0088622365
376356,0.029893924
376357,0.0142804235
376360,0.049519714
376445,0.13178627
376447,0.04963465
376449,0.011388897
376470,0.01135923
376483,0.08859004
376484,0.036763817
376486,0.052826144
376487,0.051898196
376488,0.07024054
376491,0.12855403
376492,0.025731029
376494,0.205944
376495,0.2377478
376496,0.07225656
376497,0.27062687
376498,0.009789643
376502,0.04469806
376503,0.15006976
376504,0.08803957
376506,0.02072938
376509,0.13165826
376515,0.04020782
376517,0.044877242
376518,0.3141055
376519,0.369823
376520,0.048512507
376521,0.13261738
376522,0.03040014
376523,0.03554019
376524,0.051117014
376527,0.12819952
376530,0.07312819
376531,0.068596356
376532,0.15507385
376533,0.11863346
376534,0.11084127
376535,0.06060852
376537,0.09153376
376538,0.0794604
376539,0.040699553
376546,0.12728624
376594,0.06983483
376595,0.14228462
376614,0.06505364
376616,0.02204349
376617,0.018505156
376618,0.12241141
376619,0.10506567
376620,0.016223948
376627,0.09359993
376630,0.011857248
376631,0.10254087
376632,0.012548571
376633,0.040384613
376635,0.1111629
376636,0.12993032
376637,0.017367931
376639,0.3106968
376640,0.013143203
376642,0.048042484
376643,0.045853004
376644,0.037337247
376645,0.032686744
376646,0.0578944
376648,0.12558399
376650,0.012573897
376651,0.015937861
376652,0.20397867
376732,0.03551808
376733,0.03296495
376734,0.09531805
376756,0.06208235
376804,0.01914805
376856,0.26057783
376869,0.07574672
376893,0.030799467
377045,0.082992464
377088,0.0411848
377137,0.13717246
377138,0.01634436
377159,0.030658396
377176,0.09478748
377201,0.035831466
377226,0.12848186
377335,0.028121674
377358,0.1591513
377362,0.016673058
377363,0.027412966
377389,0.17815566
377426,0.17405793
377427,0.051715683
377429,0.02047201
377441,0.026433801
377449,0.120624766
377450,0.13941726
377458,0.05849707
377472,0.25780284
377541,0.38847876
377567,0.02989721
377573,0.0052512414
377605,0.09216901
377611,0.06315891
377622,0.04891259
377631,0.06263469
377657,0.024783313
377681,0.032856733
377711,0.020993466
377717,0.18325518
377720,0.18291831
377721,0.15642466
377723,0.043046128
377727,0.02705896
377729,0.046306554
377733,0.01394572
377735,0.042203553
377736,0.014728676
377737,0.07434203
377738,0.04395146
377750,0.25794134
377751,0.057338186
377753,0.13682634
377754,0.10346343
377755,0.114292555
377756,0.059169643
377757,0.16357803
377758,0.012934923
377759,0.045213234
377760,0.011607642
377761,0.23864089
377762,0.043901596
377763,0.016633002
377764,0.059808034
377765,0.21359368
377766,0.17022982
377767,0.004960948
377768,0.04312968
377771,0.011489726
377772,0.01547619
377773,0.05687111
377774,0.057924304
377775,0.19868302
377776,0.03187941
377778,0.023651866
377779,0.045806848
377780,0.013199423
377781,0.032925162
377782,0.021646762
377783,0.0058078934
377784,0.031409916
377785,0.025641026
377786,0.06460334
377862,0.04872536
377871,0.046774447
377930,0.031345323
377970,0.021374013
377987,0.018046511
377988,0.08397254
377990,0.054584388
377992,0.25097057
377995,0.047179364
378005,0.007619458
378006,0.016103026
378011,0.09552386
378018,0.041175906
378019,0.016943967
378023,0.061176587
378025,0.009690179
378026,0.060381643
378027,0.020809706
378031,0.045787353
378033,0.036011048
378034,0.034288682
378035,0.0053043095
378040,0.06902598
378041,0.048479557
378042,0.020616405
378043,0.27643335
378044,0.032194823
378045,0.056459833
378046,0.05079932
378047,0.022327483
378048,0.01999634
378049,0.02828782
378051,0.0827385
378052,0.015651984
378053,0.0529248
378054,0.26894873
378055,0.037392244
378056,0.05181607
378057,0.010638514
378059,0.1297232
378060,0.050820146
378061,0.31216496
378062,0.122319914
378063,0.059866246
378065,0.03650793
378066,0.17567079
378067,0.032510273
378068,0.010297482
378069,0.05739549
378070,0.03204459
378096,0.026219605
378098,0.1544381
378104,0.07509173
378105,0.14398582
378106,0.041097324
378107,0.06952222
378108,0.026421484
378109,0.036080293
378110,0.06968874
378111,0.09546231
378112,0.036998846
378113,0.058836628
378114,0.07331018
378115,0.07728417
378116,0.05469959
378117,0.10889645
378119,0.04186153
378120,0.091951884
378121,0.09052086
378122,0.009320508
378123,0.20419718
378124,0.031466607
378136,0.062357586
378181,0.012850832
378184,0.13783602
378190,0.032291856
378263,0.023710286
378300,0.023434993
378304,0.47254705
378305,0.09111886
378311,0.06212083
378313,0.026749605
378314,0.16169582
378317,0.05571414
378320,0.1297246
378322,0.038919225
378325,0.06803593
378327,0.1987722
378328,0.09320272
378329,0.039530195
378330,0.012337558
378331,0.08106787
378334,0.011639947
378335,0.02512822
378336,0.007168705
378339,0.021991605
378340,0.05551428
378341,0.042187482
378342,0.12142851
378343,0.021828083
378344,0.08228604
378345,0.24955198
378346,0.00938914
378347,0.2529497
378348,0.084521644
378349,0.2540855
378350,0.17486678
378351,0.075188205
378352,0.023907572
378353,0.025317553
378354,0.04791846
378355,0.086233355
378356,0.109654136
378427,0.04579022
378434,0.08896175
378564,0.019726286
378671,0.114986405
378689,0.018552264
378710,0.26815793
378755,0.05235717
378887,0.014534972
378907,0.1820189
378924,0.027975548
378944,0.05683415
378945,0.07940004
378991,0.021343892
379009,0.05522346
379025,0.05290297
379046,0.08269253
379047,0.051572952
379048,0.070787154
379052,0.052366357
379065,0.020729896
379066,0.14153612
379076,0.039416593
379080,0.13853842
379085,0.22828917
379086,0.12206344
379087,0.16815633
379089,0.023830941
379094,0.02326999
379095,0.13507998
379101,0.022419441
379102,0.06350781
379103,0.030514732
379105,0.14194232
379108,0.04925331
379111,0.12176627
379112,0.07872913
379113,0.27983633
379114,0.07555369
379115,0.027881641
379116,0.046518132
379117,0.048852462
379118,0.03659347
379119,0.59634656
379120,0.08702402
379121,0.010490329
379123,0.050304405
379124,0.017855603
379126,0.09251955
379127,0.011252601
379128,0.022280332
379129,0.051076945
379131,0.31692454
379132,0.19954605
379133,0.17005646
379134,0.16842842
379178,0.021500686
379266,0.0074079526
379268,0.11284334
379291,0.018661309
379296,0.0267125
379301,0.062779374
379313,0.030593941
379318,0.14207064
379319,0.2422455
379329,0.07282592
379336,0.23280956
379348,0.07275989
379356,0.028249025
379357,0.13151425
379363,0.38161534
379385,0.18117811
379408,0.023089554
379432,0.029220175
379437,0.03873064
379440,0.023621324
379456,0.09133308
379457,0.025225565
379463,0.15418842
379464,0.07478015
379467,0.1480116
379469,0.097782515
379470,0.015104594
379472,0.16798161
379473,0.025329398
379474,0.037668414
379475,0.039975423
379476,0.15758245
379481,0.19534074
379482,0.080575794
379483,0.068418
379484,0.060713187
379485,0.5564981
379486,0.05662506
379487,0.010562747
379488,0.018574733
379490,0.054171238
379491,0.04887155
379492,0.06887187
379494,0.006975214
379495,0.051596593
379496,0.044183392
379497,0.022570416
379500,0.08161938
379501,0.07290177
379502,0.046754837
379503,0.018083313
379504,0.013805157
379505,0.11438343
379506,0.0064984914
379507,0.0103915455
379508,0.14148283
379509,0.28386825
379510,0.06891286
379512,0.012471469
379513,0.04098938
379514,0.42481261
379515,0.05224071
379516,0.021704359
379517,0.08516821
379518,0.081084214
379520,0.23359168
379627,0.09809698
379673,0.12822339
379674,0.0077952975
379720,0.10576962
379726,0.034661837
379730,0.01649861
379746,0.07142516
379775,0.022318458
379776,0.010093717
379778,0.18269387
379841,0.01584536
379921,0.03602262
379951,0.038772363
380002,0.21774855
380003,0.15088066
380005,0.05342862
380006,0.11941472
380010,0.010823828
380012,0.09102582
380014,0.33539033
380015,0.15909879
380017,0.06853373
380018,0.19467136
380019,0.010185471
380020,0.012959037
380022,0.022085944
380023,0.21897152
380025,0.03183806
380026,0.0682408
380028,0.022558184
380030,0.0786058
380031,0.06549483
380032,0.01884214
380033,0.016478172
380034,0.12453391
380035,0.006848381
380037,0.03392252
380038,0.21015084
380039,0.19349721
380040,0.32891676
380064,0.055928163
380065,0.061641924
380121,0.031377155
380122,0.06890655
380130,0.0965527
380219,0.017048856
380228,0.1366296
380229,0.033122472
380366,0.0187949
380408,0.02280645
380414,0.025256408
380487,0.049846366
380488,0.027284682
380489,0.0395733
380494,0.02664099
380543,0.023571264
380553,0.029462708
380600,0.013754606
380625,0.05137823
380635,0.05563992
380643,0.09404693
380762,0.0747426
380773,0.052270327
380781,0.13124773
380785,0.02446452
380787,0.021894416
380788,0.036514707
380789,0.08897443
380797,0.039278712
380800,0.029390575
380802,0.044172406
380805,0.13562654
380806,0.074084304
380807,0.2509399
380811,0.037100278
380812,0.018703802
380815,0.013949983
380816,0.03244259
380817,0.07691192
380819,0.10758322
380823,0.007447266
380824,0.08660436
380825,0.15500884
380826,0.11680985
380827,0.21787886
380828,0.055017557
380830,0.012189366
380831,0.026618201
380832,0.08881812
380833,0.02297592
380834,0.027379708
380836,0.1734564
380837,0.028644627
380838,0.06465117
380839,0.012197982
380840,0.07347109
380841,0.066592865
380879,0.017992174
380901,0.009539866
380928,0.03771519
380956,0.024003293
380979,0.14331686
381037,0.015005963
381047,0.13069819
381074,0.034436952
381104,0.020723112
381121,0.17548366
381130,0.16234161
381133,0.028085727
381139,0.015457092
381141,0.22330686
381142,0.030497907
381145,0.008306437
381152,0.022678165
381153,0.07554983
381154,0.19932391
381156,0.032762457
381160,0.037430253
381164,0.32263085
381168,0.04183332
381171,0.057820614
381173,0.12592208
381174,0.048436485
381176,0.035486486
381178,0.23951846
381179,0.029927533
381182,0.13913642
381185,0.008459214
381187,0.037739996
381189,0.04142739
381190,0.06715344
381191,0.08222781
381192,0.17821954
381193,0.035287473
381194,0.013598477
381195,0.053667825
381198,0.007355739
381199,0.012369178
381200,0.07830899
381201,0.10735913
381202,0.010958291
381203,0.12518297
381204,0.23099573
381205,0.025879925
381259,0.013843128
381288,0.043709174
381289,0.07323599
381335,0.06693392
381344,0.026950242
381367,0.055571683
381376,0.00830481
381381,0.10199055
381397,0.012511938
381406,0.06955785
381412,0.056696247
381421,0.3225449
381424,0.03062763
381427,0.13490342
381428,0.22565761
381429,0.021687603
381430,0.021827772
381434,0.26985016
381435,0.016833743
381436,0.04991606
381437,0.01697715
381438,0.15762533
381439,0.040763002
381444,0.01760825
381446,0.00608484
381447,0.23784596
381449,0.46397528
381450,0.018194484
381453,0.1324465
381454,0.030959062
381455,0.1168497
381456,0.15008599
381457,0.035737313
381458,0.015651956
381459,0.046110876
381460,0.046961747
381461,0.11201522
381462,0.13255084
381463,0.041555043
381464,0.19578548
381465,0.015911333
381466,0.08205969
381467,0.17726587
381468,0.10064732
381469,0.26994532
381470,0.07471563
381471,0.23544422
381472,0.01057913
381473,0.022985267
381475,0.053070426
381476,0.022222152
381477,0.099329844
381478,0.02246423
381479,0.07513994
381480,0.27217764
381481,0.004887504
381482,0.02405118
381483,0.06784481
381495,0.11869899
381545,0.010764776
381580,0.06306315
381657,0.22638077
381674,0.12519506
381691,0.015657915
381697,0.04006124
381704,0.10333469
381711,0.071541235
381721,0.12253021
381728,0.05803067
381729,0.021960227
381734,0.027110819
381735,0.026339788
381736,0.0387614
381740,0.16129501
381742,0.36030048
381743,0.097289406
381744,0.022576608
381747,0.016178856
381748,0.24915244
381749,0.028868215
381750,0.06954406
381751,0.015037876
381752,0.13070466
381753,0.07631918
381754,0.21384619
381755,0.107268654
381756,0.16209206
381757,0.020623088
381758,0.014882274
381759,0.048104882
381760,0.07981267
381761,0.24062464
381762,0.016027516
381763,0.033482566
381764,0.1712202
381765,0.15897365
381766,0.027086932
381767,0.039068133
381768,0.11261485
381769,0.016586535
381770,0.015876325
381772,0.026348844
381774,0.016995337
381777,0.028957324
381861,0.021127366
381974,0.07824024
381991,0.036648154
382024,0.21018474
382051,0.04890257
382066,0.017996302
382067,0.030453453
382068,0.053626593
382107,0.04797159
382108,0.079898
382111,0.030056337
382113,0.013400639
382114,0.06786936
382120,0.043143455
382121,0.0990529
382122,0.05981389
382124,0.09110961
382126,0.04923806
382131,0.008275596
382132,0.08148199
382135,0.05714992
382136,0.01860678
382137,0.007927764
382138,0.0149656255
382140,0.21955578
382141,0.08993227
382142,0.02746066
382143,0.08091318
382144,0.037984364
382145,0.03550006
382146,0.22916187
382147,0.07304041
382149,0.14983751
382150,0.077538304
382152,0.10880487
382153,0.021221997
382164,0.34602737
382180,0.046444852
382239,0.10534533
382275,0.08674875
382297,0.012164927
382391,0.06866422
382392,0.13513201
382396,0.1069678
382424,0.0061656334
382471,0.10416916
382493,0.034312848
382496,0.04251097
382504,0.05060863
382505,0.08693006
382513,0.017793244
382517,0.22624788
382521,0.13319106
382528,0.010782543
382530,0.16227126
382544,0.27909446
382603,0.53473186
382604,0.023962678
382642,0.040403027
382666,0.022996394
382699,0.024906786
382737,0.04361397
382792,0.07298718
382796,0.016817013
382807,0.034646977
382813,0.17032197
382817,0.31515083
382818,0.06976644
382826,0.030833306
382845,0.014867266
382846,0.01442644
382850,0.2239101
382851,0.08977709
382856,0.04961556
382858,0.031510882
382859,0.056482382
382862,0.023978792
382863,0.013700292
382865,0.016182475
382866,0.058044456
382868,0.038414612
382870,0.009469487
382871,0.056448046
382872,0.10378337
382873,0.10234821
382874,0.4605629
382875,0.018248348
382876,0.05281103
382877,0.12130122
382878,0.17328325
382879,0.15829176
382880,0.0022477263
382882,0.055078153
382883,0.034047723
382884,0.036633924
382885,0.049032867
382886,0.03289604
382887,0.09501537
382989,0.033008017
383009,0.070429005
383039,0.04750259
383068,0.01972065
383072,0.020474976
383093,0.098252445
383099,0.28957388
383167,0.03440647
383168,0.09223468
383170,0.11364822
383171,0.35143372
383174,0.008313175
383175,0.011911963
383176,0.08139588
383178,0.042653315
383181,0.11149108
383182,0.13367473
383184,0.032002345
383186,0.065593116
383187,0.016153881
383189,0.011629786
383190,0.0097798575
383191,0.037786294
383192,0.062536314
383194,0.018886702
383195,0.026260732
383196,0.026598835
383197,0.06288988
383198,0.017561674
383199,0.020590652
383200,0.044463094
383201,0.061460607
383202,0.075936206
383203,0.018159801
383204,0.12391185
383205,0.009577398
383206,0.13234657
383207,0.012632827
383208,0.025486553
383279,0.08805916
383335,0.07153295
383384,0.05257394
383394,0.01010264
383400,0.1772715
383401,0.023527347
383409,0.021939995
383410,0.009784809
383412,0.076865315
383414,0.058673076
383419,0.09468704
383422,0.052510407
383425,0.010159074
383426,0.025604283
383427,0.10896162
383428,0.1065315
383429,0.08318011
383430,0.22226386
383431,0.06495484
383433,0.41464105
383434,0.03947837
383435,0.049871363
383436,0.15205878
383437,0.048319306
383438,0.035108257
383439,0.042322792
383440,0.012505165
383441,0.017720066
383442,0.04700583
383443,0.008491448
383444,0.01374956
383445,0.013514185
383446,0.08933646
383447,0.076163776
383448,0.050894815
383449,0.010643278
383450,0.08006462
383451,0.010619199
383452,0.012155201
383453,0.054121543
383454,0.04277657
383533,0.025957484
383583,0.049133908
383608,0.061142426
383622,0.08071804
383673,0.19891338
383804,0.060951814
383806,0.08562868
383812,0.041340116
383814,0.008018394
383816,0.12078668
383825,0.04473701
383827,0.055827715
383833,0.10941173
383841,0.036938757
383842,0.086311184
383849,0.100422576
383859,0.029121134
383883,0.036285114
383891,0.21722716
383910,0.023148078
383925,0.0139670735
383943,0.18717569
383946,0.18203233
383959,0.00895264
383960,0.04767747
383961,0.016003305
383962,0.0373001
383979,0.06257219
383985,0.03123003
383990,0.048574492
383999,0.019193565
384001,0.16322489
384003,0.032289516
384008,0.036787726
384019,0.21475397
384020,0.030768024
384065,0.06896819
384102,0.094572246
384154,0.024195258
384155,0.19164911
384171,0.07007932
384177,0.03188341
384183,0.037206233
384186,0.03493337
384198,0.16449556
384199,0.03177025
384201,0.20679569
384203,0.123034336
384204,0.06370474
384205,0.05238366
384207,0.020421924
384208,0.024586182
384209,0.044648446
384210,0.027330298
384211,0.09368889
384212,0.042131256
384215,0.24498512
384216,0.06829492
384220,0.116870545
384221,0.011412107
384226,0.03532268
384273,0.01469719
384287,0.03411227
384288,0.052965686
384332,0.18198581
384365,0.02024828
384380,0.22249448
384392,0.021228183
384412,0.019671148
384424,0.21351135
384428,0.07402349
384429,0.15833938
384430,0.014643091
384434,0.027170537
384480,0.07227257
384502,0.19956662
384503,0.043552157
384504,0.06754173
384505,0.065146
384508,0.033396967
384519,0.011929986
384520,0.12665379
384524,0.009046001
384528,0.011344176
384532,0.031536523
384539,0.04727131
384542,0.037669376
384543,0.15951823
384544,0.023260713
384546,0.049417216
384547,0.016090112
384548,0.13741708
384549,0.011257859
384552,0.1255321
384554,0.040829904
384556,0.03882886
384557,0.02348763
384558,0.005056094
384559,0.018267388
384560,0.10438343
384561,0.20077884
384562,0.101080954
384563,0.044917915
384564,0.11136271
384565,0.069405064
384656,0.03419619
384657,0.0108163515
384672,0.13861027
384679,0.014981351
384680,0.0128115555
384689,0.010660811
384692,0.07707941
384695,0.24560533
384710,0.28061226
384712,0.012073556
384715,0.041215874
384735,0.031812076
384749,0.0092715565
384751,0.05933805
384753,0.07255662
384757,0.016922098
384759,0.018316142
384761,0.023305396
384762,0.062683
384765,0.07075332
384775,0.111866556
384782,0.07716298
384794,0.056036953
384798,0.011522739
384805,0.030586459
384807,0.059976157
384812,0.01845509
384821,0.04640602
384834,0.031277716
384847,0.06556083
384856,0.03648383
384857,0.104976326
384858,0.065013945
384859,0.049182918
384860,0.09323834
384861,0.4255115
384862,0.04733105
384863,0.1275365
384864,0.03623449
384865,0.019184358
384866,0.39727327
384867,0.17845479
384868,0.030123621
384869,0.048798125
384870,0.023695493
384871,0.0445448
384873,0.0652788
384874,0.0552309
384876,0.1595767
384877,0.013617909
384878,0.03107512
384880,0.032204077
384881,0.006639773
384882,0.072662905
384883,0.038688526
384884,0.13340893
384885,0.019715773
384886,0.10968919
384887,0.009806025
384969,0.012970245
385023,0.060454987
385049,0.11083896
385081,0.013004843
385091,0.012344318
385092,0.049847074
385093,0.057310127
385094,0.022981836
385106,0.37414768
385107,0.20269194
385110,0.055608995
385111,0.043463744
385113,0.022975046
385114,0.12085437
385115,0.15418677
385117,0.035939034
385119,0.03636144
385120,0.072594866
385121,0.19685313
385122,0.01015383
385123,0.007812565
385125,0.03592776
385126,0.014930111
385127,0.007236538
385128,0.034555715
385129,0.05780392
385130,0.020461978
385131,0.020720664
385132,0.090818524
385133,0.053954028
385134,0.11277196
385135,0.029459592
385136,0.08867412
385137,0.20092946
385138,0.02397959
385139,0.484027
385140,0.35694486
385141,0.027350143
385142,0.03039971
385143,0.0088815065
385144,0.02796889
385145,0.1510575
385146,0.015827086
385147,0.0842491
385149,0.05611819
385151,0.023202164
385152,0.038938634
385153,0.057922013
385197,0.0060488237
385230,0.041021664
385231,0.15283534
385252,0.0863699
385299,0.0879904
385351,0.020512836
385376,0.18069713
385405,0.022212395
385452,0.05241157
385479,0.0314654
385510,0.075030215
385522,0.119725876
385524,0.020984555
385544,0.113069266
385563,0.06746572
385566,0.08815029
385571,0.012950153
385585,0.026755452
385586,0.063130684
385611,0.019008044
385621,0.020464478
385623,0.08032014
385628,0.3786108
385633,0.015497929
385634,0.0117173465
385643,0.051983494
385650,0.081511065
385656,0.014001387
385666,0.09666515
385693,0.069282815
385705,0.17241344
385706,0.028436113
385835,0.007017309
385847,0.13270898
385867,0.11989204
385871,0.11560093
385872,0.032359365
385879,0.0100218225
385883,0.01033254
385884,0.024499886
385885,0.06990838
385889,0.03765611
385893,0.0743916
385894,0.04445788
385898,0.042064846
385899,0.077473834
385902,0.0365254
385903,0.030589918
385904,0.03377409
385905,0.04672698
385906,0.031652965
385907,0.03970973
385908,0.16058372
385909,0.03816406
385910,0.03478174
385973,0.014379315
386003,0.22245759
386013,0.0062878043
386023,0.010008018
386065,0.013073461
386072,0.28920886
386077,0.29901898
386135,0.018007439
386141,0.020011898
386178,0.18949184
386198,0.11501722
386200,0.032016594
386203,0.22617953
386223,0.03831622
386225,0.01396102
386245,0.03474207
386250,0.012365765
386253,0.029644862
386254,0.07850741
386255,0.042950653
386262,0.09993564
386263,0.015024023
386264,0.012834064
386267,0.01098297
386268,0.036357384
386276,0.116676144
386279,0.19811611
386281,0.046943113
386282,0.0481051
386283,0.10123816
386284,0.013299793
386285,0.02432659
386286,0.061103504
386287,0.02936036
386288,0.14293773
386289,0.2142234
386290,0.043095417
386292,0.0773226
386293,0.061659846
386294,0.03394492
386295,0.52477115
386296,0.24071877
386297,0.11895877
386299,0.020219062
386300,0.025359482
386301,0.012665898
386302,0.025492297
386303,0.25608692
386304,0.1618268
386305,0.04644918
386307,0.040076498
386308,0.046969146
386309,0.05681798
386310,0.06948899
386311,0.017739423
386347,0.08296991
386350,0.053071752
386352,0.037872214
386365,0.028726494
386378,0.056330666
386380,0.0993044
386399,0.0695018
386458,0.009414746
386523,0.024598587
386531,0.21201943
386545,0.05443676
386546,0.11859648
386547,0.04244097
386549,0.048141457
386550,0.038199686
386551,0.056696616
386552,0.00708747
386633,0.093924075
386647,0.017531538
386665,0.025639942
386767,0.06175106
386773,0.056634832
386774,0.05465121
386775,0.14923672
386777,0.021346796
386785,0.060153205
386791,0.017956512
386792,0.027682722
386795,0.024069078
386798,0.14111464
386803,0.025302319
386805,0.16362993
386806,0.087220356
386808,0.03443241
386811,0.018849226
386813,0.053363595
386814,0.05633548
386817,0.028413963
386819,0.008236281
386820,0.10415531
386821,0.14668433
386822,0.21197584
386824,0.03698713
386825,0.15215957
386826,0.011796917
386827,0.1704492
386828,0.254114
386830,0.02767016
386831,0.14013723
386832,0.009465524
386833,0.17723368
386834,0.053401615
386835,0.004435224
386836,0.03758802
386837,0.08229558
386838,0.0317999
386839,0.20438719
386840,0.019051848
386841,0.09967498
386843,0.1341933
386844,0.09518885
386845,0.054213334
386847,0.053528633
386848,0.035466295
386849,0.017825624
386860,0.062259927
386938,0.007604675
386940,0.08035509
386989,0.06566018
387021,0.081960194
387193,0.14399783
387194,0.18802837
387286,0.098099805
387291,0.018177958
387292,0.05266329
387324,0.109160565
387325,0.033315197
387329,0.029912265
387331,0.05449561
387333,0.006834838
387337,0.110875525
387341,0.06336591
387342,0.0636077
387349,0.099714205
387350,0.06691592
387351,0.04479598
387352,0.02484876
387353,0.14164978
387355,0.10398705
387356,0.08492118
387357,0.054865032
387358,0.030089676
387360,0.09236766
387361,0.025442077
387362,0.029617257
387363,0.021289613
387364,0.022502009
387365,0.11589523
387366,0.046484154
387367,0.03461383
387368,0.0074476535
387369,0.03209772
387370,0.010825825
387371,0.07614886
387372,0.09108346
387377,0.15446612
387378,0.10612213
387424,0.014785464
387440,0.030069448
387447,0.085833825
387489,0.049813244
387501,0.11123819
387526,0.22413662
387542,0.008115941
387543,0.16434436
387544,0.05312853
387565,0.040884953
387572,0.06757509
387577,0.10707346
387578,0.05519947
387583,0.0078055826
387584,0.008617564
387588,0.061522596
387595,0.16405171
387596,0.08425564
387597,0.15165925
387598,0.021684451
387662,0.15764305
387687,0.08584993
387688,0.041391388
387689,0.012437553
387718,0.2140862
387730,0.032346793
387753,0.019992288
387807,0.092133805
387843,0.036667917
387848,0.081466235
387882,0.12952055
387884,0.021665674
387892,0.0051286607
387896,0.035727736
387916,0.16101757
387920,0.04026588
387927,0.23871097
387928,0.037522927
387929,0.053596847
387932,0.03720516
387934,0.08627163
387937,0.015017598
387942,0.08980846
387947,0.099737875
387948,0.027095456
387952,0.2170262
387953,0.047670137
387954,0.04804907
387955,0.16031173
387956,0.07074515
387957,0.214441
387958,0.13952227
387960,0.00866594
387961,0.072812505
387962,0.11151125
387963,0.22901118
387964,0.19661172
387965,0.030539857
387966,0.074814044
387967,0.032173086
387968,0.054400112
387969,0.011510601
387970,0.08066604
387971,0.18518345
387972,0.037499756
387973,0.023711555
388053,0.27240443
388056,0.03306773
388057,0.10504803
388078,0.08589952
388079,0.012044425
388127,0.033549726
388155,0.092649065
388159,0.01969567
388169,0.03515243
388170,0.06840051
388173,0.02492148
388174,0.025595916
388176,0.055487283
388179,0.058842715
388182,0.05871527
388183,0.032928944
388187,0.08256747
388189,0.028774379
388191,0.0064296164
388193,0.073857054
388194,0.057826415
388195,0.037688937
388196,0.027843764
388198,0.03258162
388199,0.16634706
388201,0.11273537
388202,0.15625097
388203,0.13316745
388204,0.07705336
388206,0.07991394
388208,0.026133358
388209,0.041920286
388210,0.029168759
388211,0.008437198
388212,0.025593994
388213,0.056125652
388214,0.022192536
388215,0.08444284
388216,0.107489906
388217,0.060176473
388218,0.07389431
388219,0.01142334
388220,0.21501532
388221,0.053971857
388222,0.11636253
388223,0.030158252
388237,0.15974528
388238,0.021560593
388242,0.047214665
388243,0.1032034
388248,0.06158025
388249,0.1093311
388251,0.10747031
388253,0.14820331
388255,0.029080512
388256,0.07306682
388258,0.056260414
388259,0.09811879
388260,0.050841793
388262,0.3486556
388263,0.10549705
388264,0.034408964
388265,0.08610332
388266,0.046776865
388267,0.18808274
388269,0.42504284
388270,0.038304597
388271,0.028696105
388272,0.08930336
388273,0.03255293
388274,0.20083295
388275,0.20561655
388276,0.022550853
388397,0.1809641
388428,0.096502446
388429,0.027045313
388448,0.028105302
388449,0.0058594053
388460,0.11107631
388463,0.14510068
388465,0.21387649
388505,0.17524762
388508,0.07543486
388511,0.014420183
388525,0.063575156
388554,0.09332388
388561,0.22177792
388566,0.07115051
388572,0.008035479
388574,0.05190127
388585,0.018219704
388589,0.005469887
388590,0.09692499
388594,0.04009813
388596,0.06002816
388616,0.13365768
388621,0.042960845
388622,0.093563795
388627,0.020790687
388633,0.08603014
388639,0.033443145
388647,0.07579848
388655,0.07263104
388665,0.08161727
388667,0.04295239
388668,0.014673338
388669,0.1495456
388679,0.051752653
388683,0.020017328
388687,0.018829497
388688,0.03559176
388700,0.12654644
388703,0.13104069
388704,0.15819627
388705,0.11436621
388707,0.006387991
388712,0.033647243
388729,0.01021438
388733,0.014195142
388748,0.03719066
388754,0.035654638
388763,0.10975664
388777,0.04121884
388790,0.043429006
388800,0.32256678
388801,0.01538908
388812,0.106480695
388816,0.24545485
388835,0.088219576
388837,0.071697414
388842,0.013242316
388847,0.08546701
388848,0.030758172
388849,0.13013716
388850,0.13982598
388859,0.21887821
388864,0.06228925
388865,0.22355504
388870,0.052154467
388872,0.052478254
388873,0.04595171
388879,0.023035279
388890,0.14531499
388898,0.07790278
388899,0.06823608
388900,0.044904865
388913,0.35434568
388919,0.026821936
388921,0.20295383
388929,0.021106677
388945,0.09614279
388962,0.1600687
388963,0.046862368
388985,0.028379703
388986,0.025803173
388992,0.15664841
388993,0.08020907
389002,0.03951824
389006,0.015584466
389009,0.03828434
389018,0.108464755
389048,0.1143693
389051,0.03746199
389068,0.05040598
389069,0.09885974
389070,0.010461596
389080,0.044192072
389085,0.00827107
389090,0.020830441
389094,0.051225547
389097,0.21397553
389098,0.041482177
389101,0.052136283
389104,0.039051674
389131,0.3450329
389133,0.29786947
389134,0.005043593
389143,0.054318234
389176,0.20693637
389181,0.013842523
389192,0.023657372
389202,0.0499969
389222,0.034881882
389225,0.14068331
389227,0.09763372
389239,0.02173334
389245,0.14956945
389248,0.01665512
389258,0.048828457
389266,0.060180202
389268,0.06074597
389277,0.097937874
389280,0.14196374
389300,0.018291522
389319,0.119795434
389330,0.026217056
389338,0.022897366
389356,0.046734147
389363,0.10046425
389371,0.021779656
389377,0.12482504
389398,0.01696016
389409,0.03208241
389415,0.009359749
389418,0.062602475
389420,0.07152977
389426,0.1770856
389433,0.027899586
389434,0.01254185
389440,0.1476613
389441,0.01585721
389443,0.26100576
389448,0.15324946
389464,0.055424023
389466,0.017238012
389471,0.17686498
389473,0.034250822
389480,0.028790379
389481,0.013336481
389483,0.104419656
389486,0.015492115
389490,0.09885974
389500,0.021115487
389507,0.2710869
389509,0.025849486
389515,0.3891665
389517,0.017704992
389523,0.021530788
389527,0.018972099
389529,0.27364704
389532,0.09535781
389539,0.018441629
389550,0.025500739
389551,0.043202005
389552,0.099845394
389554,0.2791915
389563,0.19786525
389566,0.08284777
389572,0.007975999
389573,0.027658997
389585,0.15016077
389587,0.022481339
389589,0.02022401
389592,0.008536699
389601,0.2588276
389603,0.012410377
389604,0.115432054
389617,0.025936406
389618,0.1277157
389619,0.04740696
389622,0.07910343
389623,0.045492448
389627,0.06849997
389644,0.27004007
389667,0.014678315
389678,0.20539223
389694,0.025602052
389700,0.13341275
389707,0.0050346158
389714,0.008316242
389717,0.029594949
389732,0.039784722
389737,0.1359735
389741,0.05902422
389755,0.08754866
389756,0.061652355
389763,0.06253759
389772,0.21107347
389777,0.016206132
389778,0.06666141
389796,0.03784796
389798,0.00851497
389805,0.036154505
389807,0.023924971
389815,0.05552248
389818,0.054118805
389823,0.029644895
389824,0.03027947
389831,0.011557757
389856,0.1604153
389860,0.03113225
389862,0.041595522
389872,0.1819077
389875,0.020970553
389878,0.09631282
389879,0.055001944
389881,0.013259331
389895,0.046180002
389897,0.023537831
389898,0.033015348
389924,0.0760128
389929,0.020686861
389934,0.12954684
389947,0.061080284
389962,0.08637618
389981,0.008748903
390003,0.032381006
390006,0.04825108
390011,0.013722687
390041,0.03968092
390044,0.08617483
390045,0.058339722
390047,0.07189892
390048,0.2459408
390052,0.102386765
390056,0.024820402
390061,0.039441317
390065,0.030269695
390070,0.08453562
390073,0.10222547
390076,0.020586455
390087,0.08909543
390092,0.038277503
390095,0.060668156
390099,0.20092343
390107,0.078379385
390116,0.013815218
390130,0.019584185
390133,0.27521104
390144,0.03343335
390155,0.05427202
390159,0.050202638
390181,0.04221751
390183,0.019278709
390214,0.023992602
390222,0.13108267
390230,0.05238229
390235,0.036764763
390237,0.022208523
390242,0.6102633
390256,0.027703434
390259,0.16071343
390261,0.043803405
390268,0.069343925
390271,0.03305292
390274,0.062354673
390276,0.022626264
390279,0.10319294
390283,0.13350514
390285,0.025700163
390299,0.08158164
390316,0.014969146
390321,0.034831304
390330,0.05190838
390343,0.079858735
390346,0.2060275
390357,0.052780896
390359,0.19132145
390361,0.1422344
390365,0.051373515
390366,0.09367432
390372,0.11737805
390376,0.09552092
390378,0.16320431
390388,0.0818024
390391,0.022608902
390400,0.19341035
390407,0.12812118
390411,0.042866886
390419,0.036424547
390423,0.024781255
390437,0.023204645
390445,0.0066915485
390449,0.019611573
390455,0.0533592
390465,0.06468914
390491,0.024956621
390492,0.119410925
390494,0.051404152
390495,0.06418111
390497,0.0112922685
390504,0.07020664
390508,0.08826799
390510,0.11899553
390512,0.037476562
390524,0.0359975
390531,0.034434605
390558,0.14198269
390561,0.058661174
390564,0.005366329
390569,0.030440822
390574,0.027854873
390575,0.04627277
390587,0.15596324
390620,0.1172976
390621,0.10619828
390633,0.13264838
390634,0.15795517
390638,0.10003195
390639,0.022742363
390642,0.015386465
390647,0.13937968
390648,0.039750095
390663,0.045772865
390686,0.01579523
390688,0.14486888
390690,0.03257234
390691,0.045205485
390696,0.15051445
390703,0.03792241
390711,0.087676674
390722,0.02831814
390736,0.18517007
390747,0.23021683
390752,0.059745107
390760,0.045163058
390774,0.046356343
390777,0.027123475
390781,0.045584958
390793,0.038080182
390838,0.088488564
390847,0.12326333
390851,0.042074207
390854,0.015434404
390858,0.029609185
390864,0.03080907
390871,0.10712712
390905,0.040906332
390908,0.09097476
390910,0.013207799
390917,0.012357201
390919,0.014749359
390920,0.04265133
390922,0.014542623
390928,0.06278807
390929,0.039895624
390953,0.06620798
390955,0.008467786
390959,0.019866358
390962,0.042342775
390971,0.21948601
390972,0.075415045
390990,0.005429742
390994,0.13305408
390997,0.24063444
391015,0.027468067
391034,0.018691158
391038,0.09704952
391043,0.043203346
391048,0.019823981
391049,0.03175828
391056,0.06765122
391060,0.063611954
391072,0.076603964
391073,0.034208283
391077,0.027120128
391086,0.030611333
391092,0.059748955
391096,0.029863467
391118,0.038009617
391123,0.113596976
391136,0.0492774
391137,0.01212126
391145,0.032105487
391162,0.011365561
391164,0.13037135
391168,0.105397984
391172,0.074379206
391184,0.084365144
391188,0.043674327
391198,0.13438044
391207,0.024314344
391208,0.008521961
391209,0.16858967
391230,0.0757422
391232,0.06192339
391236,0.05892414
391237,0.1813075
391245,0.05847164
391269,0.044759594
391274,0.016746344
391275,0.16079979
391276,0.061990734
391279,0.10415772
391285,0.024569556
391306,0.027469544
391310,0.03721397
391321,0.008408027
391327,0.018159676
391341,0.22364554
391350,0.022250565
391353,0.0059561795
391354,0.023987252
391357,0.035803214
391367,0.42023742
391371,0.077562384
391384,0.090297446
391387,0.034729008
391388,0.071414724
391392,0.013785754
391408,0.010811006
391433,0.018658083
391439,0.059111796
391443,0.12578094
391445,0.020170301
391449,0.09433394
391450,0.08412279
391461,0.06999578
391469,0.016486729
391486,0.02447338
391487,0.18513635
391500,0.020918638
391501,0.03629174
391505,0.004262149
391516,0.07870758
391517,0.020035919
391522,0.031604953
391539,0.2668538
391543,0.31015852
391546,0.07828876
391552,0.23785548
391555,0.060850766
391564,0.013554483
391565,0.074618
391570,0.013970554
391586,0.13626084
391587,0.057693567
391588,0.02372627
391590,0.052112337
391613,0.32795838
391614,0.12893398
391617,0.0057472866
391623,0.08292426
391635,0.0544014
391653,0.021341458
391661,0.08976464
391670,0.020209292
391682,0.027913619
391713,0.012143434
391717,0.06972154
391726,0.38227627
391738,0.07876612
391740,0.033438075
391741,0.017336199
391742,0.03218749
391756,0.017945249
391765,0.26259357
391766,0.028652316
391768,0.036648788
391771,0.019523278
391784,0.05476616
391786,0.27255395
391791,0.035045136
391798,0.030541666
391820,0.3360444
391831,0.06523079
391842,0.016189909
391843,0.010424082
391853,0.016755886
391858,0.12207887
391866,0.2551516
391867,0.010981753
391870,0.06782357
391879,0.10196742
391903,0.06327372
391915,0.035557214
391920,0.01079851
391929,0.083608545
391935,0.023910923
391944,0.017554624
391945,0.14279546
391947,0.14095213
391957,0.038390417
391960,0.063348345
391966,0.06342495
391977,0.027119262
391983,0.031820733
391990,0.1156288
391999,0.018625053
392010,0.01653862
392011,0.014127951
392012,0.033169042
392013,0.014064407
392015,0.013275112
392027,0.0843029
392029,0.061761696
392031,0.07268119
392035,0.013588956
392042,0.024257824
392049,0.03457645
392050,0.04335663
392062,0.057569522
392068,0.11230379
392071,0.024917722
392079,0.029431364
392087,0.021476112
392106,0.13061284
392111,0.02921469
392123,0.15161772
392127,0.3081149
392132,0.16969721
392149,0.20669821
392151,0.016660625
392175,0.21891317
392186,0.09304629
392190,0.2471587
392196,0.19543764
392202,0.054301973
392212,0.07149047
392221,0.08708424
392224,0.18390825
392230,0.024501486
392232,0.13460232
392234,0.25015867
392239,0.045547258
392240,0.06916334
392241,0.0043201507
392243,0.30894727
392250,0.030317929
392253,0.016344773
392258,0.04866412
392260,0.0227187
392270,0.19641146
392280,0.03307855
392283,0.013717797
392293,0.027482452
392311,0.060914323
392316,0.030145202
392317,0.14943519
392319,0.059543747
392328,0.029291838
392363,0.047550477
392369,0.03143564
392371,0.080803655
392372,0.1374078
392386,0.05627808
392389,0.2518592
392390,0.11045845
392391,0.10373747
392398,0.024966074
392399,0.03399079
392404,0.11641391
392405,0.01552288
392408,0.2388076
392422,0.03481643
392423,0.037568554
392424,0.06583832
392429,0.035189915
392430,0.11923862
392431,0.04137127
392437,0.028537124
392450,0.04064201
392458,0.025439428
392460,0.059965566
392469,0.12771018
392474,0.06648105
392491,0.25631765
392495,0.013373708
392513,0.306355
392526,0.10627799
392527,0.15155454
392534,0.083463624
392540,0.14098932
392554,0.1293601
392571,0.025534067
392578,0.079027146
392583,0.019086992
392588,0.09072947
392594,0.12173154
392604,0.016358985
392610,0.36303088
392613,0.030475454
392619,0.06427338
392622,0.13749579
392624,0.018183839
392629,0.3284421
392634,0.06624499
392639,0.01033353
392649,0.0379168
392671,0.11046855
392680,0.3157999
392682,0.011219332
392684,0.059147846
392685,0.050515648
392686,0.35418504
392699,0.023933353
392704,0.018603772
392709,0.0862307
392714,0.17355739
392717,0.019326374
392727,0.05288786
392730,0.06451684
392741,0.036507852
392754,0.0059201904
392762,0.034622878
392774,0.048029795
392775,0.098337874
392793,0.055737827
392800,0.046876576
392809,0.12199741
392812,0.028884033
392814,0.03722677
392820,0.13122658
392825,0.02123509
392847,0.047266975
392849,0.20111308
392861,0.22536993
392868,0.08764681
392880,0.19117936
392882,0.087425895
392888,0.059676796
392905,0.01007949
392909,0.14410433
392915,0.06299642
392925,0.04576966
392931,0.037130035
392933,0.04246323
392935,0.05713468
392939,0.064674124
392951,0.030816304
392960,0.014716598
392962,0.074919395
392964,0.03861009
392970,0.018586937
392980,0.045303274
392981,0.046797704
392985,0.03275277
392990,0.05964261
392992,0.24415298
392998,0.057274584
392999,0.051594157
393007,0.015113307
393009,0.046172198
393012,0.06295791
393014,0.023995867
393015,0.071330324
393035,0.07467704
393055,0.008642846
393056,0.106598966
393075,0.051190138
393078,0.011389884
393094,0.040808536
393111,0.037831046
393115,0.041145127
393117,0.14595653
393118,0.021638619
393128,0.17415808
393129,0.019498257
393136,0.02067457
393138,0.050226767
393139,0.2290574
393156,0.021428714
393159,0.24329753
393168,0.026201276
393172,0.04365609
393177,0.027459312
393189,0.0044252677
393194,0.18752152
393201,0.04785766
393202,0.07842418
393209,0.009293829
393216,0.24799103
393218,0.17210662
393224,0.019423453
393227,0.054310545
393232,0.043652166
393256,0.038859118
393257,0.036567643
393258,0.2668174
393267,0.05092888
393269,0.020847084
393275,0.10011777
393278,0.02816819
393279,0.22180049
393312,0.073573954
393318,0.04642258
393343,0.08869387
393351,0.1088046
393356,0.02218907
393361,0.12723117
393370,0.13701232
393381,0.023850512
393395,0.14040263
393405,0.025746347
393416,0.110072225
393419,0.019011041
393430,0.082952745
393443,0.09266875
393454,0.3070062
393478,0.007193781
393489,0.013088801
393499,0.07300378
393503,0.028969165
393505,0.052839957
393507,0.049707647
393526,0.065244935
393537,0.03611033
393543,0.051311467
393555,0.019782556
393562,0.088976905
393573,0.14766203
393587,0.1908684
393591,0.07530593
393606,0.037102647
393621,0.06410434
393624,0.035619177
393625,0.08425118
393628,0.1729184
393633,0.02596022
393641,0.08856138
393642,0.059193157
393650,0.038154844
393658,0.15382512
393669,0.026357261
393671,0.05848063
393672,0.03114744
393680,0.02035026
393683,0.21119353
393684,0.030499266
393691,0.011771412
393696,0.06527112
393699,0.02383475
393708,0.035193883
393709,0.20911965
393711,0.029428953
393720,0.17045048
393738,0.008985331
393740,0.046473753
393762,0.00664623
393774,0.0121615855
393776,0.017647572
393778,0.067388125
393793,0.04188615
393804,0.07372457
393818,0.38680834
393821,0.01750749
393822,0.013388823
393833,0.32571447
393839,0.050906654
393840,0.06792318
393843,0.031107105
393852,0.013711739
393855,0.017433139
393860,0.12929672
393864,0.07253716
393877,0.0731126
393882,0.12514323
393884,0.09870296
393886,0.033395667
393892,0.04249244
393894,0.015955932
393902,0.026672497
393909,0.14999333
393910,0.008992263
393911,0.050577458
393934,0.014339537
393936,0.114329726
393939,0.070969045
393940,0.009903574
393943,0.038572945
393946,0.13242362
393950,0.018276295
393953,0.042676996
393959,0.27018535
393974,0.17355165
393980,0.15923361
393983,0.022411887
393985,0.060078707
393992,0.010780388
393995,0.06634691
394008,0.12418776
394010,0.059517797
394022,0.045493513
394062,0.021559592
394063,0.027372941
394066,0.02653263
394069,0.09684465
394071,0.064855486
394082,0.025963416
394087,0.041971132
394095,0.00973479
394097,0.13573374
394106,0.090859935
394113,0.449993
394115,0.21595888
394125,0.022050153
394131,0.036622215
394132,0.081894405
394141,0.15306236
394145,0.22066465
394153,0.40211323
394159,0.015421937
394180,0.020805836
394186,0.07192918
394200,0.10208337
394203,0.018344795
394210,0.04082601
394214,0.10614654
394218,0.098012954
394231,0.08708007
394240,0.14125487
394248,0.090033084
394249,0.0063144155
394254,0.14446338
394264,0.038327202
394267,0.10320252
394269,0.12132209
394275,0.15611865
394289,0.012214298
394295,0.018177463
394305,0.12124677
394308,0.056032903
394317,0.011170107
394323,0.14042045
394332,0.014098454
394336,0.054631073
394345,0.2750078
394346,0.026977241
394347,0.021403333
394351,0.09375584
394355,0.21417628
394360,0.014150578
394372,0.08731724
394373,0.18510993
394374,0.0160302
394382,0.10402938
394385,0.039995745
394409,0.15546435
394415,0.015420165
394433,0.057911206
394445,0.017742414
394448,0.061675165
394451,0.08078338
394467,0.046432342
394471,0.025049808
394473,0.12897584
394474,0.03405377
394476,0.05580212
394492,0.006559248
394502,0.03751494
394506,0.057568245
394510,0.056155734
394515,0.009446097
394535,0.123592
394537,0.30861786
394539,0.057089966
394541,0.061936133
394564,0.11206269
394567,0.030078936
394568,0.05199188
394571,0.15489368
394576,0.028185857
394579,0.2104738
394585,0.025017204
394588,0.009544958
394606,0.018319452
394623,0.023623863
394632,0.20970894
394635,0.06558217
394642,0.014934342
394653,0.05293924
394689,0.028621666
394695,0.038817048
394699,0.052134763
394706,0.10598357
394712,0.18257403
394721,0.28199023
394722,0.07482608
394739,0.015899206
394742,0.14852671
394761,0.049702115
394775,0.044050768
394777,0.114975914
394783,0.09758175
394800,0.06720571
394803,0.0047434997
394804,0.30612606
394815,0.012115204
394835,0.12764207
394843,0.2784608
394845,0.28052315
394847,0.026606813
394848,0.106363006
394850,0.0337496
394857,0.054782607
394873,0.12752016
394892,0.12074456
394898,0.020897783
394904,0.102648854
394918,0.25151414
394920,0.14022131
394926,0.009168882
394927,0.03373394
394940,0.042734075
394942,0.018538386
394943,0.11746708
394959,0.048386544
394977,0.14747311
394991,0.055141672
395014,0.29350987
395027,0.02090496
395042,0.21944956
395062,0.15297069
395063,0.28736326
395064,0.033933043
395076,0.052714735
395085,0.19494289
395095,0.043738265
395100,0.032736737
395105,0.13481346
395108,0.01704439
395110,0.09575827
395114,0.1698353
395123,0.09255211
395131,0.06539687
395144,0.05961888
395152,0.16141891
395159,0.059813097
395166,0.06062173
395197,0.024089275
395210,0.036897015
395212,0.0398638
395216,0.095818505
395218,0.07467964
395224,0.015721112
395225,0.09792819
395233,0.06697589
395237,0.015569791
395246,0.068199076
395248,0.23360084
395262,0.0368699
395271,0.018324435
395275,0.024650063
395286,0.0388259
395316,0.105075695
395318,0.32905573
395328,0.08343313
395334,0.047412746
395337,0.09487464
395338,0.064456515
395346,0.08501611
395365,0.06866386
395373,0.18374465
395383,0.29503673
395387,0.050721813
395391,0.0192626
395401,0.06690669
395432,0.0074475757
395443,0.009290264
395447,0.074576624
395448,0.12235679
395450,0.021844383
395456,0.03218591
395459,0.19245005
395462,0.052882973
395488,0.17106982
395492,0.024981849
395495,0.05852456
395504,0.15078303
395507,0.06155665
395508,0.14340207
395509,0.02241756
395513,0.07127515
395515,0.07985386
395517,0.15592666
395520,0.18012148
395524,0.021947542
395525,0.01453579
395533,0.031380814
395538,0.034973435
395545,0.0260779
395553,0.0419803
395576,0.12448081
395585,0.061520323
395590,0.037861876
395593,0.038367312
395595,0.020070031
395603,0.057337835
395604,0.07894138
395611,0.13172567
395612,0.034448948
395617,0.024934521
395624,0.018429182
395653,0.15568745
395665,0.02041806
395668,0.04621569
395672,0.10338654
395677,0.14582261
395692,0.0070519927
395693,0.0861599
395694,0.061354075
395696,0.108476564
395699,0.025981909
395703,0.02496419
395712,0.19330108
395731,0.026853908
395732,0.023658931
395735,0.037438028
395736,0.033959568
395744,0.26267552
395763,0.028470607
395771,0.01030755
395774,0.03398681
395784,0.034119718
395790,0.06969269
395792,0.3334517
395796,0.044152673
395808,0.116142005
395810,0.08935132
395814,0.14308205
395831,0.13391222
395836,0.03760861
395837,0.014415819
395852,0.04940884
395854,0.005032557
395856,0.09857361
395857,0.048084296
395860,0.012972932
395862,0.0093552405
395875,0.02773971
395880,0.016504359
395893,0.13866119
395900,0.0148254065
395908,0.06348568
395921,0.33941197
395922,0.009464912
395926,0.06632233
395933,0.014778103
395936,0.021766607
395940,0.026810918
395951,0.07883023
395964,0.0026840805
395969,0.018201426
395971,0.03695906
395973,0.022857457
395975,0.066604756
395984,0.34648007
395993,0.03293448
396012,0.14755419
396033,0.22566362
396035,0.058009062
396036,0.119689174
396041,0.053549133
396048,0.10068032
396049,0.05958082
396057,0.023018299
396060,0.079612546
396063,0.016485607
396078,0.13253365
396085,0.112075895
396087,0.07317926
396094,0.051422443
396104,0.035147563
396110,0.05017464
396123,0.2030397
396139,0.053632293
396160,0.018670905
396165,0.045749795
396169,0.086099625
396182,0.02029042
396200,0.31177703
396201,0.007658094
396202,0.033209633
396216,0.162486
396227,0.023213683
396236,0.008471622
396240,0.2698442
396249,0.014851862
396252,0.038732793
396253,0.17136025
396276,0.03503607
396297,0.020204721
396301,0.014927173
396310,0.024381518
396327,0.051221065
396330,0.044616483
396331,0.037565064
396334,0.014045298
396337,0.051668324
396343,0.04615532
396346,0.015951551
396350,0.2059686
396368,0.031145839
396375,0.102632426
396378,0.06400922
396380,0.1598345
396393,0.014316594
396397,0.029230138
396403,0.028512077
396404,0.37342587
396408,0.028190076
396414,0.058641516
396418,0.21155019
396420,0.015941527
396426,0.10239051
396428,0.026614366
396434,0.24309912
396435,0.036222413
396437,0.015262676
396442,0.046497907
396444,0.018928971
396449,0.01756378
396453,0.116372265
396464,0.025691533
396474,0.047251463
396483,0.022081923
396496,0.063276954
396501,0.06352756
396505,0.027866827
396506,0.013618388
396512,0.011369929
396513,0.17219618
396518,0.039095126
396530,0.10533947
396542,0.04410833
396549,0.007500784
396553,0.02692337
396555,0.18994385
396557,0.03877126
396562,0.185805
396566,0.024734234
396588,0.1738819
396589,0.09377748
396590,0.23276648
396597,0.0053660925
396602,0.012284841
396609,0.47728193
396614,0.15429975
396617,0.10693455
396620,0.088865034
396625,0.44208774
396638,0.052799664
396640,0.09207662
396646,0.04078084
396648,0.033994306
396653,0.13073662
396663,0.06951586
396668,0.03824326
396670,0.12699883
396678,0.019868676
396681,0.04014157
396698,0.008079945
396699,0.21685798
396710,0.046171714
396713,0.11010608
396729,0.02304086
396732,0.10685849
396735,0.20388067
396752,0.1730252
396754,0.032456376
396761,0.013887972
396769,0.09406163
396777,0.016076734
396789,0.2625812
396790,0.030716723
396792,0.0481655
396824,0.06598163
396829,0.05655625
396830,0.05374497
396844,0.040500905
396849,0.037867993
396855,0.30105698
396864,0.15182473
396865,0.1354829
396866,0.035789505
396883,0.026563821
396889,0.12208502
396893,0.022315806
396900,0.08013968
396904,0.1415126
396912,0.017157802
396916,0.010678957
396922,0.01537579
396926,0.017169394
396928,0.06920626
396931,0.09816285
396944,0.024484044
396949,0.06055236
396952,0.31712195
396979,0.22783682
396984,0.01629413
396986,0.0137817925
396992,0.011737844
396995,0.61640173
397014,0.12199942
397025,0.02338224
397046,0.17871346
397047,0.052949697
397051,0.034675933
397052,0.10289792
397058,0.035425864
397071,0.030908069
397081,0.026703866
397084,0.010804516
397086,0.17970057
397088,0.08899114
397090,0.20502928
397093,0.10086095
397106,0.024726495
397109,0.2692857
397110,0.06305731
397118,0.015023828
397119,0.08073943
397120,0.013935763
397127,0.06498042
397128,0.030432627
397129,0.06851181
397132,0.023557825
397138,0.016246537
397139,0.09789178
397146,0.10886955
397148,0.34868893
397149,0.082252614
397166,0.010783926
397167,0.11912905
397168,0.042081058
397171,0.020635743
397178,0.1224881
397185,0.02527793
397191,0.028507726
397195,0.052619144
397197,0.1848064
397198,0.07071292
397211,0.050627246
397213,0.02875984
397216,0.019451214
397219,0.09092152
397226,0.04515592
397241,0.020103369
397249,0.1211678
397261,0.035793275
397265,0.013626057
397281,0.01229459
397304,0.031338584
397306,0.035831586
397325,0.07672142
397327,0.020213211
397345,0.38539407
397360,0.019958192
397378,0.025972595
397383,0.046301544
397384,0.034036465
397399,0.108128674
397415,0.02497178
397433,0.0050858413
397444,0.21531463
397452,0.20924371
397458,0.02530503
397460,0.02815585
397462,0.054006454
397464,0.05184815
397466,0.329928
397472,0.010243399
397474,0.025424927
397476,0.12435426
397482,0.17849664
397492,0.1318705
397494,0.007922261
397501,0.21680745
397507,0.18624724
397512,0.07978032
397513,0.050764203
397517,0.014866078
397533,0.07791194
397549,0.22411028
397560,0.06564662
397562,0.020400882
397570,0.06774541
397575,0.011885848
397584,0.0372284
397585,0.00913711
397593,0.027236236
397609,0.201658
397615,0.011874754
397630,0.25854972
397631,0.024367157
397633,0.119219385
397641,0.018300736
397664,0.016482469
397668,0.024798246
397674,0.055987637
397679,0.07363017
397681,0.117049485
397694,0.036325477
397695,0.072683685
397707,0.28265306
397713,0.01183645
397714,0.078198336
397715,0.03171693
397724,0.0373024
397726,0.23259911
397729,0.015954211
397739,0.01278465
397741,0.019246671
397759,0.10260973
397761,0.027805619
397767,0.18893848
397776,0.17284772
397782,0.16770692
397785,0.054685377
397789,0.018229332
397793,0.048628226
397794,0.12418039
397804,0.03056757
397815,0.02707361
397816,0.063112505
397825,0.08227706
397857,0.18117103
397861,0.022958746
397890,0.121908605
397891,0.33905244
397900,0.06435026
397903,0.06098407
397911,0.026274063
397925,0.085228965
397928,0.076246284
397954,0.017102784
397955,0.009069999
397962,0.09751194
397971,0.019276181
397975,0.05383377
397984,0.17614378
397989,0.0072359284
397993,0.07415255
398004,0.01350187
398032,0.34201765
398038,0.03619994
398043,0.032139197
398046,0.033299442
398051,0.2356939
398061,0.020949246
398082,0.035765603
398086,0.03150021
398087,0.10728971
398088,0.07245942
398093,0.034806784
398103,0.03154452
398106,0.06723095
398109,0.12080945
398110,0.012069047
398113,0.058011863
398116,0.106935956
398132,0.024023158
398135,0.06845398
398138,0.028560586
398159,0.0949065
398163,0.21877809
398165,0.11026482
398166,0.05420384
398173,0.051914472
398179,0.082506284
398181,0.081195645
398189,0.011276026
398196,0.057130367
398206,0.07863785
398208,0.10273207
398220,0.031379495
398231,0.030687043
398234,0.307806
398239,0.030602241
398254,0.017283816
398260,0.03301807
398261,0.025414113
398269,0.14336976
398274,0.025620181
398279,0.017455507
398280,0.06348796
398292,0.120875515
398293,0.025775876
398295,0.054507848
398329,0.02975239
398337,0.06300393
398344,0.018588873
398347,0.042015474
398348,0.4655647
398352,0.0035985662
398355,0.1284075
398360,0.14470673
398363,0.051845703
398368,0.05266019
398373,0.113240376
398377,0.03601481
398384,0.06264272
398389,0.03481702
398394,0.18450369
398397,0.030751796
398400,0.06127527
398409,0.056104816
398429,0.04055897
398432,0.089122556
398444,0.2259788
398446,0.41640967
398456,0.030465087
398461,0.02401946
398473,0.028749222
398480,0.04398401
398481,0.12331963
398485,0.08372685
398488,0.3047652
398500,0.0460387
398520,0.12935099
398524,0.04499572
398534,0.024788013
398554,0.016252764
398572,0.03198312
398580,0.09415108
398586,0.0292452
398592,0.23241302
398606,0.06035802
398619,0.06981507
398621,0.059183203
398625,0.14330426
398645,0.06404665
398652,0.40865737
398656,0.0046483898
398661,0.13582833
398667,0.043467592
398669,0.10505241
398676,0.062385887
398690,0.041160908
398699,0.11549724
398715,0.05796948
398718,0.0037772667
398721,0.015141313
398729,0.035679635
398737,0.09134309
398738,0.010198705
398752,0.08257036
398757,0.07681904
398759,0.038252436
398764,0.11105093
398771,0.053186696
398773,0.02932129
398775,0.03195275
398779,0.178538
398791,0.071153924
398807,0.080159545
398811,0.08176779
398814,0.12429173
398817,0.012900638
398829,0.03224883
398830,0.013277067
398838,0.011856377
398839,0.20788305
398841,0.080492534
398850,0.014862936
398852,0.018203855
398858,0.13452925
398859,0.0586925
398862,0.13019565
398870,0.107179716
398875,0.045370195
398902,0.011483095
398910,0.005336899
398919,0.14756411
398929,0.041123822
398935,0.36304426
398940,0.018255038
398953,0.065620534
398956,0.06462646
398963,0.018654298
398966,0.0737208
398967,0.06666566
398968,0.05805105
398974,0.043497548
398976,0.023836479
398982,0.04395158
398993,0.06305083
399011,0.13910845
399016,0.13551658
399017,0.061269827
399020,0.10513117
399047,0.16310313
399053,0.3753784
399056,0.015077846
399061,0.014193915
399066,0.16418537
399074,0.0791764
399086,0.05714239
399088,0.20992874
399091,0.07790475
399092,0.053076163
399093,0.0640022
399100,0.0073959115
399124,0.04161317
399131,0.10490932
399142,0.018818725
399149,0.035906427
399158,0.25052875
399160,0.012889591
399167,0.017015958
399169,0.14404431
399171,0.0054821023
399174,0.044818357
399178,0.14226305
399179,0.25506893
399184,0.05831378
399185,0.014398235
399186,0.09459487
399191,0.026155714
399192,0.026622215
399195,0.36092645
399212,0.11573449
399221,0.06946901
399223,0.21097988
399230,0.13978587
399246,0.0687601
399260,0.06624737
399261,0.110981174
399266,0.034826197
399289,0.01864774
399293,0.041853823
399299,0.025108632
399306,0.010649105
399321,0.020005634
399328,0.02250769
399344,0.013689388
399352,0.050762028
399358,0.02899781
399374,0.12284003
399382,0.26544073
399385,0.08062965
399388,0.02808335
399399,0.009562221
399410,0.009471709
399417,0.009445552
399423,0.027569182
399427,0.012878906
399429,0.08629495
399435,0.028152473
399439,0.028546056
399451,0.105273895
399454,0.015010121
399458,0.103467725
399468,0.01527843
399477,0.102214314
399483,0.19197628
399493,0.022295991
399494,0.06622119
399499,0.06400436
399503,0.114194
399510,0.01844045
399511,0.026824238
399525,0.024513416
399528,0.07849703
399533,0.10453214
399538,0.10663936
399551,0.08954563
399568,0.22022209
399571,0.02029167
399585,0.00516997
399589,0.06897422
399595,0.015681863
399598,0.021494297
399605,0.07175244
399616,0.059691995
399617,0.022296574
399622,0.026337536
399627,0.19917755
399635,0.074588895
399639,0.44150442
399641,0.08335663
399643,0.029484134
399659,0.011251084
399667,0.0758932
399683,0.03993214
399702,0.1507928
399706,0.20714122
399720,0.018269768
399727,0.05624132
399730,0.23932458
399734,0.036481153
399751,0.043521963
399754,0.17655909
399759,0.07795373
399768,0.057596643
399770,0.18961273
399781,0.12712704
399786,0.28350064
399799,0.03809561
399811,0.008927988
399813,0.03834712
399820,0.048410635
399832,0.030574031
399851,0.13601248
399853,0.01751576
399855,0.072610326
399860,0.25754696
399876,0.22448815
399877,0.052676044
399881,0.011406729
399882,0.047759667
399903,0.053575203
399906,0.052083403
399912,0.17831321
399915,0.05978621
399921,0.019909333
399935,0.055774968
399936,0.13837261
399938,0.02688708
399939,0.015249129
399940,0.012566582
399949,0.12923813
399953,0.0060243155
399959,0.18025835
399968,0.025471587
399969,0.016011348
399972,0.040603552
399974,0.03003481
399976,0.021739814
399979,0.03507908
399988,0.04678791
399994,0.30575207
399996,0.06728931
399997,0.056177206
400000,0.026358431
400004,0.0223523
400011,0.07223011
400014,0.38492242
400015,0.034687422
400017,0.031073006
400046,0.048815783
400063,0.11931231
400065,0.032896567
400069,0.02085179
400075,0.011473815
400088,0.01404281
400091,0.024325386
400105,0.017131897
400108,0.2808793
400113,0.046079
400119,0.04990576
400123,0.062382575
400127,0.037382804
400136,0.025961246
400137,0.14840043
400138,0.19189595
400158,0.14631245
400172,0.055926714
400174,0.029347261
400224,0.074087776
400229,0.109048314
400236,0.36445105
400240,0.023553163
400249,0.009222297
400258,0.1023226
400268,0.12064332
400272,0.01092107
400284,0.074741386
400292,0.0077545466
400295,0.070644625
400308,0.06139664
400314,0.05775556
400315,0.011342358
400331,0.22729078
400332,0.034562867
400339,0.0108410055
400342,0.059214402
400361,0.023802249
400363,0.06720819
400365,0.019349478
400374,0.052958496
400379,0.031486783
400382,0.013866797
400416,0.03441889
400422,0.04091348
400436,0.04588476
400460,0.076403365
400462,0.21002656
400468,0.12414284
400482,0.06466828
400489,0.050538648
400490,0.12618199
400501,0.032351453
400519,0.030664945
400525,0.39714313
400526,0.004857321
400529,0.1792099
400540,0.048435014
400543,0.09313804
400545,0.032557905
400556,0.075893134
400572,0.05207865
400584,0.015962036
400589,0.052585457
400593,0.21082406
400597,0.08439742
400616,0.04889624
400642,0.09203499
400643,0.05051178
400649,0.0137241585
400672,0.0975406
400685,0.01853918
400693,0.06282142
400695,0.075022854
400701,0.015868727
400720,0.024404833
400741,0.059904985
400745,0.059420306
400750,0.025806576
400779,0.17864487
400784,0.038549602
400792,0.08553097
400800,0.01360083
400811,0.029984564
400813,0.21749735
400820,0.005463724
400830,0.017902674
400833,0.008377763
400834,0.04357143
400841,0.017668076
400855,0.19452971
400856,0.06435339
400860,0.009423324
400866,0.049229234
400869,0.07311939
400870,0.07751948
400880,0.021219991
400882,0.025388042
400915,0.100519136
400921,0.11883896
400923,0.11219489
400925,0.021390302
400936,0.044336416
400943,0.22011863
400962,0.0140907345
400963,0.080963425
400967,0.029235246
400970,0.05199596
400975,0.010325048
400981,0.18987042
400983,0.19917804
400987,0.019014882
400988,0.019817658
400994,0.08096177
400998,0.12653324
401002,0.011384581
401003,0.12245017
401005,0.03968317
401007,0.041955385
401022,0.16266657
401029,0.28683662
401035,0.029522317
401036,0.20671028
401040,0.011859294
401045,0.04927372
401053,0.040533535
401065,0.025609463
401067,0.06453503
401069,0.036083344
401073,0.12170724
401074,0.22050713
401078,0.070809506
401082,0.3210635
401086,0.067392856
401092,0.060107794
401097,0.022383962
401098,0.017155398
401099,0.12275353
401100,0.06671828
401107,0.061613545
401119,0.16051005
401120,0.019936083
401137,0.23504406
401142,0.29179418
401162,0.020252345
401163,0.1962806
401172,0.022047414
401179,0.096283525
401182,0.051111743
401184,0.079820536
401190,0.015764313
401207,0.03781176
401210,0.013771692
401220,0.027827635
401225,0.014338136
401230,0.084893785
401240,0.016265547
401246,0.0710222
401256,0.14347447
401273,0.015998522
401274,0.06917365
401287,0.06317569
401292,0.119904116
401305,0.13174984
401310,0.020516152
401311,0.0821677
401321,0.028819146
401332,0.038663037
401338,0.03139763
401345,0.041008234
401368,0.036345396
401375,0.38199976
401378,0.015702035
401379,0.012064522
401395,0.03020515
401403,0.06753738
401406,0.008648506
401415,0.04908062
401424,0.036413968
401425,0.037019152
401428,0.20613319
401430,0.06999783
401436,0.042421654
401440,0.035920247
401443,0.03831246
401447,0.009667778
401448,0.021936275
401450,0.012128737
401459,0.02861293
401462,0.027528254
401470,0.3469272
401479,0.05253107
401481,0.008177423
401486,0.07311358
401496,0.013554527
401497,0.104824096
401502,0.029392773
401508,0.057383277
401513,0.117815554
401517,0.3626523
401519,0.17533699
401533,0.15870595
401536,0.19580437
401547,0.026055856
401581,0.053404294
401582,0.028449869
401586,0.060562454
401593,0.26405144
401603,0.061123338
401621,0.05722755
401625,0.052728165
401635,0.43111238
401646,0.04256646
401649,0.014519523
401660,0.056214474
401668,0.15128236
401686,0.008825692
401706,0.21529405
401712,0.10166544
401721,0.038834706
401725,0.11111014
401730,0.36073667
401741,0.014241317
401743,0.016769389
401748,0.06503649
401751,0.014247029
401770,0.045728464
401791,0.01992249
401792,0.052818626
401808,0.13268024
401816,0.015772995
401820,0.25844982
401821,0.036085095
401828,0.026129821
401830,0.18515433
401832,0.025308512
401839,0.08333449
401852,0.0034945118
401868,0.016871406
401876,0.036775723
401879,0.26907453
401882,0.011188941
401894,0.103359275
401899,0.17360926
401901,0.19184785
401913,0.041528005
401919,0.013792186
401920,0.016892266
401923,0.014499299
401924,0.22141233
401932,0.17536877
401942,0.23890929
401949,0.047734506
401950,0.1361008
401951,0.02065637
401952,0.05713818
401971,0.1666469
401972,0.057837572
401973,0.030932175
401974,0.078094505
401983,0.09124908
401984,0.021772634
401988,0.010232334
401989,0.10315857
401990,0.02338914
402024,0.07705942
402029,0.05976619
402030,0.19828813
402041,0.08096154
402042,0.068061404
402043,0.028823515
402052,0.1270922
402053,0.019296939
402054,0.026868653
402057,0.039935302
402067,0.020760536
402068,0.006555579
402069,0.08427962
402070,0.078242116
402071,0.014523665
402073,0.017834216
402074,0.03193925
402075,0.06329553
402076,0.06487955
402077,0.034784045
402078,0.27238616
402079,0.19329524
402080,0.024821313
402081,0.011437921
402082,0.08193881
402089,0.07527647
402090,0.025373677
402091,0.12931216
402092,0.041103195
402094,0.036371734
402095,0.012464699
402096,0.024252795
402109,0.09688768
402151,0.04112334
402152,0.03686777
402153,0.028663097
402155,0.022441624
402201,0.018593123
402210,0.08029258
402212,0.045455348
402218,0.02452136
402227,0.08245703
402234,0.10194334
402236,0.018200349
402242,0.083227575
402243,0.031428613
402244,0.36897343
402245,0.010716371
402250,0.044820264
402251,0.12959783
402254,0.27905717
402255,0.14208898
402256,0.050567795
402257,0.18814956
402258,0.15771233
402259,0.02990604
402260,0.011271195
402261,0.22801273
402262,0.018493399
402263,0.12864362
402264,0.012694689
402265,0.03971062
402266,0.20096849
402267,0.046614762
402268,0.020659003
402270,0.016446449
402271,0.0074920957
402272,0.044174373
402273,0.027089886
402274,0.025643017
402275,0.046789058
402276,0.02284841
402277,0.049277265
402278,0.0144027565
402279,0.18798801
402280,0.010042106
402362,0.10725121
402363,0.008437393
402364,0.043590568
402370,0.018201333
402376,0.018907463
402381,0.112111434
402384,0.05589518
402389,0.061114993
402414,0.023374928
402416,0.0083421115
402417,0.017123517
402420,0.065179676
402426,0.010040821
402436,0.4375617
402444,0.028812109
402447,0.040165663
402449,0.024993727
402454,0.29014578
402458,0.21463774
402460,0.047226064
402466,0.02528589
402475,0.07210616
402498,0.15475215
402502,0.060126964
402505,0.06152051
402509,0.08142594
402513,0.14642642
402517,0.021084024
402519,0.028003223
402522,0.04786301
402523,0.016493682
402525,0.06627547
402528,0.16361949
402534,0.08512975
402536,0.048913006
402542,0.03697083
402548,0.37171263
402552,0.107611135
402559,0.04703552
402563,0.0180164
402568,0.028251091
402573,0.23085852
402574,0.061394136
402575,0.062402893
402577,0.045724634
402602,0.021267299
402603,0.12007505
402604,0.03334395
402614,0.14659373
402615,0.05187867
402616,0.016683975
402617,0.25250998
402618,0.14284377
402619,0.016263396
402639,0.026201574
402640,0.036777683
402641,0.40414023
402642,0.007350755
402643,0.010787976
402644,0.046683837
402645,0.032216907
402649,0.029142762
402650,0.19285965
402653,0.13317497
402654,0.013882716
402655,0.24706835
402656,0.11039005
402657,0.039765622
402658,0.010528569
402659,0.012758929
402662,0.013118425
402696,0.01348649
402705,0.024846442
402707,0.118339285
402708,0.07075506
402709,0.04524616
402729,0.13244425
402730,0.06119404
402732,0.06335519
402739,0.018313823
402740,0.105517186
402741,0.056649327
402744,0.27869102
402745,0.17077243
402746,0.014356322
402772,0.116434984
402773,0.034557395
402774,0.026949953
402780,0.045964308
402781,0.02359949
402782,0.21259387
402790,0.030176649
402803,0.10690202
402808,0.11823322
402809,0.011936059
402810,0.16590108
402811,0.07059395
402815,0.05061306
402820,0.039722238
402821,0.081789866
402822,0.033182483
402824,0.043624386
402825,0.036281437
402870,0.038702838
402875,0.005203705
402924,0.26419032
402925,0.013482259
402926,0.0087079555
402927,0.029264165
402928,0.039691616
402929,0.09322384
402930,0.06982227
402931,0.009029226
402932,0.024006624
402933,0.08397002
402940,0.04674992
402953,0.07428047
402954,0.03433156
402955,0.015925435
402956,0.048142835
402957,0.024013584
402970,0.010009667
402973,0.133978
402974,0.14588074
402975,0.048709862
402976,0.10827774
402977,0.013034058
402978,0.03710551
402979,0.16814075
402980,0.23342314
402981,0.085841276
402982,0.037291665
402993,0.2612357
402994,0.05083136
403099,0.022198072
403137,0.017782364
403138,0.03280951
403165,0.024167353
403192,0.24760056
403214,0.030902136
403223,0.020628102
403238,0.045321394
403244,0.119769394
403246,0.047693793
403252,0.119175486
403254,0.0957161
403255,0.010973039
403259,0.08555717
403262,0.073065646
403277,0.04248668
403280,0.090719834
403281,0.1108802
403287,0.0161251
403315,0.083651416
403318,0.12068309
403319,0.029860552
403327,0.016056139
403331,0.017372914
403342,0.27854395
403349,0.055020854
403353,0.037267417
403364,0.044590224
403369,0.012669327
403373,0.12456067
403376,0.018055221
403378,0.025511215
403384,0.05343278
403385,0.0058220485
403386,0.031135747
403388,0.05045628
403396,0.024915386
403398,0.06724409
403404,0.06924324
403410,0.028233478
403414,0.0900673
403417,0.09993111
403422,0.041145146
403424,0.10553583
403438,0.042617597
403451,0.01446201
403452,0.06335976
403453,0.079984084
403454,0.06687476
403455,0.054196063
403464,0.084395096
403465,0.0418144
403466,0.012970764
403500,0.1369233
403501,0.06851839
403524,0.17678295
403525,0.23332052
403526,0.016109085
403527,0.022856658
403542,0.07878712
403543,0.022944337
403549,0.021407867
403550,0.016302103
403551,0.13666576
403552,0.13215919
403553,0.021089831
403554,0.066045485
403558,0.007919893
403559,0.01951404
403560,0.39124817
403561,0.19709866
403562,0.13940424
403564,0.04880063
403565,0.034324337
403566,0.015264167
403600,0.09890436
403602,0.054508343
403603,0.04688594
403662,0.012014995
403685,0.058669582
403686,0.004873979
403687,0.010969945
403688,0.08323922
403689,0.46873233
403690,0.32332912
403691,0.05746273
403692,0.029938234
403696,0.022675412
403697,0.26270312
403698,0.009201025
403699,0.20902415
403701,0.14355822
403702,0.08738884
403703,0.160045
403704,0.08141293
403705,0.024392609
403712,0.02546481
403713,0.02643585
403714,0.22684097
403715,0.023609648
403718,0.02184419
403722,0.19156511
403723,0.05830734
403724,0.06820441
403725,0.01931457
403726,0.018946702
403764,0.056167524
403765,0.015904803
403766,0.055155437
403770,0.19251801
403771,0.02364929
403772,0.157777
403795,0.10858664
403799,0.028342696
403800,0.015935685
403801,0.013346278
403802,0.19897127
403803,0.31567472
403811,0.04264075
403814,0.022661822
403815,0.0054568234
403816,0.020226082
403817,0.02027817
403818,0.03370183
403820,0.030246943
403821,0.058009382
403822,0.12628767
403823,0.014899175
403824,0.09469142
403825,0.012988573
403826,0.017976258
403828,0.07132554
403834,0.050752986
403836,0.1362002
403837,0.1392461
403838,0.056928918
403839,0.064960934
403873,0.07124938
403876,0.07772362
403902,0.045554463
403918,0.018953625
403922,0.034827456
403928,0.1368758
403929,0.10985102
403931,0.019302797
403932,0.024622584
403933,0.023359003
403935,0.02103962
403936,0.30219224
403937,0.04522497
403938,0.0377216
403943,0.09561775
403944,0.04842718
403945,0.047417246
403946,0.1137431
403948,0.057000857
403951,0.12075984
403955,0.101348616
403956,0.036377326
403957,0.066523395
403958,0.036663715
403960,0.24427669
403961,0.023381902
403962,0.2733163
403963,0.024642073
403964,0.10890062
403965,0.067990124
403966,0.12523112
403967,0.038380805
403968,0.25361067
403969,0.11893347
403970,0.044405848
403971,0.12208826
403972,0.22023383
403973,0.20087567
403974,0.21157771
403975,0.008375624
403976,0.015326174
403977,0.06428568
403978,0.08144077
403979,0.007842439
403980,0.27958214
403981,0.018238608
403982,0.006011047
404062,0.06352186
404067,0.016958954
404070,0.020151556
404079,0.025107268
404084,0.026699163
404108,0.1367836
404112,0.06268821
404118,0.0876013
404121,0.022453468
404122,0.09454724
404126,0.054209523
404140,0.028012345
404152,0.07607619
404156,0.3235507
404158,0.045450456
404160,0.03959051
404172,0.0134108495
404174,0.04890652
404180,0.057255108
404186,0.03309848
404190,0.06743667
404192,0.07650805
404206,0.021054666
404207,0.22775756
404213,0.11351058
404216,0.2564002
404220,0.07586172
404227,0.052649923
404235,0.016520265
404247,0.22066137
404259,0.01047283
404266,0.1404946
404267,0.09808774
404274,0.37138316
404276,0.07167109
404277,0.007736153
404278,0.028833358
404279,0.037976723
404280,0.06571215
404287,0.086603925
404288,0.13050449
404289,0.011227063
404290,0.17851594
404291,0.009763625
404293,0.10024848
404302,0.038967792
404303,0.03607513
404304,0.10590892
404307,0.029098678
404308,0.025844095
404309,0.24725336
404310,0.094559014
404311,0.3085794
404312,0.11889817
404323,0.022183571
404324,0.033363026
404325,0.0465913
404326,0.0205597
404327,0.19759206
404328,0.019088764
404329,0.008282867
404330,0.059176195
404331,0.056231953
404335,0.08865902
404336,0.08740799
404337,0.32753253
404364,0.32524222
404379,0.06786224
404380,0.5302851
404381,0.29939657
404382,0.11284196
404385,0.03265007
404390,0.010606746
404391,0.02970316
404392,0.12698503
404393,0.04416775
404396,0.05263745
404400,0.01372944
404401,0.014821507
404402,0.04284194
404403,0.19569227
404404,0.03424718
404405,0.13208823
404406,0.004418429
404437,0.1293063
404439,0.14192258
404461,0.22899292
404462,0.07339898
404464,0.0110052265
404468,0.06796325
404469,0.062910154
404470,0.03709081
404471,0.012124321
404472,0.08605474
404473,0.039118446
404474,0.01853018
404475,0.041577943
404477,0.03503253
404478,0.018855065
404554,0.014906343
404555,0.04003549
404556,0.013242565
404557,0.01944054
404569,0.16087885
404571,0.040754117
404585,0.06326188
404586,0.014444479
404592,0.081951044
404595,0.008603895
404596,0.09053904
404597,0.10845722
404603,0.19965221
404606,0.043140776
404607,0.19150515
404608,0.030203369
404609,0.05313444
404620,0.07820344
404689,0.06568408
404708,0.023310376
404734,0.13825123
404771,0.022365218
404806,0.011963025
404818,0.020081244
404850,0.008661705
404870,0.15961386
404923,0.015961152
404934,0.19482444
404938,0.020160414
404954,0.011779464
404957,0.039240852
404963,0.13081294
404964,0.018099489
404969,0.16279897
404970,0.038802747
404979,0.013659874
404997,0.016685298
404998,0.033744536
405009,0.12808345
405016,0.026315365
405018,0.011067671
405035,0.10933971
405036,0.037110172
405038,0.13239586
405047,0.028846089
405055,0.032263644
405060,0.09020882
405066,0.037346493
405081,0.100150384
405084,0.42058346
405089,0.15009063
405098,0.06702613
405100,0.1166232
405114,0.010768311
405118,0.028129457
405119,0.13366386
405120,0.044089273
405121,0.049625903
405124,0.02915299
405125,0.08468198
405132,0.015693555
405179,0.014846078
405193,0.03900108
405194,0.15085648
405195,0.023442073
405206,0.028841896
405207,0.009991774
405211,0.00861633
405215,0.0057914457
405217,0.17152713
405219,0.10386445
405220,0.13702235
405231,0.07411012
405232,0.094663024
405291,0.019480178
405316,0.051770054
405317,0.04159114
405318,0.035766494
405319,0.023231247
405320,0.041469306
405325,0.01037141
405326,0.011020974
405333,0.043834504
405334,0.09637306
405349,0.25355142
405351,0.078899965
405353,0.020065693
405354,0.4264136
405361,0.06527938
405362,0.02297708
405363,0.19224323
405364,0.34989476
405365,0.059476182
405366,0.18992983
405372,0.2113869
405397,0.011560078
405402,0.08095916
405409,0.04781517
405410,0.39597487
405411,0.078301765
405412,0.030256655
405435,0.03487628
405436,0.040932365
405438,0.018430557
405442,0.048546538
405443,0.2540368
405444,0.032068618
405445,0.031843666
405446,0.02530019
405468,0.017509205
405489,0.16162752
405490,0.09660011
405498,0.019283546
405509,0.027265366
405510,0.013416334
405511,0.122705765
405512,0.008824979
405517,0.027790714
405518,0.06414598
405523,0.023643404
405544,0.015200601
405546,0.06994887
405552,0.19069313
405583,0.02145108
405592,0.03582062
405599,0.021243703
405602,0.059590857
405607,0.0029032254
405613,0.13563234
405620,0.27278456
405624,0.11218338
405625,0.056389224
405626,0.02420252
405632,0.06269418
405633,0.037473697
405637,0.11021948
405640,0.035588216
405642,0.06941426
405646,0.0064469785
405647,0.008180695
405650,0.27456582
405653,0.14313288
405654,0.035037365
405660,0.027054433
405666,0.064621255
405667,0.13382441
405668,0.010577473
405669,0.050645996
405671,0.0663869
405672,0.01822851
405673,0.033835024
405674,0.10080131
405675,0.03236979
405676,0.020758979
405677,0.02060193
405679,0.020265771
405680,0.13742474
405682,0.09460445
405683,0.026382385
405684,0.040363453
405685,0.26462343
405687,0.011711655
405689,0.0069413492
405690,0.02074505
405691,0.1143799
405692,0.06650463
405693,0.07932113
405695,0.06841676
405696,0.030151363
405697,0.019852854
405698,0.074079156
405699,0.019509248
405700,0.27757493
405701,0.22283743
405702,0.2668659
405761,0.07641926
405765,0.033402577
405769,0.05402962
405784,0.12346196
405811,0.007248589
405814,0.01936988
405816,0.11484602
405818,0.07349188
405821,0.017161002
405822,0.005619626
405838,0.028330287
405841,0.023996063
405846,0.038587585
405855,0.07260517
405857,0.022848703
405858,0.13797028
405860,0.05541432
405861,0.10291645
405871,0.03943112
405879,0.030368332
405880,0.024159444
405886,0.024804704
405901,0.028887229
405904,0.046962388
405905,0.009689228
405906,0.048359428
405927,0.023715302
405930,0.04889791
405944,0.047616225
405946,0.012776028
405954,0.18563378
405963,0.030407796
405964,0.015228443
405965,0.010135783
405966,0.12067131
405970,0.00922394
405971,0.046442434
405992,0.07809569
405996,0.012843056
405999,0.005993937
406002,0.10101122
406003,0.026789222
406004,0.03473545
406005,0.020278223
406006,0.08079896
406007,0.1452334
406008,0.17858516
406028,0.03583517
406029,0.03698556
406043,0.049841873
406044,0.02150014
406045,0.12243478
406046,0.14234439
406048,0.01617208
406050,0.042476013
406051,0.030322751
406052,0.22023031
406053,0.09047133
406077,0.023531448
406082,0.10306564
406083,0.118323274
406084,0.036113
406098,0.01979198
406099,0.09494682
406100,0.20360936
406113,0.1098954
406114,0.03460539
406115,0.10571209
406116,0.036454126
406117,0.003552185
406127,0.041617446
406128,0.039966915
406129,0.08615996
406132,0.02060205
406133,0.01704367
406134,0.033736695
406135,0.33951023
406136,0.034075815
406137,0.16909516
406138,0.08046293
406139,0.056732703
406142,0.14109977
406143,0.18738832
406175,0.04829981
406176,0.05384119
406177,0.032323804
406194,0.03227319
406195,0.016910005
406208,0.021747435
406210,0.06353862
406216,0.11146305
406217,0.15556684
406227,0.00975874
406228,0.041628353
406253,0.026993478
406254,0.007474565
406260,0.082970545
406267,0.10464921
406269,0.00924254
406276,0.1935334
406277,0.10863679
406279,0.018359443
406288,0.037976753
406297,0.090515204
406308,0.15658191
406310,0.16102965
406320,0.03817595
406336,0.014312079
406352,0.00689823
406365,0.027662639
406369,0.08973749
406371,0.06374574
406401,0.13452336
406408,0.048594035
406409,0.014703786
406475,0.3316829
406492,0.05886687
406510,0.11163063
406519,0.068862006
406565,0.27999508
406584,0.07771419
406596,0.025782343
406598,0.008818275
406605,0.056252267
406609,0.02378366
406610,0.07585131
406611,0.02815976
406654,0.06493089
406670,0.08704871
406675,0.13435382
406681,0.06996638
406682,0.007677876
406695,0.02157303
406697,0.057371076
406712,0.09850414
406719,0.03619927
406725,0.12069029
406734,0.03215925
406743,0.16144311
406778,0.028824471
406784,0.1301077
406786,0.07854095
406791,0.08251906
406792,0.034312017
406803,0.10907783
406812,0.012707289
406813,0.0422835
406814,0.034447204
406841,0.05577507
406842,0.07474051
406843,0.00681959
406848,0.110238366
406861,0.019545563
406862,0.28060654
406863,0.0062081898
406864,0.012087431
406865,0.13808346
406871,0.07948251
406872,0.11877023
406873,0.061431326
406893,0.05881668
406919,0.13224217
406920,0.0564803
406921,0.21792178
406923,0.051822532
406924,0.06555382
406925,0.0070825457
406926,0.055685174
406927,0.14621194
406936,0.004414405
406937,0.30532482
406938,0.011128554
406939,0.05187571
406940,0.06435412
406941,0.0343285
406952,0.029442182
406953,0.11665489
406954,0.07534108
406962,0.03452272
406963,0.36377287
406964,0.06108034
406965,0.14603376
406966,0.052242957
406967,0.021800188
406968,0.12652545
406969,0.099178396
406970,0.019731078
406971,0.20332463
406972,0.13795339
406973,0.038955215
406974,0.09621946
406975,0.04079745
406976,0.00840646
406977,0.021619165
406985,0.010912477
406987,0.03253098
407025,0.21326211
407031,0.04236392
407033,0.1709769
407039,0.09200587
407041,0.107461765
407044,0.06804851
407046,0.034686383
407053,0.021291355
407061,0.016255815
407069,0.027793039
407070,0.07941391
407072,0.025324084
407073,0.055376455
407081,0.10728855
407082,0.039263956
407088,0.025298398
407091,0.16947456
407097,0.023039095
407104,0.3347512
407105,0.44460115
407106,0.03266846
407121,0.020478286
407128,0.027845649
407137,0.023475695
407144,0.16613212
407145,0.2571829
407154,0.075036734
407162,0.013155882
407164,0.10498986
407168,0.35664013
407203,0.059369504
407210,0.115534656
407215,0.059330545
407218,0.030437144
407228,0.013267357
407262,0.0729263
407274,0.30973026
407280,0.25539374
407288,0.032824676
407298,0.013049266
407299,0.21779776
407302,0.07929622
407303,0.0738732
407305,0.1755193
407306,0.27812913
407307,0.024725392
407313,0.019247765
407314,0.00899055
407315,0.00920502
407316,0.03913962
407322,0.21369551
407323,0.056788456
407324,0.025647903
407325,0.046167064
407329,0.21161994
407330,0.15108594
407332,0.10387129
407333,0.14856678
407334,0.02731696
407335,0.13265017
407336,0.10571024
407337,0.25097862
407338,0.086915046
407339,0.015206763
407340,0.021906156
407341,0.1298408
407342,0.015922178
407343,0.029940361
407344,0.038858235
407345,0.024526594
407346,0.22751428
407353,0.055338055
407364,0.066450566
407365,0.03239885
407366,0.01896127
407370,0.037580296
407373,0.20128688
407376,0.06076212
407386,0.019422952
407388,0.011538037
407391,0.026076207
407393,0.014572818
407427,0.0403864
407452,0.08822111
407454,0.06691732
407457,0.016143577
407462,0.018515365
407463,0.053636577
407468,0.16655624
407469,0.10465102
407478,0.04854688
407482,0.022846464
407487,0.111675926
407489,0.15184309
407498,0.30024037
407516,0.2023417
407519,0.027277628
407528,0.12392503
407532,0.23029076
407534,0.19970824
407543,0.029652366
407546,0.21425354
407550,0.026587337
407555,0.032340996
407558,0.026441116
407587,0.019274116
407588,0.017566066
407594,0.23758076
407596,0.047037397
407598,0.04357638
407602,0.06375352
407605,0.12846622
407613,0.10744212
407619,0.14490227
407625,0.022058874
407627,0.024100045
407629,0.087211244
407631,0.025609333
407633,0.016657641
407636,0.110210806
407645,0.5166969
407648,0.071834624
407669,0.008751782
407674,0.008227537
407675,0.106107764
407676,0.05373628
407677,0.1769933
407678,0.26889753
407679,0.033259917
407680,0.18275233
407681,0.048509646
407682,0.030922053
407684,0.109492496
407692,0.0632891
407693,0.22813228
407694,0.05394388
407695,0.013144175
407696,0.066960596
407697,0.09796261
407698,0.0668854
407699,0.048459888
407702,0.012002119
407703,0.083555385
407725,0.07162657
407726,0.081484385
407729,0.11881861
407731,0.013422287
407745,0.063142344
407749,0.035451274
407750,0.021718701
407751,0.13175556
407752,0.46622437
407753,0.21376476
407754,0.11375637
407755,0.15719473
407756,0.032524277
407765,0.021288395
407766,0.07054958
407767,0.050821938
407768,0.024294753
407773,0.04441534
407774,0.06723656
407778,0.052160148
407779,0.07531468
407780,0.32684013
407781,0.055590592
407782,0.010078105
407783,0.06322756
407784,0.09051446
407825,0.06176959
407826,0.013093594
407828,0.10050948
407829,0.02041899
407830,0.1941132
407831,0.020569948
407832,0.026178826
407838,0.023752432
407839,0.05960481
407840,0.015959436
407841,0.07197169
407842,0.06532709
407855,0.07667874
407857,0.028631987
407881,0.13295421
407882,0.099422134
407885,0.010257152
407915,0.021741958
407916,0.032504246
407918,0.19201772
407919,0.11270534
407920,0.023020077
407921,0.027522631
407922,0.029705359
407927,0.063360795
407934,0.06516981
407941,0.10757954
407942,0.024572687
407943,0.024645489
407944,0.027857061
407946,0.0814301
407947,0.025967486
407952,0.013166217
407955,0.14145932
407978,0.1091359
407986,0.031081267
408003,0.050272845
408006,0.01893497
408008,0.0074092047
408015,0.0652216
408016,0.057597432
408028,0.15570723
408035,0.022217082
408042,0.020921567
408044,0.16387981
408052,0.0055874577
408053,0.039376065
408056,0.050814543
408068,0.04468197
408071,0.0295866
408074,0.038530696
408085,0.12606895
408089,0.019311594
408091,0.052219976
408098,0.011185153
408106,0.026771573
408108,0.3516114
408116,0.3770962
408126,0.040172886
408130,0.0962895
408135,0.01838026
408148,0.045531567
408168,0.10359928
408170,0.06415009
408172,0.07453141
408176,0.055293325
408181,0.025368264
408191,0.0044226004
408194,0.05134071
408213,0.06762822
408248,0.012613133
408249,0.009517149
408250,0.042765707
408256,0.2139397
408261,0.04578052
408262,0.06206882
408268,0.23627783
408269,0.022032999
408273,0.022836497
408280,0.069514565
408286,0.059338294
408347,0.0802248
408349,0.011060377
408350,0.019948198
408351,0.0437999
408352,0.016339062
408355,0.04605268
408356,0.026279686
408357,0.0602044
408384,0.04953333
408385,0.039153628
408386,0.10898588
408387,0.013072065
408388,0.021851506
408389,0.13765198
408390,0.06735439
408391,0.14670418
408392,0.108654276
408393,0.04502934
408398,0.035106108
408399,0.040058993
408400,0.017627181
408405,0.02584139
408406,0.014853479
408437,0.015868943
408459,0.022353608
408460,0.0621244
408463,0.16801932
408467,0.0232847
408468,0.1352958
408471,0.033620656
408477,0.1394571
408478,0.033777013
408479,0.024281345
408481,0.013938044
408482,0.006358399
408483,0.020450221
408484,0.054432265
408485,0.062570624
408486,0.02051321
408489,0.1416083
408490,0.030354664
408504,0.020115847
408506,0.039276894
408508,0.035893954
408514,0.010222564
408515,0.0251235
408516,0.103257746
408517,0.09319072
408518,0.12234245
408523,0.02850372
408524,0.016907446
408525,0.017226754
408526,0.10859873
408531,0.04171822
408579,0.011116623
408580,0.048417043
408581,0.015644208
408599,0.121265806
408615,0.114062436
408616,0.011426114
408617,0.09447344
408619,0.01405966
408622,0.06609407
408624,0.085431516
408625,0.02942369
408626,0.022854045
408627,0.05900526
408651,0.022392636
408658,0.021023996
408659,0.20878015
408660,0.05229465
408661,0.010086648
408662,0.059338845
408688,0.022724569
408689,0.26680803
408690,0.039006732
408695,0.10404354
408696,0.040286843
408701,0.04983762
408702,0.051969938
408705,0.026382385
408728,0.122998096
408742,0.047522053
408759,0.0638177
408766,0.116313964
408768,0.11601505
408774,0.04790191
408775,0.22145525
408780,0.027437283
408790,0.08587526
408791,0.0138115855
408792,0.02871837
408794,0.04219485
408797,0.06603088
408808,0.028180372
408830,0.02647056
408857,0.0140437335
408863,0.118715174
408874,0.17135096
408880,0.035120755
408885,0.034467336
408890,0.02580825
408898,0.030966757
408902,0.03862705
408903,0.012713583
408905,0.0542678
408908,0.010748499
408911,0.0067353644
408921,0.15159242
408932,0.045905918
408933,0.08807338
408935,0.3798637
408960,0.085244335
408968,0.019372279
408985,0.01733018
408986,0.055778988
408990,0.06018465
408993,0.069057375
409001,0.071151085
409003,0.009699252
409008,0.06421049
409010,0.039661247
409015,0.00768091
409017,0.110680476
409028,0.0066008214
409034,0.039133813
409035,0.014897159
409041,0.03707495
409054,0.02997074
409057,0.015925968
409064,0.11180423
409065,0.48111966
409066,0.020861441
409068,0.10636367
409076,0.038801767
409080,0.051431146
409083,0.1250939
409084,0.059560787
409085,0.052438177
409088,0.016626092
409105,0.1451708
409121,0.009731086
409123,0.30901244
409133,0.047992222
409153,0.025169123
409156,0.026126394
409157,0.21883593
409158,0.015315915
409163,0.04419611
409167,0.13964497
409168,0.09852237
409169,0.01593988
409172,0.070868134
409173,0.02442009
409174,0.00807528
409175,0.017461766
409192,0.41751757
409193,0.15259515
409197,0.041217636
409204,0.013304994
409206,0.022672517
409208,0.11277715
409209,0.084507324
409212,0.16622473
409213,0.047878973
409214,0.15047507
409217,0.029826082
409218,0.032732956
409220,0.025189446
409221,0.04902136
409227,0.010023616
409228,0.024261039
409229,0.09747554
409230,0.1239117
409259,0.05044517
409261,0.063465096
409269,0.15353078
409277,0.010073027
409278,0.024701364
409285,0.2020637
409286,0.035631396
409287,0.09625369
409293,0.01761986
409297,0.009728476
409298,0.025707139
409299,0.039148856
409340,0.041718487
409377,0.12744917
409383,0.00866753
409384,0.011497496
409409,0.02666288
409412,0.017337376
409413,0.15003818
409414,0.15093058
409415,0.02170329
409423,0.08093878
409428,0.054918837
409429,0.008425673
409430,0.051849276
409431,0.021281207
409432,0.1854566
409433,0.021027638
409434,0.15970299
409442,0.21671385
409443,0.34675476
409446,0.02489382
409463,0.057466995
409482,0.011871504
409507,0.055729456
409508,0.07018456
409509,0.015991414
409514,0.06674405
409535,0.038306277
409536,0.069832
409537,0.04453205
409538,0.019222543
409541,0.08806603
409542,0.051205646
409543,0.053100243
409545,0.10199577
409550,0.032371454
409551,0.029987838
409552,0.1327004
409553,0.30262604
409558,0.05454495
409563,0.017926266
409574,0.019956617
409607,0.07103061
409608,0.2710543
409628,0.007031381
409632,0.1636861
409633,0.22115065
409636,0.060120553
409676,0.037143487
409691,0.06891576
409694,0.11244346
409707,0.023504894
409723,0.018118264
409741,0.01189863
409743,0.07288287
409747,0.055958696
409773,0.05596318
409777,0.052535605
409778,0.16432746
409804,0.1291436
409805,0.009255014
409812,0.023790587
409817,0.020637471
409836,0.051259663
409846,0.11994874
409850,0.25674337
409852,0.019915912
409861,0.42234832
409864,0.08210715
409871,0.052115336
409891,0.04912221
409896,0.021340515
409917,0.15724915
409918,0.024943871
409923,0.087601945
409941,0.012671683
409949,0.053895254
409953,0.011911435
409958,0.020250997
409972,0.06512252
409979,0.13131915
409983,0.11412642
409984,0.08610935
409985,0.012719929
409986,0.095875695
409994,0.093418896
409999,0.028710999
410019,0.1049658
410024,0.023326423
410025,0.01895798
410039,0.049410082
410044,0.08751882
410045,0.057865553
410046,0.12767789
410047,0.013959891
410048,0.038216684
410065,0.053229537
410066,0.13054612
410073,0.012125858
410087,0.014548283
410089,0.23926961
410092,0.04795642
410093,0.22447935
410094,0.030764334
410095,0.046184804
410096,0.04641255
410101,0.06786094
410102,0.06409915
410103,0.01678707
410107,0.010376512
410110,0.06814661
410111,0.048223987
410112,0.09677761
410142,0.01958509
410143,0.02725657
410161,0.15357615
410162,0.043779954
410165,0.017688984
410166,0.16251786
410167,0.08333257
410184,0.17582156
410185,0.048227478
410186,0.009805918
410187,0.04468948
410223,0.03313593
410256,0.32339597
410257,0.24730828
410258,0.02179139
410259,0.010244428
410269,0.17336822
410270,0.027666766
410273,0.051265147
410274,0.03123888
410275,0.035968456
410276,0.20250326
410277,0.055262383
410295,0.015103913
410296,0.017293539
410297,0.11761417
410298,0.057353854
410300,0.05439884
410301,0.024398265
410302,0.08825784
410303,0.03354225
410304,0.027101401
410305,0.033109784
410306,0.16922972
410307,0.044651143
410308,0.043739807
410309,0.08063933
410316,0.011686922
410317,0.07403766
410358,0.2038032
410359,0.01572382
410360,0.034436163
410368,0.25451657
410369,0.07724162
410370,0.032881882
410372,0.015363257
410373,0.01617994
410378,0.25713897
410379,0.07019038
410380,0.10958912
410387,0.23601119
410388,0.30205372
410389,0.019050859
410390,0.032931488
410405,0.011278015
410411,0.015999475
410416,0.015210011
410418,0.060650628
410424,0.13137285
410429,0.10148778
410438,0.043123655
410442,0.04627857
410448,0.010282481
410456,0.031416472
410464,0.043970548
410467,0.098969825
410473,0.1254923
410476,0.014287123
410479,0.10932573
410499,0.124150895
410526,0.07242737
410528,0.040988736
410546,0.17299597
410564,0.015625656
410567,0.02933166
410571,0.10224562
410572,0.24678503
410573,0.04637301
410577,0.035902746
410581,0.04724819
410587,0.07484978
410588,0.019797433
410595,0.030696047
410602,0.014399874
410606,0.026553081
410616,0.016547317
410624,0.14399761
410626,0.1443222
410637,0.019402888
410660,0.058156673
410661,0.023894852
410663,0.029542468
410664,0.102558434
410669,0.03044795
410675,0.02738511
410679,0.20393437
410684,0.009245999
410689,0.016435375
410693,0.009670028
410697,0.018012747
410698,0.02404846
410699,0.010734651
410706,0.036783446
410710,0.04601656
410712,0.009986497
410716,0.07104555
410725,0.1389733
410735,0.06728303
410742,0.028939376
410745,0.029346325
410746,0.0035872005
410751,0.03342785
410753,0.024276279
410759,0.0383102
410761,0.19086257
410770,0.011844104
410778,0.06490709
410784,0.0389861
410786,0.030662512
410789,0.028013416
410800,0.056878056
410811,0.018257746
410813,0.0240172
410821,0.27204493
410822,0.03754173
410879,0.06036183
410880,0.035953924
410900,0.05310503
410901,0.16206343
410908,0.05884244
410909,0.0070096874
410910,0.03286157
410911,0.2599409
410912,0.08576593
410913,0.025678324
410914,0.13708115
410915,0.019824764
410916,0.015237392
410917,0.06446609
410918,0.013801302
410919,0.015398424
410922,0.08250733
410923,0.036344536
410940,0.035397083
410955,0.09719499
410956,0.32437727
410959,0.18292311
410960,0.10901432
410961,0.15729591
410962,0.052629508
410963,0.10322037
410964,0.021612233
410968,0.033842117
410970,0.009935532
410971,0.07529401
410972,0.09803654
410975,0.047364444
410994,0.08928488
410999,0.15644418
411011,0.19543388
411012,0.05316427
411014,0.15302175
411021,0.0116757685
411022,0.21402402
411023,0.12900105
411024,0.16928145
411025,0.028637623
411026,0.2032652
411027,0.083269626
411028,0.009990963
411030,0.1499245
411031,0.05056647
411032,0.028848594
411033,0.059260063
411049,0.019831989
411050,0.014927813
411051,0.07436658
411052,0.07903097
411073,0.056246407
411074,0.025357956
411076,0.03428625
411080,0.03934453
411081,0.032455843
411082,0.014743346
411093,0.058470603
411094,0.07311903
411095,0.03312987
411099,0.014099461
411102,0.06731946
411103,0.13073172
411112,0.012951513
411114,0.05510798
411115,0.032449722
411116,0.07099823
411168,0.053323455
411169,0.22278866
411170,0.11731275
411189,0.026270214
411190,0.06978439
411195,0.13702278
411196,0.14899702
411197,0.04459061
411205,0.0068935216
411206,0.14295515
411215,0.07893226
411216,0.016077314
411217,0.034972716
411218,0.14848062
411222,0.027197534
411238,0.013748435
411239,0.026472317
411240,0.040287875
411248,0.017754635
411274,0.039945498
411275,0.052125856
411293,0.012745279
411299,0.053285126
411300,0.013867664
411301,0.038963553
411302,0.080244265
411305,0.10441185
411309,0.041690417
411334,0.03981263
411343,0.08319904
411349,0.013557646
411360,0.03610868
411363,0.011923726
411364,0.011793827
411384,0.08040711
411402,0.09261995
411424,0.049880423
411425,0.093402885
411430,0.18466537
411432,0.036903787
411434,0.25652957
411447,0.024057012
411450,0.011131336
411452,0.12907001
411463,0.071810365
411467,0.050001383
411474,0.03098382
411478,0.011367158
411480,0.0974237
411481,0.11618632
411502,0.12487545
411509,0.046832632
411511,0.1421225
411515,0.04658713
411516,0.0765404
411532,0.028750833
411565,0.012532764
411570,0.060755562
411600,0.11298948
411608,0.057599027
411613,0.017112365
411614,0.011274888
411620,0.054271583
411634,0.011958968
411639,0.013911834
411645,0.106978886
411648,0.0050937035
411660,0.03195992
411668,0.008279342
411672,0.18432601
411673,0.007843805
411674,0.14410812
411675,0.021045249
411676,0.011616744
411677,0.11088222
411715,0.02228949
411718,0.025232963
411719,0.06305345
411720,0.05422231
411730,0.017107649
411731,0.025659952
411740,0.035527498
411746,0.04645123
411748,0.026310055
411749,0.014680047
411752,0.03471018
411753,0.0064358003
411754,0.01634387
411755,0.00647694
411767,0.016353063
411768,0.09859348
411819,0.087204486
411826,0.15076153
411827,0.069275886
411841,0.012478407
411842,0.36779886
411843,0.061293866
411844,0.080610104
411845,0.069919884
411846,0.09747294
411850,0.12755737
411852,0.09945522
411853,0.04256733
411854,0.01966064
411855,0.02553199
411856,0.053391278
411860,0.052070085
411883,0.015395324
411938,0.023955952
411939,0.10930584
411940,0.046075337
411957,0.28830233
411958,0.07216586
411959,0.05263562
411963,0.017014012
411969,0.031031398
411970,0.050158404
411971,0.012822072
411972,0.04458341
411973,0.026920822
411974,0.022150857
411975,0.029866558
411977,0.04541491
411978,0.32610318
411979,0.23116459
412004,0.030597363
412008,0.012061527
412009,0.096675456
412010,0.024094775
412030,0.080049746
412031,0.03223554
412032,0.023446009
412036,0.015735447
412038,0.023054387
412047,0.035984993
412049,0.38734996
412082,0.03616062
412092,0.11837751
412098,0.19900185
412101,0.10679596
412108,0.3124008
412111,0.047193464
412119,0.0885849
412128,0.0094291475
412139,0.05997589
412152,0.10928853
412154,0.011319425
412178,0.14449956
412180,0.08709032
412193,0.027229061
412199,0.052717175
412204,0.04938881
412206,0.033677854
412207,0.016995113
412211,0.09433577
412220,0.008133679
412221,0.0268089
412229,0.104460575
412234,0.02058853
412235,0.040145464
412236,0.08901257
412251,0.08381749
412262,0.118456006
412270,0.20475607
412280,0.04299645
412289,0.13535875
412305,0.016200272
412310,0.040789727
412345,0.046968143
412348,0.088472545
412361,0.069748566
412367,0.11396819
412368,0.034350924
412370,0.17705414
412372,0.11261671
412377,0.10257305
412380,0.025077632
412382,0.0057695853
412391,0.04262473
412393,0.010366381
412411,0.17678839
412412,0.07044083
412415,0.09492096
412416,0.17837563
412422,0.18797657
412428,0.0886193
412430,0.034114078
412436,0.08505545
412447,0.033268794
412451,0.011195395
412456,0.014195375
412470,0.12499571
412472,0.02897553
412478,0.005105781
412487,0.10442928
412490,0.18508627
412494,0.07189877
412516,0.052896734
412519,0.080798626
412525,0.1046279
412527,0.11000639
412528,0.0647161
412551,0.12835552
412552,0.033501774
412557,0.033901125
412558,0.017335143
412559,0.087092675
412561,0.012627126
412563,0.014243513
412564,0.05066041
412565,0.061883643
412593,0.051953845
412598,0.2838008
412602,0.04546468
412610,0.057040192
412611,0.21666561
412612,0.016725237
412613,0.08793137
412621,0.035801806
412622,0.010057514
412623,0.08740777
412624,0.19946077
412637,0.050154768
412638,0.16735491
412639,0.10044305
412640,0.0113691185
412641,0.025499122
412642,0.048191596
412643,0.052713912
412644,0.05028375
412651,0.0670755
412667,0.038801536
412669,0.18978268
412686,0.23169668
412712,0.003977667
412713,0.09678144
412714,0.018034376
412715,0.009959873
412720,0.06560611
412728,0.036611255
412738,0.028034545
412739,0.020564085
412740,0.10469488
412741,0.08477846
412753,0.015818087
412754,0.041429896
412762,0.04449541
412764,0.03787588
412765,0.058003344
412775,0.025957497
412776,0.05593574
412777,0.023211585
412778,0.3760426
412800,0.0063298335
412801,0.03914769
412802,0.11874579
412829,0.081421986
412854,0.12231033
412855,0.051880788
412861,0.044415057
412862,0.02148985
412863,0.038838953
412883,0.030944213
412884,0.015350575
412886,0.26830876
412898,0.080947526
412899,0.013928918
412900,0.013735666
412922,0.1329393
412941,0.08062528
412959,0.036274694
412967,0.07642439
412980,0.098586746
412997,0.026896913
413016,0.039322082
413017,0.21027613
413027,0.033939235
413034,0.19752878
413038,0.20662712
413054,0.043718044
413059,0.020506065
413065,0.041538455
413073,0.05769497
413075,0.4020595
413081,0.06301894
413089,0.23786052
413091,0.18311425
413094,0.03489242
413104,0.048917234
413107,0.17833763
413110,0.08639195
413113,0.34099546
413117,0.05100581
413124,0.026789574
413126,0.067264706
413137,0.0399282
413145,0.07638292
413146,0.00975798
413147,0.068925664
413150,0.0068716286
413159,0.170052
413160,0.07151937
413172,0.12499681
413179,0.024460685
413181,0.011711744
413185,0.0457484
413188,0.10413423
413197,0.02539576
413208,0.30365795
413215,0.03323835
413216,0.081556074
413219,0.012474712
413232,0.040540516
413237,0.12627669
413243,0.21498954
413249,0.03372231
413262,0.05217123
413263,0.08032451
413271,0.12200507
413274,0.058322556
413280,0.030900717
413296,0.2047848
413299,0.2378295
413303,0.03322955
413320,0.07676024
413324,0.06423245
413325,0.12348229
413335,0.042873655
413341,0.23333438
413342,0.033238053
413351,0.11201206
413352,0.020288149
413359,0.022652255
413373,0.105197296
413374,0.11146321
413375,0.029753005
413376,0.040393386
413377,0.0717676
413383,0.059007805
413384,0.10827481
413392,0.053311013
413393,0.15197581
413395,0.048249546
413424,0.07445924
413425,0.026674
413457,0.013176568
413458,0.060975574
413459,0.09000145
413460,0.011574029
413465,0.033228293
413466,0.11604702
413467,0.017340083
413468,0.043187138
413475,0.13449371
413476,0.11547583
413477,0.22573479
413478,0.026757017
413479,0.0069937212
413489,0.38806447
413491,0.08305005
413492,0.15798125
413493,0.11724483
413494,0.15033916
413495,0.14405845
413498,0.014113959
413499,0.08192512
413545,0.07475179
413549,0.026783368
413550,0.03958702
413551,0.06674737
413552,0.2272299
413553,0.06316213
413554,0.041292105
413558,0.12289379
413559,0.19000936
413562,0.04862877
413563,0.043588508
413564,0.016711911
413592,0.038102582
413593,0.014826131
413594,0.027625985
413595,0.015613777
413596,0.1412503
413597,0.03708784
413604,0.006900236
413605,0.07571131
413606,0.013193723
413607,0.0197599
413616,0.32886514
413617,0.075813234
413618,0.036354434
413625,0.06537782
413626,0.11473334
413627,0.096123055
413628,0.05391811
413629,0.017384369
413630,0.05403797
413631,0.011171482
413632,0.031500887
413633,0.14830334
413634,0.10267007
413635,0.20976758
413636,0.119304344
413644,0.014457972
413645,0.010220307
413646,0.008625401
413683,0.015217863
413685,0.028497646
413686,0.12240266
413690,0.019123191
413691,0.010476692
413692,0.026621152
413693,0.11169815
413694,0.1701391
413695,0.017255832
413696,0.10928472
413702,0.016418558
413707,0.03822358
413708,0.1588758
413709,0.06152806
413730,0.021603482
413731,0.08769021
413732,0.012282088
413733,0.026207365
413734,0.07788264
413736,0.055409476
413748,0.03985518
413749,0.08969395
413751,0.3692765
413752,0.23282412
413754,0.036532518
413755,0.25878245
413756,0.08637451
413757,0.041482594
413758,0.11563813
413759,0.037883457
413760,0.069243014
413764,0.017858814
413765,0.036820926
413766,0.077734046
413767,0.15461738
413768,0.10358583
413769,0.0663096
413770,0.02067045
413776,0.016062884
413777,0.02803208
413778,0.03735355
413797,0.062095698
413824,0.039352138
413828,0.15828167
413831,0.12621233
413834,0.04608517
413841,0.02708109
413848,0.012835326
413850,0.054125242
413851,0.27704778
413857,0.008139297
413860,0.01009935
413867,0.033545118
413868,0.19099747
413871,0.045390345
413878,0.04179007
413882,0.023599267
413885,0.014123563
413886,0.13853984
413892,0.07672156
413896,0.50957584
413897,0.14998654
413917,0.13484001
413921,0.024627974
413934,0.30430433
413941,0.014715825
413953,0.0058893426
413958,0.12429671
413967,0.056385227
413971,0.022287903
413975,0.04128989
413978,0.031812266
413983,0.15177733
413984,0.0104795145
413989,0.07106424
413992,0.0074255816
414001,0.07073273
414002,0.010331741
414003,0.054975934
414007,0.23834915
414008,0.11290161
414016,0.21760382
414022,0.027614735
414026,0.14659186
414041,0.061595224
414042,0.30937952
414045,0.08146823
414047,0.114462644
414050,0.43465903
414061,0.02061808
414068,0.06335774
414076,0.07593485
414093,0.041296136
414102,0.011591946
414109,0.033565104
414117,0.048614286
414144,0.036028035
414149,0.010131923
414160,0.02730549
414166,0.5124173
414171,0.12404495
414172,0.09233034
414183,0.025631784
414186,0.023651512
414192,0.043645628
414194,0.16916618
414203,0.38903025
414206,0.021322837
414207,0.0090690395
414229,0.055117827
414231,0.09218498
414248,0.011493708
414251,0.023657482
414252,0.03182016
414253,0.34652454
414254,0.087147556
414255,0.16482756
414262,0.051784933
414265,0.2118002
414266,0.08527942
414267,0.023150047
414269,0.05014229
414270,0.055564687
414271,0.035247564
414272,0.026524708
414273,0.06846411
414275,0.029664546
414323,0.36627534
414324,0.02612361
414328,0.032452542
414329,0.06685378
414333,0.032308474
414341,0.017863331
414357,0.035139494
414358,0.017558005
414359,0.04057899
414362,0.10646607
414363,0.032358326
414368,0.011844501
414372,0.034152176
414375,0.025082545
414376,0.011535749
414382,0.054781903
414383,0.12601228
414480,0.015608076
414481,0.14216991
414484,0.20050415
414485,0.026819088
414486,0.015678337
414487,0.034368925
414488,0.104739964
414489,0.047259666
414492,0.008086899
414493,0.14929989
414497,0.01545901
414501,0.040687535
414543,0.15059964
414544,0.07066686
414559,0.020714033
414560,0.053631447
414561,0.020721419
414573,0.09226639
414574,0.0872762
414575,0.08743338
414577,0.03218371
414584,0.4122512
414585,0.029621046
414586,0.08887852
414590,0.0051935255
414591,0.068380564
414593,0.30549467
414597,0.017055836
414598,0.19302161
414621,0.069300294
414635,0.07383244
414639,0.03257469
414640,0.015244313
414648,0.060698945
414656,0.01696739
414659,0.12631464
414660,0.021060644
414663,0.0332236
414683,0.061314568
414691,0.07114903
414700,0.20239756
414705,0.012492911
414708,0.037751574
414711,0.03646908
414712,0.055351727
414716,0.038305126
414720,0.0143171055
414733,0.008102038
414740,0.016036106
414748,0.054548334
414767,0.3973008
414771,0.21245162
414779,0.053066786
414785,0.13869582
414787,0.041814603
414793,0.016905973
414816,0.05011756
414830,0.116559185
414831,0.12484576
414859,0.046780445
414864,0.036482215
414867,0.026578788
414871,0.008018909
414879,0.043114997
414892,0.2499289
414895,0.051843096
414911,0.13165028
414915,0.067107834
414922,0.036340855
414939,0.010804501
414945,0.037497647
414960,0.025922338
414969,0.008387708
414973,0.013034359
414979,0.074203916
414985,0.030228583
414992,0.011778414
414996,0.051690795
415000,0.015319433
415001,0.11760634
415005,0.015215769
415024,0.061647817
415038,0.03555912
415041,0.17637238
415049,0.07016096
415055,0.041755427
415061,0.065892525
415064,0.108952336
415069,0.039348405
415070,0.106049165
415071,0.010297939
415072,0.033364095
415074,0.027342882
415078,0.10847357
415079,0.031686693
415080,0.12671609
415081,0.22728904
415082,0.1777603
415085,0.047154527
415086,0.051581502
415089,0.11252281
415090,0.033053882
415091,0.049584486
415092,0.07629691
415095,0.029810775
415100,0.13036674
415101,0.0114996685
415102,0.21893637
415103,0.03581442
415104,0.028817631
415106,0.026122935
415107,0.036264427
415108,0.25763988
415109,0.2863012
415110,0.074403405
415111,0.00848753
415113,0.032727838
415114,0.024380855
415115,0.055176154
415116,0.036425117
415117,0.010271743
415118,0.07448529
415119,0.3645433
415120,0.023110166
415121,0.08726791
415122,0.15756302
415123,0.016829181
415124,0.347375
415126,0.2075795
415152,0.012449999
415205,0.06098982
415209,0.046441387
415326,0.052975707
415409,0.059052747
415414,0.026010409
415430,0.083183855
415466,0.10166117
415467,0.12872775
415473,0.04963231
415474,0.008583221
415479,0.022934211
415480,0.032864004
415486,0.0087442435
415488,0.064046
415489,0.0805093
415490,0.016899576
415493,0.05944587
415494,0.0799642
415497,0.025100544
415498,0.054159913
415499,0.020101663
415505,0.024877442
415506,0.04988059
415509,0.020337706
415511,0.07228782
415514,0.04137217
415517,0.05247196
415519,0.12342798
415521,0.2672969
415522,0.008806571
415523,0.042198986
415525,0.039792683
415527,0.030805591
415529,0.026393011
415531,0.041514322
415533,0.06764916
415534,0.023872735
415536,0.020946676
415537,0.2654696
415539,0.09665068
415540,0.024804577
415541,0.2831975
415542,0.047046836
415543,0.04589789
415544,0.051000733
415545,0.06402206
415546,0.11587679
415547,0.024941778
415548,0.016844874
415549,0.062234182
415550,0.07814289
415652,0.013285047
415654,0.023817046
415686,0.15662444
415687,0.07470085
415695,0.038412474
415698,0.12923428
415701,0.14641534
415705,0.119151436
415707,0.03225391
415709,0.024412617
415712,0.026107535
415718,0.02706548
415724,0.034930836
415729,0.112370886
415730,0.31427866
415731,0.04025804
415733,0.02737993
415736,0.027307548
415737,0.007522484
415738,0.2334497
415741,0.011669904
415742,0.17008047
415743,0.09817153
415744,0.04564897
415745,0.010153087
415746,0.050399493
415747,0.17023362
415749,0.038992748
415750,0.03318861
415751,0.20243233
415752,0.022900123
415753,0.14063205
415754,0.03163482
415755,0.053437904
415756,0.1401857
415757,0.14870086
415850,0.3160031
415874,0.041773546
415930,0.07410096
415962,0.24289724
415994,0.22317445
415995,0.049701396
416088,0.10347613
416129,0.22805832
416228,0.028330706
416229,0.031408865
416239,0.14062928
416243,0.068740755
416245,0.11563285
416253,0.05400064
416263,0.03391965
416264,0.11286666
416265,0.042244945
416269,0.29207075
416272,0.048456118
416273,0.0408116
416274,0.11826537
416275,0.04251471
416276,0.05935822
416277,0.08439337
416278,0.058917105
416280,0.068625905
416283,0.031504158
416287,0.056749392
416288,0.12939519
416291,0.026484357
416292,0.032807883
416294,0.14066371
416295,0.24241668
416296,0.01758325
416300,0.03157458
416301,0.044519503
416302,0.057614364
416303,0.081533864
416305,0.08982832
416306,0.060468707
416307,0.10362827
416309,0.018363405
416310,0.3571901
416311,0.03975542
416312,0.039331898
416313,0.33376125
416314,0.019458272
416315,0.067064814
416316,0.09307521
416426,0.022117248
416435,0.021448217
416444,0.031846605
416477,0.14080587
416484,0.026328923
416488,0.13880624
416502,0.052175045
416542,0.095029615
416582,0.03580322
416647,0.036143415
416658,0.037976373
416659,0.009965799
416675,0.019835278
416676,0.31172565
416696,0.43378198
416721,0.065514356
416729,0.0243418
416743,0.05999946
416744,0.064011574
416761,0.034360383
416793,0.20459545
416826,0.011133666
416848,0.029838929
416850,0.03867112
416860,0.19318797
416861,0.19996287
416862,0.031653102
416865,0.056406453
416870,0.044965528
416871,0.18826246
416872,0.02446242
416874,0.19331229
416877,0.02010156
416879,0.008868958
416881,0.024216041
416882,0.06100403
416883,0.01976889
416884,0.03911179
416885,0.058241434
416886,0.07199849
416887,0.055024303
416888,0.07568936
416890,0.061741535
416893,0.07750044
416894,0.040908083
416895,0.093240514
416896,0.037057776
416897,0.039464593
416899,0.08912498
416900,0.008991528
416901,0.023769
416902,0.005064319
416903,0.024057087
417043,0.026455302
417159,0.021529196
417182,0.05235835
417183,0.090835445
417187,0.027118523
417209,0.03196396
417226,0.36619917
417228,0.18508217
417232,0.00813957
417234,0.029892867
417241,0.049770508
417245,0.031412955
417246,0.09002664
417247,0.103824876
417250,0.22005852
417251,0.06387691
417253,0.007968253
417254,0.049424093
417255,0.054355722
417256,0.08483042
417257,0.043828297
417258,0.061670262
417259,0.008578945
417260,0.30026618
417261,0.019603612
417263,0.12662117
417264,0.027263751
417265,0.0782296
417266,0.06371767
417267,0.041673604
417268,0.01551033
417338,0.028709691
417342,0.074704856
417349,0.03370704
417382,0.09150753
417388,0.08212557
417389,0.11987688
417393,0.13297105
417395,0.10781025
417397,0.021566227
417398,0.0043739746
417401,0.05835378
417403,0.1111391
417406,0.07668287
417407,0.28769746
417408,0.18219626
417409,0.0158427
417411,0.014853257
417412,0.055009775
417414,0.07638882
417416,0.08529903
417417,0.0829245
417420,0.056803808
417421,0.09520914
417422,0.22962673
417423,0.023065189
417426,0.03988053
417427,0.08054936
417428,0.033328988
417429,0.02897052
417430,0.11648287
417431,0.02135816
417432,0.016641106
417433,0.08198356
417435,0.09055161
417436,0.013600299
417438,0.04401591
417439,0.041680843
417440,0.06134921
417441,0.036142334
417442,0.17600812
417443,0.19424537
417444,0.09374679
417445,0.1773247
417446,0.077081494
417447,0.1322875
417448,0.04005438
417449,0.07451641
417450,0.03854206
417451,0.15577783
417452,0.046250902
417453,0.0544557
417454,0.024135672
417455,0.2201195
417456,0.019981775
417457,0.02718151
417513,0.014660527
417544,0.44039673
417555,0.17336054
417567,0.046551708
417612,0.015696105
417625,0.064267546
417626,0.013451813
417627,0.18400107
417648,0.10975533
417735,0.063545
417736,0.24409956
417749,0.043576844
417778,0.013679406
417863,0.031749886
417893,0.013020362
417895,0.041647498
417903,0.028563092
417910,0.030542675
417915,0.12842822
417925,0.020474162
417927,0.011723886
417940,0.18016413
417949,0.036540616
417950,0.022541033
417952,0.026306631
417956,0.037144896
417969,0.062570624
417970,0.008015542
417974,0.074014075
417975,0.023586098
417976,0.034600526
417980,0.03428007
417982,0.104277045
417983,0.018350057
417987,0.045086183
417988,0.15364212
417989,0.030189041
417990,0.5609402
417993,0.11342879
417994,0.038391378
417995,0.0066962345
417996,0.048672423
417997,0.014155054
417998,0.17778338
417999,0.06383685
418000,0.094534054
418001,0.13517955
418002,0.035649393
418003,0.11960734
418004,0.050716486
418005,0.12422547
418006,0.032904066
418009,0.21543682
418011,0.09758246
418012,0.015510855
418013,0.041551102
418014,0.28984997
418015,0.16107863
418029,0.12698118
418030,0.038418442
418132,0.059523217
418217,0.0694657
418222,0.021361763
418237,0.04291656
418272,0.12120943
418343,0.1268889
418344,0.11791838
418345,0.17456788
418386,0.10000639
418387,0.056947876
418402,0.013929422
418436,0.014286016
418456,0.08018494
418458,0.054583825
418460,0.09670236
418487,0.02999163
418514,0.033233535
418519,0.011910347
418532,0.015032494
418539,0.03341579
418549,0.06234949
418555,0.03856461
418556,0.23683906
418558,0.14625075
418559,0.023402331
418562,0.0079172775
418568,0.30243817
418576,0.043991797
418578,0.14087464
418580,0.06501327
418581,0.109938554
418582,0.0061249463
418584,0.03281825
418585,0.03023593
418587,0.0809597
418591,0.019233527
418592,0.027060436
418593,0.04646499
418595,0.031651262
418596,0.16695228
418597,0.03216694
418598,0.04634457
418599,0.015862264
418600,0.02928441
418601,0.059822146
418602,0.18300217
418603,0.22183575
418604,0.016251817
418606,0.1739656
418607,0.009724966
418608,0.07059486
418609,0.050105415
418610,0.068398386
418611,0.10557281
418612,0.07771666
418613,0.042952936
418614,0.07321827
418615,0.013756229
418616,0.02598522
418618,0.15010564
418651,0.045178838
418652,0.03134237
418653,0.06468627
418658,0.09023197
418692,0.21681722
418749,0.22703522
418820,0.08703476
418843,0.04859623
418863,0.083624266
418915,0.023896364
418938,0.24160053
418957,0.0799559
419024,0.13519879
419061,0.012606828
419063,0.08522322
419076,0.0617395
419093,0.0066092974
419131,0.09068825
419132,0.013917409
419138,0.03936846
419139,0.06699936
419141,0.03171058
419142,0.025425779
419143,0.013075959
419145,0.019465046
419149,0.02034662
419151,0.029339703
419152,0.021354498
419153,0.074137494
419154,0.06696649
419155,0.11978721
419156,0.04490642
419157,0.010115523
419158,0.57164353
419159,0.23269406
419162,0.02054106
419163,0.06629406
419165,0.15459636
419168,0.13728596
419169,0.020699045
419170,0.07642978
419171,0.2586984
419172,0.14025101
419173,0.024862893
419174,0.040832277
419175,0.010406938
419176,0.2206235
419177,0.23522851
419178,0.10413804
419270,0.23897992
419305,0.12808014
419330,0.0437351
419485,0.037756488
419491,0.052892886
419499,0.058901563
419513,0.12343702
419514,0.053723376
419535,0.020800557
419538,0.025606496
419582,0.30372888
419601,0.0055197338
419611,0.08917582
419644,0.1909496
419648,0.074477546
419649,0.053054698
419656,0.07348013
419671,0.018918922
419677,0.06794729
419685,0.10690798
419688,0.12845847
419689,0.08925253
419690,0.026024243
419691,0.07253051
419698,0.20322764
419699,0.02058246
419701,0.19982235
419703,0.23563482
419704,0.07983754
419705,0.16270761
419746,0.2956668
419750,0.0048063165
419767,0.015675217
419775,0.079927206
419783,0.11651888
419787,0.14967453
419788,0.0943316
419790,0.018180575
419791,0.024289204
419792,0.022992248
419794,0.12399453
419795,0.24559806
419797,0.085182756
419798,0.0400808
419799,0.025701452
419804,0.13802826
419805,0.14919208
419806,0.028259616
419808,0.017399218
419810,0.048825655
419811,0.019161757
419812,0.33328936
419815,0.18072371
419816,0.0679575
419817,0.025426807
419818,0.07369542
419820,0.031618606
419821,0.059053145
419824,0.18839826
419825,0.13292246
419826,0.06979436
419827,0.00300518
419828,0.008411287
419829,0.040924277
419830,0.40648854
419831,0.062281407
419832,0.04916098
419833,0.087686345
419834,0.033430655
419835,0.015023672
419836,0.039239682
419837,0.12089104
419838,0.01903061
419839,0.1218917
419840,0.028230483
419841,0.16070281
419842,0.32471922
419843,0.21163881
419913,0.21277817
419916,0.11089995
419955,0.01302353
419956,0.066170454
419992,0.018679636
420150,0.06455478
420160,0.09790226
420190,0.027934821
420195,0.07351736
420204,0.08046824
420207,0.08371564
420210,0.040971804
420214,0.08584921
420218,0.012489906
420219,0.04478453
420220,0.07592364
420242,0.038175594
420249,0.010697835
420254,0.02706033
420255,0.012272941
420258,0.18938048
420260,0.00428146
420263,0.13428609
420265,0.02017117
420271,0.029055908
420273,0.04121871
420274,0.10892135
420275,0.031610277
420277,0.012914198
420278,0.083794974
420279,0.039172955
420280,0.05090708
420281,0.043385092
420283,0.13775837
420284,0.043851253
420285,0.021784911
420286,0.031913634
420287,0.04524944
420288,0.010274851
420290,0.024753565
420291,0.030540846
420293,0.036523465
420294,0.0077225156
420295,0.040973715
420296,0.023417806
420297,0.16490096
420298,0.026377302
420299,0.12867974
420300,0.0395623
420344,0.012303787
420345,0.2558249
420347,0.021626469
420348,0.09003997
420349,0.1022444
420350,0.013887476
420351,0.015650574
420352,0.022026999
420353,0.015639141
420354,0.08681529
420355,0.03495951
420356,0.07911854
420357,0.01393254
420358,0.08443897
420359,0.02086562
420360,0.013337629
420361,0.008248091
420362,0.021333337
420363,0.14911498
420364,0.14800267
420365,0.034921806
420366,0.078759484
420383,0.018467044
420436,0.26718906
420446,0.028641338
420554,0.09230877
420565,0.051738836
420569,0.031576294
420573,0.025063727
420574,0.08260367
420587,0.12241821
420589,0.1361077
420593,0.041114315
420594,0.046145223
420595,0.07171984
420598,0.011471349
420601,0.08894452
420602,0.12051258
420603,0.04635828
420607,0.013507207
420611,0.019252365
420613,0.059196044
420614,0.06701701
420615,0.09303403
420616,0.036359888
420617,0.1336175
420618,0.012853949
420619,0.05746666
420620,0.02752347
420621,0.12981763
420622,0.050712593
420623,0.15045787
420624,0.017030448
420625,0.0403037
420626,0.17561966
420627,0.21924978
420628,0.037918963
420629,0.009062691
420631,0.031548943
420633,0.048008353
420634,0.025709784
420635,0.048936512
420636,0.027002761
420637,0.08413104
420662,0.014036439
420727,0.024212973
420728,0.07629459
420733,0.24623697
420787,0.051425606
420789,0.034600835
420792,0.049303986
420797,0.16199856
420814,0.016213289
420833,0.18137048
420839,0.026638351
420841,0.058774278
420843,0.046606325
420844,0.106361896
420847,0.22340606
420849,0.01772757
420851,0.062423263
420853,0.031299632
420854,0.09036402
420855,0.039013017
420856,0.0222064
420857,0.09804149
420858,0.008278564
420859,0.045890246
420860,0.61746174
420861,0.19516622
420862,0.060547534
420863,0.08671325
420864,0.12975295
420866,0.28059688
420867,0.015679125
420868,0.015407072
420869,0.05550413
420870,0.009065291
420871,0.04626729
420872,0.10274273
420873,0.0281807
420874,0.15390277
420875,0.098416485
420876,0.04283877
420878,0.008996331
420879,0.05275281
420880,0.017895954
420881,0.06822741
420882,0.040022273
420883,0.21026447
420884,0.2601334
420885,0.027190583
420886,0.032315332
420887,0.08447872
420888,0.037909493
420905,0.03542438
421015,0.022547662
421200,0.30740795
421269,0.10796765
421272,0.029193152
421290,0.15936753
421323,0.38394403
421342,0.01071628
421349,0.076794595
421355,0.03590883
421356,0.031246226
421363,0.24949984
421365,0.2672821
421381,0.13524176
421383,0.023719002
421386,0.22704205
421394,0.0023300205
421395,0.1354899
421399,0.088177025
421431,0.16097338
421467,0.16122158
421554,0.035595305
421557,0.09498335
421558,0.10486259
421562,0.026049491
421614,0.2927426
421690,0.006009415
421758,0.2365284
421776,0.10913398
421827,0.1393983
421828,0.07379356
421829,0.082225464
421848,0.033162955
421862,0.04062262
421863,0.01681829
421868,0.0052849697
421884,0.038610294
421921,0.12843676
421924,0.12980197
421958,0.23998812
421961,0.01785133
421964,0.014255087
421968,0.03592473
421974,0.122565754
421975,0.009860922
421977,0.16592214
421978,0.2742012
421979,0.013144019
421980,0.08165487
421982,0.04711053
421985,0.08325623
421986,0.083182834
421987,0.040212683
421988,0.028106574
421989,0.106430784
421990,0.06935076
421991,0.023851177
421993,0.030936753
421994,0.05923687
421996,0.41247118
421997,0.010669988
421998,0.055246167
421999,0.114131294
422000,0.1514775
422001,0.03548865
422002,0.09491732
422004,0.15988207
422005,0.19093433
422007,0.12184418
422008,0.07525741
422010,0.029646961
422011,0.01919225
422012,0.06632445
422014,0.073041216
422015,0.1585315
422016,0.06330476
422017,0.014351391
422018,0.032381717
422019,0.17151275
422039,0.009407491
422041,0.018267062
422042,0.034372266
422043,0.06291167
422044,0.025499025
422045,0.06225647
422047,0.17673802
422048,0.029070742
422049,0.027236065
422050,0.07943658
422051,0.057198178
422053,0.06613937
422054,0.09971119
422055,0.05029109
422056,0.017132837
422057,0.15582508
422058,0.111655116
422059,0.03288865
422060,0.016429473
422063,0.22942948
422064,0.02079801
422065,0.05799718
422066,0.05927042
422067,0.033669885
422068,0.01900945
422069,0.0329042
422070,0.05348346
422071,0.019622639
422072,0.02230318
422074,0.1451765
422152,0.005743462
422210,0.070065565
422227,0.121420525
422308,0.039362703
422339,0.037664585
422368,0.051962744
422391,0.02873048
422407,0.015715174
422485,0.017476285
422491,0.0683172
422506,0.11754717
422508,0.12589075
422512,0.032528315
422513,0.06545976
422514,0.025490005
422518,0.028807355
422519,0.016291117
422523,0.07525503
422524,0.048551403
422525,0.027073037
422526,0.019731004
422527,0.09770935
422531,0.24341182
422533,0.006230078
422534,0.035992313
422536,0.06096535
422537,0.036606755
422538,0.13796434
422540,0.101876125
422541,0.33260748
422543,0.11245374
422544,0.17478819
422545,0.036618058
422546,0.03362411
422547,0.21329747
422548,0.050029185
422549,0.096572064
422550,0.02904874
422551,0.04711776
422552,0.016506853
422553,0.0402071
422554,0.18739645
422555,0.262461
422556,0.01181498
422639,0.0031312825
422667,0.16284813
422734,0.08065837
422748,0.12954903
422749,0.13563356
422796,0.057708308
422810,0.0087921815
422839,0.04919787
422850,0.23700194
422891,0.07203889
422940,0.18322915
422962,0.015416697
422964,0.05011156
423009,0.091079056
423022,0.013749645
423041,0.11063111
423046,0.10263425
423052,0.09097589
423055,0.036192957
423061,0.2283734
423075,0.014424081
423076,0.03896771
423077,0.10129289
423081,0.30658755
423083,0.12287483
423087,0.061936937
423089,0.013962588
423091,0.022686247
423098,0.17606276
423105,0.040990107
423106,0.06234938
423107,0.0678734
423114,0.2062867
423116,0.030799778
423120,0.09918125
423121,0.09671076
423125,0.033800196
423132,0.023025194
423133,0.049583744
423134,0.33339044
423135,0.04879439
423137,0.044637505
423138,0.010377712
423139,0.044877987
423140,0.054602697
423141,0.1831541
423143,0.035121966
423144,0.026024807
423145,0.024137653
423146,0.07001362
423147,0.07194949
423148,0.08413047
423149,0.0055700648
423150,0.06580148
423151,0.03245479
423152,0.010752176
423153,0.14550301
423154,0.01396704
423155,0.038717646
423156,0.024567368
423157,0.024820715
423158,0.04387762
423159,0.11083697
423228,0.08797592
423237,0.16081595
423386,0.09481048
423416,0.45399553
423417,0.2886964
423489,0.07878479
423503,0.19922364
423522,0.038770966
423571,0.05946049
423574,0.01284744
423580,0.02301535
423621,0.27506348
423622,0.21758327
423624,0.029799191
423629,0.023810811
423631,0.06479227
423648,0.026084507
423651,0.056472726
423652,0.03165845
423658,0.23642075
423663,0.0104632
423664,0.0137618715
423665,0.12179853
423668,0.07392896
423670,0.030737424
423671,0.05954673
423672,0.019848973
423679,0.018081227
423681,0.09502511
423687,0.07510239
423688,0.037838444
423690,0.02999931
423691,0.051289227
423693,0.04081242
423696,0.08931796
423698,0.09524849
423699,0.14796503
423700,0.038790964
423701,0.041041363
423702,0.14101958
423703,0.026846947
423704,0.024200542
423706,0.03841189
423707,0.030062571
423708,0.008261547
423709,0.10046664
423710,0.19181187
423711,0.038906384
423712,0.13889907
423713,0.051363245
423714,0.55665773
423715,0.017585466
423717,0.10692302
423718,0.025381058
423719,0.17313506
423720,0.019181255
423721,0.034490824
423722,0.02645814
423723,0.09644089
423724,0.035479527
423726,0.007801422
423730,0.014828981
423734,0.021114
423735,0.05214399
423736,0.06792945
423737,0.014351256
423738,0.058592103
423739,0.10050366
423740,0.03476352
423741,0.012956725
423742,0.04814291
423743,0.08145803
423746,0.018748078
423747,0.040135257
423748,0.101448916
423749,0.015446822
423750,0.16615745
423751,0.0542228
423752,0.05614257
423753,0.12516679
423754,0.04582762
423755,0.021812009
423756,0.09994051
423800,0.05011251
423894,0.011044058
423938,0.2084269
423939,0.06050696
423940,0.06498376
423947,0.053261902
423957,0.26741722
423959,0.038015626
423966,0.32339883
423968,0.048514247
423972,0.028721109
423978,0.17945433
423979,0.012670049
423982,0.20014693
423983,0.09889995
423986,0.04238051
423990,0.024985878
423993,0.0055863955
423994,0.02538466
423996,0.028868282
423998,0.0490398
423999,0.124774896
424000,0.02635547
424001,0.04103018
424002,0.0101868175
424003,0.17870945
424004,0.079990625
424005,0.0493801
424006,0.08225337
424007,0.058736272
424008,0.120685056
424009,0.058925528
424010,0.09290431
424011,0.1374293
424012,0.013894268
424013,0.027280767
424014,0.09968612
424015,0.029541995
424016,0.10580535
424161,0.14198291
424189,0.15646878
424192,0.03735986
424198,0.034843512
424202,0.014799952
424203,0.006777123
424207,0.1199523
424208,0.051245265
424211,0.018697247
424214,0.04348237
424215,0.024520213
424216,0.034320004
424220,0.086436205
424222,0.051135287
424223,0.03576623
424232,0.05167415
424234,0.01575523
424235,0.024247566
424236,0.029280182
424241,0.012507797
424244,0.032472238
424245,0.15007389
424246,0.032330494
424248,0.20009884
424249,0.121394336
424251,0.04427964
424252,0.027850458
424253,0.038776673
424254,0.0688595
424255,0.029259661
424256,0.15416035
424257,0.024572093
424258,0.079124235
424259,0.07340847
424260,0.016783144
424261,0.03241906
424262,0.015656702
424264,0.049666803
424265,0.14382598
424266,0.22118758
424267,0.022013383
424268,0.015394456
424270,0.13708013
424271,0.13460308
424272,0.006334322
424273,0.042609233
424274,0.061247297
424275,0.046880044
424320,0.05220702
424354,0.05443326
424359,0.032743536
424360,0.13118204
424361,0.0940197
424362,0.037921764
424363,0.015390158
424364,0.07663913
424365,0.03696036
424491,0.1562966
424576,0.07066582
424639,0.030941555
424640,0.020915234
424653,0.091736436
424672,0.12184892
424708,0.020914635
424724,0.0973962
424725,0.115738705
424734,0.25136897
424755,0.041188333
424758,0.08309729
424765,0.019012246
424770,0.040806297
424773,0.09746682
424780,0.040297832
424784,0.013828411
424791,0.042311896
424797,0.12346207
424800,0.01850717
424807,0.012429877
424809,0.050673757
424812,0.07315373
424813,0.07465736
424816,0.015052984
424817,0.011876808
424820,0.023924699
424822,0.068239465
424823,0.13037945
424825,0.095368385
424826,0.19947465
424827,0.016287442
424828,0.079522625
424830,0.066325665
424831,0.006490154
424832,0.17315796
424833,0.043003526
424834,0.16150077
424835,0.2576698
424836,0.09174758
424837,0.24719256
424838,0.0649124
424839,0.017871087
424840,0.036172777
424841,0.36204025
424843,0.011402585
424845,0.20732741
424846,0.019683337
424847,0.018497229
424848,0.042963754
424849,0.22026545
424850,0.24805817
424851,0.040849846
424852,0.018559515
424853,0.016191293
424854,0.07252967
424856,0.010593304
424857,0.09180295
424947,0.16635641
425037,0.1198296
425039,0.076960325
425096,0.06691297
425107,0.03264955
425156,0.04580346
425191,0.039384183
425192,0.08453142
425230,0.0072831423
425231,0.06515342
425237,0.06779675
425281,0.0745716
425301,0.05392102
425306,0.23798399
425312,0.03065068
425313,0.005780227
425317,0.052929033
425326,0.04382532
425330,0.030129496
425336,0.18985426
425338,0.07587316
425343,0.079849765
425345,0.018453436
425360,0.12542748
425364,0.067475066
425368,0.07769896
425369,0.023306513
425371,0.081190735
425372,0.010109332
425373,0.23096006
425374,0.043492626
425376,0.2434151
425379,0.051161878
425380,0.006890561
425381,0.041767772
425382,0.022618983
425383,0.019869145
425384,0.034664676
425385,0.01696533
425388,0.24236216
425389,0.02037787
425390,0.012966205
425391,0.18508165
425392,0.031579632
425394,0.11414645
425395,0.08269763
425396,0.03742432
425397,0.012201917
425398,0.048831813
425399,0.04211495
425400,0.016670838
425403,0.019725269
425404,0.07002829
425405,0.021890448
425406,0.1270191
425407,0.12577198
425408,0.0161588
425409,0.034189127
425411,0.02680206
425412,0.046303105
425413,0.31192994
425414,0.09369477
425415,0.116229646
425416,0.17817174
425418,0.0209164
425419,0.011964198
425423,0.07627316
425424,0.05031526
425425,0.23081784
425426,0.07538731
425429,0.03345124
425430,0.013480699
425431,0.14696962
425432,0.009945396
425433,0.069547296
425434,0.04314114
425435,0.14756995
425437,0.04362375
425438,0.0037285327
425439,0.034320462
425440,0.03488554
425441,0.028476669
425442,0.318231
425444,0.2425536
425446,0.020080077
425447,0.11027968
425448,0.23483746
425449,0.086010635
425450,0.041118234
425451,0.032215897
425453,0.19939259
425454,0.34240797
425455,0.043797087
425456,0.14571391
425457,0.037029676
425458,0.10830016
425459,0.14880344
425460,0.0055691586
425461,0.04781577
425462,0.013284134
425511,0.041487075
425601,0.013262994
425810,0.031779077
425824,0.06564928
425830,0.1752935
425835,0.07739234
425838,0.05674269
425865,0.021670537
425877,0.07945746
425904,0.06140833
425905,0.013203698
425906,0.019282108
425909,0.13681327
425911,0.38469148
425913,0.06434648
425923,0.030316968
425932,0.03980551
425938,0.0033427067
425939,0.14889744
425943,0.08376139
425944,0.022846974
425945,0.019475028
425946,0.016295368
425948,0.09329068
425950,0.018597094
425952,0.0996119
425954,0.29479414
425955,0.016385533
425957,0.17418292
425958,0.010765762
425959,0.14799614
425960,0.116867006
425961,0.14207406
425962,0.013235526
425964,0.07759291
425965,0.050280776
425966,0.11661513
425967,0.06097447
425968,0.08141786
425969,0.04997764
425970,0.10642124
425971,0.08374396
425972,0.01134953
425976,0.12552291
426050,0.025927758
426051,0.2383311
426052,0.027593346
426053,0.035826992
426124,0.038146306
426132,0.0964971
426154,0.05986268
426192,0.04073075
426235,0.0413035
426297,0.18336947
426387,0.07327532
426396,0.011312191
426436,0.03795906
426437,0.047219533
426460,0.027203672
426466,0.0702422
426469,0.06978805
426510,0.083850116
426617,0.13823467
426630,0.029404078
426631,0.022562366
426650,0.065978736
426688,0.05293368
426691,0.024934927
426855,0.1217173
426873,0.25743446
426890,0.05906311
426891,0.06844107
426895,0.013871218
426928,0.2709221
426929,0.02618059
426955,0.1348417
426957,0.017800996
427007,0.15437031
427009,0.017390007
427021,0.07736409
427023,0.023478832
427032,0.0447023
427036,0.01514782
427040,0.057360556
427041,0.036986217
427042,0.034524113
427044,0.010868632
427048,0.09699968
427050,0.14167821
427054,0.021509932
427057,0.06136749
427058,0.010313468
427059,0.21524738
427060,0.18322547
427062,0.03619122
427063,0.13368127
427064,0.014531127
427065,0.03715657
427067,0.15409197
427069,0.021127617
427070,0.014021552
427071,0.109774254
427072,0.016089795
427073,0.030045712
427074,0.023683049
427075,0.02209795
427076,0.017728351
427077,0.064835824
427078,0.0922577
427079,0.021815034
427080,0.014158849
427081,0.06603123
427082,0.046899397
427088,0.05949578
427109,0.020212596
427110,0.124881916
427111,0.037073832
427114,0.07992598
427115,0.26480392
427120,0.016573643
427121,0.018798243
427122,0.1857677
427125,0.030507544
427126,0.026618479
427127,0.050870854
427128,0.016560452
427129,0.027168883
427130,0.37932718
427131,0.0073599187
427132,0.005509096
427133,0.025612641
427134,0.016563373
427135,0.025031233
427137,0.09996816
427138,0.041386403
427139,0.021941131
427140,0.13118243
427142,0.03517034
427143,0.062483076
427144,0.235681
427145,0.031448428
427146,0.1429038
427147,0.06950251
427148,0.021755857
427149,0.08014805
427150,0.14832087
427151,0.009072704
427152,0.01809853
427153,0.01729999
427154,0.29560253
427155,0.028992018
427156,0.012299634
427157,0.048405156
427158,0.113340504
427159,0.05464234
427160,0.0074192053
427161,0.07368807
427162,0.46537414
427163,0.23919313
427164,0.039581146
427165,0.0065544555
427254,0.034594927
427263,0.06347285
427324,0.1355871
427330,0.2903699
427379,0.055484857
427465,0.028340193
427485,0.119692214
427489,0.01599609
427505,0.13895847
427567,0.09212626
427575,0.112258814
427578,0.18777849
427589,0.3961052
427612,0.106665835
427615,0.063218296
427618,0.048773315
427620,0.14638653
427622,0.0028221363
427627,0.0417432
427628,0.08222715
427632,0.027657073
427634,0.0058399527
427635,0.028061891
427637,0.08532433
427639,0.13938259
427640,0.03963736
427641,0.016025959
427642,0.08995498
427643,0.13016766
427645,0.10671352
427646,0.048797477
427647,0.030534016
427649,0.011123634
427650,0.06494423
427652,0.13126047
427653,0.09988768
427654,0.0051779267
427655,0.30712637
427656,0.04550884
427657,0.08353255
427658,0.17552242
427659,0.037787255
427660,0.0348755
427661,0.10514468
427662,0.020825293
427663,0.03518624
427664,0.12735294
427665,0.01029703
427666,0.023946052
427667,0.034767006
427668,0.31000292
427669,0.108082145
427671,0.21197894
427672,0.22594504
427673,0.014145782
427676,0.050942734
427677,0.0075913644
427703,0.04465132
427738,0.032072153
427809,0.05519251
427881,0.046403658
427949,0.036626503
427985,0.19998057
428047,0.14059862
428054,0.56414515
428080,0.25287908
428143,0.24427006
428162,0.14995368
428166,0.013225971
428187,0.03830162
428188,0.034678984
428189,0.023864985
428195,0.027971625
428196,0.18687008
428198,0.07547167
428200,0.016695283
428201,0.027602905
428204,0.30792233
428206,0.0620561
428207,0.1376411
428208,0.10787517
428210,0.02563329
428211,0.02323221
428212,0.2989662
428213,0.07392625
428215,0.013748908
428217,0.07541465
428218,0.030851338
428219,0.057749733
428220,0.027880251
428222,0.29691282
428223,0.04858697
428224,0.034994718
428225,0.044664945
428227,0.033141766
428228,0.083455764
428229,0.1637941
428230,0.3004018
428231,0.020474846
428232,0.051143583
428233,0.016549474
428234,0.05303142
428235,0.33365083
428236,0.07938974
428237,0.16263513
428238,0.036780074
428240,0.0068952125
428241,0.06154234
428242,0.021777093
428243,0.15482865
428244,0.20835721
428311,0.058957346
428312,0.05489883
428313,0.11472971
428314,0.102663524
428409,0.02309829
428416,0.046947625
428423,0.0590847
428424,0.09750839
428463,0.11523141
428485,0.15824972
428517,0.021311749
428518,0.13884825
428561,0.02750625
428565,0.024030264
428590,0.039975435
428597,0.029320732
428614,0.070445135
428616,0.14280975
428621,0.011660048
428626,0.12283971
428629,0.0167159
428636,0.16059573
428647,0.03310861
428654,0.040074717
428659,0.024104133
428686,0.037101462
428690,0.021105308
428701,0.044923265
428708,0.12611781
428714,0.09242965
428722,0.02265337
428729,0.04961221
428745,0.026628537
428751,0.05321053
428757,0.028795775
428764,0.059822924
428774,0.037949357
428778,0.027748225
428783,0.020907376
428789,0.013095117
428797,0.050167665
428799,0.04182454
428801,0.5112975
428804,0.054336242
428806,0.028531652
428813,0.02747127
428816,0.033103038
428821,0.091992386
428832,0.11749301
428839,0.028761262
428842,0.104517415
428850,0.05108315
428859,0.111617535
428871,0.06516381
428907,0.33367997
428913,0.0431236
428920,0.2538631
428924,0.04020688
428928,0.06835704
428930,0.0336046
428933,0.12550934
428938,0.042407002
428944,0.09630649
428948,0.045252867
428963,0.033956867
428975,0.06902517
428979,0.026744299
428982,0.20206848
428984,0.012537651
428987,0.049628478
429015,0.011169722
429018,0.019659312
429028,0.0021429972
429035,0.21042079
429037,0.023472782
429042,0.01078797
429055,0.041941375
429066,0.03392974
429067,0.15659812
429069,0.008774566
429077,0.059080362
429078,0.17195372
429083,0.016215852
429091,0.046883784
429093,0.013117598
429094,0.023675304
429103,0.05060573
429109,0.13406184
429121,0.14933291
429129,0.0111980345
429134,0.022983735
429138,0.047068626
429164,0.015887937
429173,0.08989832
429182,0.027797304
429190,0.013980319
429199,0.015751002
429219,0.11404455
429224,0.009055992
429226,0.1910531
429230,0.014554608
429239,0.00874739
429243,0.05670062
429256,0.053127836
429266,0.15638241
429269,0.13814417
429294,0.012700907
429295,0.11086264
429297,0.16627711
429299,0.019889092
429302,0.036128193
429305,0.11872956
429308,0.021143867
429314,0.15420981
429318,0.018810691
429348,0.09211304
429356,0.6335151
429359,0.115122825
429372,0.03103182
429373,0.06792967
429384,0.1173417
429385,0.08023626
429398,0.016861625
429405,0.08553763
429407,0.017558005
429408,0.038348105
429412,0.111303404
429414,0.09902726
429415,0.084811695
429421,0.048193622
429422,0.019797204
429430,0.10112847
429432,0.04895902
429440,0.12846692
429442,0.22128834
429451,0.4778256
429459,0.09080894
429469,0.03731866
429471,0.008275933
429482,0.012298695
429483,0.12114118
429491,0.18181671
429493,0.037140936
429496,0.14379738
429498,0.023726434
429501,0.032029398
429502,0.063658334
429508,0.032432023
429509,0.024151923
429511,0.15976538
429528,0.019830111
429531,0.16163868
429539,0.117970176
429549,0.24276368
429555,0.06701995
429557,0.046095014
429567,0.1280306
429570,0.05597171
429576,0.020490838
429590,0.029658603
429591,0.2888799
429597,0.05364495
429600,0.15747856
429602,0.02929929
429604,0.07421232
429623,0.07874025
429625,0.011469002
429626,0.049727954
429628,0.0047172834
429634,0.045021772
429637,0.029918058
429666,0.033318557
429667,0.069470614
429670,0.0272564
429673,0.00606504
429678,0.037300535
429693,0.022402294
429702,0.028342497
429708,0.020025117
429737,0.017790403
429739,0.018703114
429740,0.023826232
429750,0.11669818
429770,0.13210528
429774,0.05883001
429777,0.10313226
429780,0.01661117
429809,0.10533297
429810,0.010336441
429831,0.04334722
429835,0.12969677
429838,0.08830096
429846,0.034789037
429851,0.014985609
429852,0.01267061
429856,0.023501895
429857,0.05707964
429866,0.23705448
429871,0.039891228
429873,0.1358308
429879,0.16257702
429882,0.050487246
429885,0.01721798
429890,0.06614849
429897,0.013087994
429933,0.046727795
429936,0.038662612
429948,0.04583022
429952,0.17652406
429967,0.016910806
429982,0.0067506176
429989,0.080491565
430000,0.016484378
430003,0.013704636
430011,0.087307386
430019,0.04866772
430035,0.018506555
430042,0.37228784
430047,0.05221253
430048,0.025546571
430059,0.045619886
430060,0.13518856
430077,0.07154084
430080,0.06992951
430083,0.34246367
430086,0.09987111
430090,0.13177541
430103,0.021809129
430107,0.08420046
430114,0.018258547
430116,0.05369392
430124,0.047980696
430129,0.060605302
430132,0.061968066
430146,0.06781734
430155,0.108956546
430156,0.012127428
430160,0.07941636
430168,0.03981794
430170,0.059243605
430176,0.049798194
430177,0.31763136
430186,0.2728739
430187,0.028089058
430195,0.14009319
430198,0.34730047
430204,0.07087554
430210,0.07883778
430211,0.17531703
430213,0.01981576
430216,0.32239857
430217,0.069465615
430227,0.014352247
430253,0.022645269
430266,0.2062347
430274,0.01834247
430280,0.014002401
430300,0.0029389327
430301,0.010477368
430309,0.24373412
430313,0.032062296
430316,0.09195479
430319,0.18613742
430332,0.056756962
430346,0.057906188
430357,0.1054955
430359,0.030582706
430368,0.022568064
430376,0.020468364
430383,0.066467956
430389,0.051437054
430393,0.24520649
430394,0.025839098
430404,0.114983305
430405,0.036744457
430407,0.099752374
430433,0.040435195
430445,0.023291295
430446,0.057040177
430451,0.09760363
430452,0.015690697
430459,0.038566757
430466,0.044010647
430467,0.0067327814
430473,0.12768361
430477,0.01185769
430483,0.117838636
430512,0.021896688
430521,0.0049171997
430524,0.016973307
430529,0.0708643
430533,0.015073875
430536,0.027980397
430538,0.025028575
430540,0.16310689
430548,0.06287316
430549,0.028257411
430550,0.038536385
430566,0.08545497
430574,0.038733862
430576,0.062256366
430582,0.10744315
430585,0.06738657
430625,0.021835689
430627,0.023535782
430629,0.032448344
430637,0.11730067
430639,0.018401204
430641,0.053033616
430656,0.023930963
430659,0.011599111
430661,0.012508839
430671,0.0724668
430672,0.095902935
430673,0.08079574
430674,0.037190292
430676,0.023613792
430691,0.013378302
430698,0.044145208
430699,0.2225222
430708,0.067047
430719,0.045047216
430726,0.0107823955
430728,0.36526495
430730,0.19548124
430731,0.17538509
430732,0.05135884
430738,0.054596312
430770,0.09369952
430782,0.17327204
430785,0.078041635
430786,0.033639703
430806,0.27391753
430818,0.3395262
430819,0.046737723
430820,0.038250692
430835,0.07083795
430836,0.048551735
430837,0.035625108
430838,0.016049623
430839,0.049936034
430847,0.22349629
430853,0.05047495
430856,0.0069733183
430876,0.039163854
430886,0.009580524
430887,0.0143012935
430889,0.051164284
430927,0.005407562
430931,0.31941074
430939,0.015886609
430942,0.011601341
430949,0.030797325
430957,0.020618528
430960,0.0052067344
430961,0.013760493
430962,0.14893019
430973,0.033243116
430975,0.013963968
430976,0.055992372
430981,0.018268669
430992,0.037262302
431007,0.18554103
431010,0.077454545
431013,0.025540143
431023,0.016053496
431027,0.054969624
431044,0.017243674
431056,0.00588996
431058,0.01113541
431065,0.018268768
431077,0.12193061
431080,0.1482714
431082,0.012688734
431088,0.28143135
431095,0.09690347
431100,0.065418735
431106,0.11353081
431107,0.05145155
431110,0.021496875
431114,0.11780268
431138,0.08228553
431144,0.0058334284
431162,0.06376515
431170,0.25122195
431171,0.01968688
431176,0.058550365
431203,0.09782681
431211,0.041391414
431212,0.04794894
431215,0.027964244
431238,0.6340094
431241,0.065242514
431244,0.16896677
431254,0.042327557
431263,0.03871832
431278,0.0045510167
431285,0.1487114
431286,0.07814153
431298,0.034637228
431305,0.009584547
431315,0.2392514
431323,0.07282724
431325,0.009939403
431334,0.020559076
431358,0.15561178
431372,0.05040759
431373,0.006411268
431374,0.3350563
431377,0.09177254
431386,0.12470231
431388,0.1776026
431395,0.017322265
431396,0.03686334
431413,0.013467483
431416,0.09092237
431418,0.11733742
431431,0.114849634
431444,0.082586
431449,0.20665768
431467,0.03506746
431469,0.039526496
431479,0.035877988
431480,0.015260348
431481,0.016148826
431488,0.052052896
431492,0.30020213
431496,0.05417468
431497,0.021598645
431508,0.13303627
431511,0.05366557
431517,0.014051038
431520,0.08962575
431538,0.1036492
431540,0.009662634
431543,0.24827152
431545,0.013817153
431560,0.017182522
431561,0.046448335
431584,0.35504115
431591,0.14734311
431593,0.1168011
431625,0.15358818
431630,0.18748473
431633,0.082709804
431635,0.03164966
431649,0.036607422
431650,0.1866115
431651,0.02415891
431652,0.020237504
431667,0.15875006
431668,0.4241866
431672,0.059232485
431675,0.30572572
431680,0.24259745
431682,0.007714733
431683,0.0155196525
431693,0.036357097
431697,0.045609508
431726,0.2202315
431731,0.078970216
431732,0.08841104
431744,0.0026766758
431750,0.01353856
431755,0.040122107
431756,0.06941122
431757,0.104737416
431765,0.0425223
431766,0.008332401
431768,0.112464
431770,0.010527889
431773,0.02642615
431775,0.068969816
431777,0.10470208
431778,0.23872407
431801,0.06296351
431807,0.014671133
431810,0.011797973
431815,0.08918699
431816,0.07244134
431823,0.11915011
431831,0.03473293
431837,0.035320822
431841,0.0359119
431845,0.013296341
431854,0.09807553
431857,0.050519444
431865,0.027718518
431866,0.07710799
431867,0.020407043
431869,0.056617677
431889,0.09555462
431899,0.02916081
431903,0.13664684
431909,0.024427515
431914,0.056544766
431916,0.03094954
431918,0.2509387
431931,0.029969174
431940,0.020177728
431948,0.113962024
431962,0.040333312
431965,0.036596894
431974,0.0071291504
431976,0.015796293
431987,0.087233394
431988,0.015897183
431995,0.15083078
431999,0.06518992
432003,0.010219882
432005,0.16278961
432009,0.07413071
432011,0.014020768
432022,0.17770296
432028,0.06546658
432030,0.0091416435
432037,0.024235064
432065,0.02723827
432070,0.014580578
432075,0.13503478
432078,0.072533
432080,0.06911138
432085,0.0223241
432092,0.059617285
432111,0.13851929
432112,0.0049757073
432115,0.02166033
432117,0.09674662
432118,0.064582676
432129,0.15637642
432132,0.13226928
432133,0.030060569
432145,0.12553842
432146,0.017571943
432148,0.03305781
432156,0.04828328
432167,0.02855145
432169,0.005114426
432188,0.019564372
432192,0.20495175
432221,0.08075348
432226,0.15414605
432231,0.009272704
432247,0.05709741
432252,0.025483022
432254,0.041970115
432263,0.037756275
432265,0.015333877
432271,0.10514717
432280,0.02244642
432282,0.05481256
432284,0.0073086466
432291,0.37243527
432296,0.08343122
432298,0.07852754
432301,0.022466911
432309,0.0483498
432312,0.091140024
432320,0.020399584
432324,0.007779594
432330,0.064392164
432339,0.016825736
432356,0.010271379
432357,0.013835651
432362,0.01809809
432365,0.03358299
432366,0.07615782
432370,0.08222048
432377,0.107057996
432384,0.037534043
432391,0.054886837
432405,0.04275338
432406,0.15047324
432414,0.1525684
432415,0.017041236
432417,0.008860791
432419,0.040873513
432424,0.02495858
432425,0.06895241
432432,0.17088273
432438,0.048736036
432441,0.05989456
432444,0.30991253
432446,0.40994033
432452,0.051157225
432454,0.06712241
432473,0.14182046
432482,0.14093576
432489,0.025092792
432492,0.20286137
432495,0.012300242
432501,0.12028607
432507,0.029378565
432509,0.33182442
432510,0.028410126
432522,0.01921053
432525,0.056131072
432526,0.024202643
432527,0.38397014
432532,0.039811954
432535,0.034603804
432544,0.007490065
432547,0.051649857
432551,0.05324285
432553,0.029068986
432555,0.023522794
432560,0.03529248
432569,0.07868778
432577,0.037688356
432585,0.04225008
432590,0.0273723
432591,0.06650676
432594,0.01576253
432607,0.034462117
432608,0.27245694
432609,0.10037713
432612,0.15900663
432613,0.008803783
432616,0.022628905
432618,0.51757234
432622,0.023022464
432626,0.013442747
432639,0.010130235
432640,0.03522292
432642,0.1331883
432648,0.01591243
432653,0.046805255
432661,0.11075244
432668,0.018875426
432682,0.12295425
432686,0.15141167
432693,0.015279743
432695,0.13527727
432696,0.16884957
432698,0.094523214
432699,0.013774497
432702,0.07063573
432707,0.03129478
432712,0.04042297
432719,0.039285515
432724,0.008073631
432728,0.06482289
432737,0.04944943
432745,0.26775697
432746,0.024897339
432749,0.15106007
432752,0.021230947
432758,0.022092728
432769,0.08746714
432770,0.05156964
432771,0.031029025
432788,0.011783511
432804,0.02650056
432807,0.20052299
432830,0.14219178
432831,0.046943057
432842,0.14372724
432849,0.3051864
432876,0.17898333
432886,0.036597483
432888,0.0248121
432897,0.009279014
432918,0.03562595
432919,0.07340876
432920,0.033539746
432921,0.042095013
432930,0.06261164
432932,0.028590044
432943,0.0986211
432944,0.030882467
432951,0.050205894
432952,0.025853574
432965,0.13675256
432969,0.038539637
432981,0.043988228
432985,0.022784745
432986,0.02197643
432988,0.047718577
432991,0.03435222
432992,0.05093668
433002,0.015582002
433018,0.03731683
433019,0.06549217
433021,0.04028256
433024,0.016345838
433031,0.03160942
433035,0.10779097
433047,0.20727827
433050,0.011075685
433051,0.021062566
433055,0.015564794
433058,0.09591648
433069,0.039636627
433079,0.11808903
433098,0.062171556
433099,0.0140082035
433104,0.066983074
433112,0.016329616
433117,0.020935232
433119,0.02227454
433130,0.008726638
433132,0.18025091
433158,0.39809203
433159,0.009987652
433162,0.009609979
433166,0.03668494
433169,0.057334833
433173,0.026022498
433174,0.029617505
433183,0.26525488
433184,0.027293416
433198,0.04362678
433205,0.034675594
433221,0.1585662
433271,0.17018197
433274,0.01775589
433276,0.1642987
433281,0.048414096
433283,0.064415656
433296,0.03938316
433300,0.059752252
433304,0.07186847
433308,0.07939253
433312,0.0370052
433313,0.20732532
433319,0.015180434
433332,0.13274875
433342,0.017880715
433343,0.008075265
433344,0.06938172
433345,0.00408174
433347,0.07140359
433350,0.01961093
433355,0.31739557
433356,0.019478546
433359,0.022047635
433361,0.062838376
433363,0.12318415
433370,0.020391325
433371,0.033277474
433374,0.096718356
433384,0.069833696
433390,0.04912131
433392,0.020065065
433396,0.09920345
433403,0.12663604
433405,0.019071402
433408,0.41425234
433410,0.20448393
433411,0.09355229
433424,0.037311323
433431,0.01937549
433432,0.13218336
433440,0.0624528
433441,0.101031825
433451,0.08266705
433452,0.07980656
433459,0.017731672
433463,0.022062862
433464,0.060074054
433470,0.061342597
433480,0.06982408
433482,0.11651624
433485,0.06515031
433494,0.31312367
433495,0.053201802
433496,0.024716448
433505,0.037082043
433509,0.025956139
433515,0.08307402
433518,0.025610361
433519,0.15978913
433527,0.073892355
433532,0.021551503
433535,0.020299695
433539,0.07873359
433561,0.06713593
433564,0.5388513
433566,0.011839663
433574,0.011770841
433575,0.024048403
433584,0.1136931
433591,0.18049926
433596,0.19045025
433598,0.08371974
433602,0.020643767
433606,0.026284764
433611,0.014706218
433617,0.036285855
433620,0.18405172
433628,0.033134088
433631,0.03459301
433651,0.018101942
433653,0.086328134
433657,0.032500032
433661,0.06569611
433662,0.053935006
433663,0.086945854
433668,0.037930664
433670,0.25701925
433680,0.12260115
433686,0.16703385
433709,0.035891876
433725,0.050447382
433731,0.11638836
433735,0.32391286
433745,0.037387684
433748,0.008848509
433754,0.093604974
433762,0.09504731
433766,0.026833871
433767,0.025896266
433779,0.124432616
433783,0.009665285
433785,0.14069176
433789,0.008484879
433794,0.22280645
433799,0.08261664
433800,0.014169735
433804,0.04144812
433816,0.053311013
433820,0.12001018
433829,0.019628335
433837,0.02318398
433840,0.013151481
433842,0.044297703
433849,0.03622002
433853,0.0058989883
433862,0.009241452
433872,0.023727935
433882,0.027943555
433892,0.06824843
433896,0.008963499
433906,0.014633116
433913,0.08107396
433914,0.0100126155
433957,0.019251669
433958,0.05939453
433965,0.084760405
433976,0.048723374
433984,0.006334424
433995,0.07189496
433996,0.02775259
434006,0.22864105
434007,0.022822805
434009,0.1017013
434019,0.11350244
434024,0.1237071
434026,0.18679774
434027,0.016679963
434034,0.06265758
434036,0.018808158
434037,0.068578936
434046,0.07572928
434050,0.0059360955
434051,0.018259156
434052,0.038818095
434055,0.09967337
434061,0.09964284
434064,0.028738907
434108,0.09173715
434109,0.11839099
434121,0.06123112
434122,0.0314628
434140,0.005895066
434151,0.052583084
434156,0.03459773
434157,0.008261727
434160,0.1472329
434164,0.023510559
434167,0.01723738
434169,0.09043053
434173,0.00920209
434176,0.06648589
434177,0.121143065
434179,0.11351043
434180,0.03163178
434183,0.08318545
434192,0.012510613
434205,0.04148033
434209,0.038914043
434212,0.08092554
434214,0.17683451
434216,0.07269594
434222,0.207823
434223,0.08111482
434224,0.11480102
434259,0.186176
434261,0.019587576
434263,0.06841808
434264,0.044040475
434282,0.027147526
434283,0.008088625
434293,0.145866
434317,0.15642832
434322,0.024527965
434326,0.054390147
434327,0.023395468
434328,0.020922149
434336,0.046551213
434340,0.0449556
434342,0.0980005
434350,0.11333389
434355,0.040688217
434375,0.016285129
434387,0.049406197
434390,0.09484676
434391,0.028517222
434408,0.014775895
434410,0.0742779
434423,0.031974822
434439,0.15070632
434442,0.022923255
434445,0.2107109
434448,0.029708494
434460,0.047773916
434465,0.0062731807
434467,0.051430397
434468,0.08250009
434501,0.065655336
434504,0.091778666
434505,0.0982389
434507,0.007982341
434514,0.13179515
434535,0.053563226
434538,0.27335858
434542,0.09734975
434545,0.055359293
434554,0.21005082
434556,0.06625017
434568,0.09620035
434569,0.11783596
434571,0.17456019
434574,0.08581816
434579,0.01543702
434599,0.1253381
434604,0.16405265
434606,0.012587847
434607,0.021643
434608,0.009188383
434610,0.03976153
434615,0.16671662
434616,0.21687292
434619,0.06963138
434658,0.111301556
434669,0.030837154
434675,0.022313116
434678,0.01469271
434680,0.054183435
434690,0.1532522
434698,0.044080183
434702,0.11446224
434704,0.00490551
434722,0.0069444166
434727,0.07921062
434730,0.01925971
434735,0.022518078
434739,0.08540873
434765,0.017766796
434767,0.21268427
434784,0.1511494
434787,0.08036839
434788,0.15159643
434789,0.03331514
434790,0.035689633
434791,0.14026165
434802,0.060648322
434806,0.010537848
434807,0.066155165
434808,0.20758744
434815,0.23478687
434816,0.14307337
434817,0.06113482
434818,0.14718519
434830,0.14938536
434918,0.017208463
434920,0.04685112
434921,0.05139145
434922,0.2224733
434937,0.034286756
434948,0.018707152
434949,0.0593969
434952,0.060103238
434954,0.042530134
434957,0.061225466
434968,0.023258206
434974,0.07087022
434982,0.09046299
434986,0.05349721
434993,0.0099265585
434995,0.094191775
435005,0.04534461
435013,0.05527349
435027,0.05087951
435034,0.50570804
435056,0.3383954
435060,0.054250583
435062,0.19697635
435068,0.026808808
435069,0.07223685
435071,0.13842043
435079,0.011556783
435086,0.120307185
435092,0.049614705
435099,0.025520753
435100,0.097429216
435108,0.034194205
435118,0.03632763
435120,0.012037511
435129,0.053440835
435132,0.13417456
435138,0.0074335816
435139,0.15094289
435142,0.25738305
435147,0.052840788
435148,0.14674202
435151,0.0075094365
435153,0.00809427
435154,0.15208215
435164,0.1364755
435173,0.033414133
435174,0.019366676
435179,0.006902266
435199,0.05310794
435202,0.022068722
435203,0.027903518
435214,0.08940076
435217,0.07657133
435222,0.09348881
435229,0.34938937
435239,0.03812918
435248,0.06037715
435259,0.03386347
435260,0.019812597
435263,0.09429586
435264,0.00983401
435267,0.033752747
435274,0.27137458
435286,0.009937085
435296,0.016783357
435308,0.018001692
435328,0.36672786
435333,0.031817038
435363,0.029175298
435366,0.010656979
435375,0.017623605
435378,0.21773902
435400,0.031890877
435408,0.1380841
435409,0.012621543
435415,0.010781017
435419,0.2463073
435422,0.020611534
435428,0.16336502
435432,0.0826081
435434,0.10209942
435435,0.1281963
435440,0.17404102
435455,0.047257002
435464,0.04020668
435470,0.012967945
435475,0.19805531
435478,0.024044242
435480,0.12162471
435482,0.012903486
435490,0.035919957
435507,0.15029322
435509,0.046446037
435510,0.038536515
435519,0.06358344
435527,0.10351597
435533,0.05409844
435534,0.12556626
435535,0.04766195
435536,0.012490617
435540,0.06777423
435551,0.02904502
435562,0.5646039
435564,0.08499897
435585,0.051885307
435590,0.0056808735
435609,0.015787251
435610,0.014139705
435611,0.018156549
435623,0.03265691
435681,0.047295146
435682,0.04625055
435683,0.020404097
435704,0.041096263
435711,0.030509602
435713,0.06747871
435714,0.045048937
435716,0.01763625
435717,0.12281137
435718,0.1254664
435719,0.037641674
435741,0.048523128
435765,0.056664597
435766,0.090364896
435767,0.017653814
435773,0.15536134
435802,0.037262507
435806,0.05441384
435807,0.11368244
435809,0.016845973
435811,0.18832023
435816,0.028147457
435823,0.03060179
435835,0.10900595
435848,0.100849584
435849,0.27863023
435858,0.027697153
435870,0.14598422
435874,0.0310155
435890,0.20561308
435892,0.01652848
435911,0.047713313
435915,0.019909287
435924,0.07769601
435937,0.058186106
435943,0.16522081
435958,0.014587911
435962,0.017147882
435965,0.2162142
435968,0.22850758
435997,0.027462162
435998,0.24055335
435999,0.017463189
436009,0.08852936
436021,0.06157694
436022,0.11626671
436026,0.21276635
436032,0.012430497
436037,0.051909216
436049,0.09596553
436058,0.03869333
436059,0.058650367
436062,0.12223274
436068,0.016749963
436079,0.07307378
436082,0.05565289
436083,0.19282345
436093,0.2134392
436098,0.029689627
436113,0.04316594
436127,0.24673085
436148,0.04958645
436152,0.22357754
436159,0.010811011
436165,0.025721963
436170,0.01862231
436174,0.009787342
436176,0.03336228
436183,0.006849143
436194,0.018711293
436196,0.044085454
436204,0.022569105
436207,0.12709983
436210,0.02705553
436219,0.2898342
436227,0.08249802
436230,0.013010499
436233,0.038927164
436235,0.24943803
436250,0.028100334
436260,0.14020294
436285,0.07719847
436291,0.041387342
436304,0.051243015
436307,0.10477019
436308,0.09952291
436311,0.024799211
436314,0.07695717
436322,0.03475815
436323,0.26920936
436339,0.013315879
436350,0.028891262
436358,0.062835455
436359,0.018939948
436363,0.019965041
436365,0.08134324
436369,0.03231689
436377,0.03127564
436378,0.061811414
436387,0.05893602
436394,0.20879516
436397,0.043830086
436399,0.3133021
436401,0.039289284
436404,0.061603587
436421,0.027592415
436422,0.14807639
436426,0.015745716
436430,0.03778718
436464,0.032008305
436471,0.018946737
436476,0.037411753
436478,0.015286416
436486,0.0102781635
436497,0.059534937
436508,0.019631144
436509,0.025090551
436510,0.0944609
436511,0.33454868
436528,0.05398177
436531,0.07932836
436534,0.22726905
436535,0.07800893
436536,0.0067229476
436537,0.018273395
436560,0.019537723
436562,0.08107453
436563,0.16853523
436564,0.07512025
436598,0.022201804
436599,0.014077916
436600,0.086438574
436637,0.031215051
436674,0.034167357
436706,0.051793512
436721,0.11018627
436722,0.19778232
436735,0.020626662
436747,0.37721416
436748,0.019031424
436750,0.12458046
436757,0.2748721
436767,0.14889343
436771,0.010378353
436781,0.10645471
436786,0.021856355
436799,0.023756616
436807,0.09710864
436812,0.102665395
436821,0.05271769
436835,0.049281217
436836,0.16438071
436846,0.088402435
436874,0.019072922
436880,0.25173107
436882,0.101770416
436885,0.014232471
436893,0.07392763
436894,0.009833045
436896,0.03544997
436902,0.05926905
436918,0.010857632
436921,0.033143606
436935,0.058657918
436955,0.016916554
436961,0.07719784
436963,0.0727193
436964,0.03998712
436970,0.034395166
436975,0.01810891
437005,0.051079314
437014,0.080789596
437020,0.034110747
437043,0.035728607
437045,0.029379852
437070,0.055724893
437078,0.0170683
437095,0.028486893
437097,0.052216344
437123,0.011141686
437127,0.029837416
437128,0.037282635
437130,0.03632203
437147,0.27969202
437156,0.020774601
437157,0.114003606
437160,0.10280302
437161,0.020620916
437169,0.022852538
437189,0.13469571
437196,0.1399864
437198,0.052429043
437200,0.028961876
437206,0.12440085
437211,0.0131832175
437215,0.06934095
437218,0.05737602
437226,0.021767337
437229,0.14418857
437235,0.020347066
437244,0.014919485
437245,0.10348442
437246,0.048852805
437264,0.050185964
437266,0.017324358
437268,0.0417832
437269,0.059953835
437273,0.024088094
437275,0.13807282
437276,0.039931823
437302,0.031597022
437304,0.14274059
437305,0.1413806
437306,0.06345944
437334,0.014076009
437335,0.05286083
437336,0.026937054
437338,0.15440321
437343,0.5144152
437356,0.07630412
437357,0.035205055
437358,0.049750734
437359,0.016027546
437360,0.14526764
437393,0.00439451
437397,0.12326039
437403,0.059118535
437409,0.009770968
437426,0.116516344
437430,0.22192363
437446,0.23320636
437459,0.037014455
437461,0.039650876
437462,0.07369266
437463,0.012610816
437475,0.057672277
437478,0.018667532
437480,0.025848377
437482,0.08683934
437486,0.020741569
437491,0.305923
437492,0.03645898
437493,0.1437504
437496,0.048274953
437510,0.010631129
437515,0.011969723
437516,0.08888964
437519,0.021493295
437522,0.07087821
437524,0.029815251
437532,0.13173014
437538,0.016069314
437546,0.046866074
437551,0.11671099
437553,0.20897706
437556,0.05904139
437573,0.19324216
437575,0.021315292
437584,0.16785717
437591,0.19076127
437592,0.036651988
437595,0.028923864
437602,0.0498491
437610,0.0230504
437611,0.014564618
437621,0.28473702
437622,0.2839319
437624,0.057144664
437630,0.049698673
437631,0.13250293
437636,0.37172937
437666,0.016141608
437672,0.08122484
437676,0.08110489
437687,0.05383656
437689,0.061479937
437706,0.17556602
437712,0.1785507
437735,0.012865407
437757,0.034479138
437763,0.12704393
437790,0.012140649
437791,0.030396905
437795,0.05410754
437803,0.069634534
437810,0.06143821
437811,0.07391661
437813,0.017167792
437820,0.06192584
437823,0.059841335
437832,0.009958331
437841,0.019261785
437852,0.05276003
437858,0.038812198
437862,0.029518826
437892,0.021664532
437896,0.024223255
437903,0.24940875
437905,0.013976113
437911,0.2691828
437913,0.049501527
437918,0.010538956
437922,0.13628426
437933,0.021767393
437936,0.06597582
437945,0.053154442
437966,0.036344636
437967,0.16123433
437972,0.0090454025
437977,0.10900557
437984,0.25282526
437996,0.013250543
437997,0.02577268
437999,0.037875906
438001,0.009183661
438004,0.11202491
438007,0.016610235
438029,0.010660103
438031,0.017410643
438034,0.15367727
438038,0.31329748
438054,0.047830075
438058,0.013377422
438064,0.068644226
438065,0.051834334
438074,0.021270245
438084,0.03991695
438088,0.048634898
438089,0.007944317
438090,0.01813587
438117,0.07497866
438118,0.035580974
438151,0.17125991
438152,0.046834163
438153,0.13659649
438154,0.0179446
438167,0.07473212
438187,0.14858676
438192,0.17983197
438195,0.044628154
438196,0.061792683
438220,0.044828903
438223,0.20890965
438229,0.044075202
438256,0.05246176
438258,0.04065961
438260,0.06507036
438264,0.028086795
438273,0.054204367
438306,0.24040133
438307,0.048967075
438308,0.019634763
438309,0.014664275
438310,0.074666806
438341,0.17615129
438348,0.0057637976
438349,0.042425655
438364,0.007224896
438368,0.09166038
438380,0.12421457
438382,0.017536582
438402,0.03852596
438404,0.09964515
438408,0.29349124
438410,0.100334205
438429,0.031148525
438434,0.08380255
438435,0.012320987
438437,0.13240384
438438,0.11333609
438444,0.11068841
438471,0.014107537
438506,0.015427463
438521,0.043127295
438524,0.22577415
438525,0.08883843
438534,0.018751036
438541,0.022482578
438546,0.0134211
438547,0.06422423
438564,0.02167176
438568,0.012153099
438570,0.0153768165
438578,0.006316992
438582,0.025993133
438587,0.03633832
438604,0.015780384
438620,0.03603862
438621,0.013095351
438624,0.04161779
438634,0.2760729
438644,0.060709525
438645,0.04950982
438651,0.114914075
438659,0.035310246
438660,0.010595953
438662,0.017500086
438668,0.0059533683
438673,0.057739187
438677,0.022571709
438683,0.2553033
438687,0.10071817
438700,0.08888148
438713,0.11349117
438714,0.035422523
438715,0.012282684
438717,0.0125797475
438721,0.060520414
438738,0.11160194
438749,0.013718661
438750,0.03125634
438756,0.068566635
438771,0.059291963
438777,0.014239743
438781,0.014800627
438783,0.13913356
438786,0.47115916
438792,0.039661337
438802,0.0386021
438808,0.050866373
438814,0.028583435
438829,0.076538466
438846,0.05120107
438851,0.07683531
438856,0.65760696
438858,0.09336335
438861,0.0038574627
438862,0.061696548
438876,0.23720287
438880,0.026295794
438891,0.105565265
438896,0.061455674
438898,0.08762285
438904,0.008116881
438908,0.02008573
438921,0.083875015
438923,0.16130564
438929,0.06468148
438942,0.023919689
438950,0.12853529
438979,0.18299083
438994,0.07437055
438995,0.088106364
438996,0.008621182
439002,0.14787132
439013,0.035611264
439015,0.051886704
439017,0.04953508
439029,0.010654693
439047,0.16185358
439048,0.08144643
439049,0.11892167
439050,0.05568362
439061,0.20153315
439065,0.16158059
439069,0.12362569
439070,0.21833894
439071,0.042163298
439072,0.07105947
439073,0.085927844
439076,0.060528375
439077,0.06300217
439078,0.06442493
439089,0.034743093
439095,0.020940216
439113,0.024217851
439122,0.019393202
439127,0.041281123
439153,0.020079033
439154,0.10988201
439157,0.025307817
439197,0.007365128
439205,0.06832207
439207,0.10997572
439209,0.012260196
439213,0.020140637
439218,0.058259252
439222,0.034003448
439229,0.10138195
439233,0.014358731
439235,0.025896166
439236,0.088712685
439239,0.09987593
439248,0.09197148
439255,0.07826177
439265,0.03135782
439266,0.06444369
439268,0.04036411
439270,0.024408676
439276,0.07831707
439285,0.008108474
439294,0.031998333
439296,0.044995263
439299,0.21370168
439310,0.06363776
439319,0.011591515
439320,0.007735699
439325,0.055378936
439327,0.035339028
439328,0.019042948
439334,0.030248756
439335,0.06632714
439339,0.0790996
439343,0.020910084
439353,0.084061734
439356,0.03751646
439374,0.011314853
439391,0.23938838
439400,0.02560329
439405,0.18785894
439413,0.07257949
439448,0.039748456
439451,0.06555934
439455,0.16762094
439468,0.020313907
439472,0.03942082
439473,0.013316079
439477,0.009577073
439483,0.04661752
439484,0.027427118
439501,0.030483022
439505,0.037473053
439512,0.08997168
439515,0.03421268
439525,0.07905072
439535,0.04583523
439539,0.008494805
439548,0.3317602
439549,0.07744935
439550,0.08608903
439551,0.08461001
439558,0.030340003
439562,0.017517582
439566,0.022507003
439571,0.01932349
439587,0.015260462
439591,0.07187684
439595,0.09393988
439611,0.14410406
439614,0.22837807
439618,0.17155345
439620,0.07814186
439626,0.02969144
439633,0.029156264
439657,0.033801325
439660,0.11528252
439661,0.04497119
439666,0.05166378
439673,0.06672497
439675,0.07416262
439705,0.037926715
439707,0.0870473
439720,0.029302077
439727,0.056336205
439733,0.07612793
439736,0.03630643
439737,0.060069013
439746,0.049424004
439755,0.052508567
439763,0.13636117
439765,0.039433274
439766,0.029132092
439768,0.16810852
439774,0.032414414
439779,0.017404981
439781,0.3012148
439784,0.12768276
439808,0.039701503
439816,0.033323642
439818,0.006198701
439820,0.016012039
439824,0.014989713
439830,0.0437552
439839,0.0094772
439841,0.26987952
439845,0.013799692
439874,0.0346237
439875,0.007206127
439879,0.06988214
439882,0.04585677
439883,0.05463328
439900,0.051122833
439901,0.02432199
439906,0.045223787
439909,0.14050344
439911,0.1757367
439914,0.027210495
439936,0.093890235
439937,0.040662866
439945,0.023795914
439950,0.02857334
439955,0.03811904
439956,0.04622827
439971,0.10310618
439977,0.045346256
439984,0.26970807
439985,0.03587579
439990,0.052568283
439994,0.06739986
440003,0.023206137
440030,0.033581488
440042,0.1965273
440048,0.081058905
440054,0.107180536
440073,0.12866642
440074,0.06756593
440080,0.022029173
440082,0.09029672
440085,0.118903965
440088,0.15948574
440091,0.0134938955
440100,0.016843848
440103,0.02269984
440113,0.38948032
440119,0.015995279
440127,0.0063747815
440130,0.022239124
440131,0.04930383
440135,0.14701024
440139,0.034055647
440147,0.08106615
440156,0.15716015
440158,0.056187335
440162,0.036772776
440163,0.103779756
440176,0.042161785
440181,0.011038513
440191,0.036961276
440192,0.07115903
440215,0.009022441
440219,0.10877877
440222,0.054415375
440238,0.01889066
440239,0.015829492
440244,0.017149514
440245,0.04029884
440252,0.04791301
440266,0.062519155
440267,0.051236723
440281,0.14596948
440283,0.053544495
440292,0.09909797
440307,0.03446145
440309,0.009319618
440313,0.09769549
440315,0.05991638
440320,0.04065741
440332,0.010389398
440336,0.025551723
440338,0.055562183
440342,0.08505881
440350,0.10080787
440352,0.031362005
440356,0.013184246
440359,0.031121502
440384,0.013493426
440395,0.03532485
440396,0.029477123
440397,0.12342894
440401,0.019662283
440408,0.13571183
440411,0.1867678
440425,0.0075422353
440439,0.03130212
440451,0.20461145
440460,0.21092229
440463,0.087357305
440473,0.017007496
440479,0.021394186
440497,0.11493182
440506,0.01967378
440509,0.03978493
440518,0.042799607
440528,0.10641294
440536,0.15509252
440543,0.15485471
440561,0.010551201
440562,0.1164907
440566,0.08848555
440572,0.14224797
440574,0.21348627
440585,0.092478104
440592,0.03540936
440601,0.11930938
440606,0.05446826
440632,0.11649308
440643,0.056109108
440653,0.010921328
440669,0.0122213075
440682,0.025862122
440691,0.039276082
440701,0.0045334217
440706,0.067015894
440708,0.03306855
440714,0.40623227
440721,0.22876778
440723,0.19568501
440750,0.025866764
440759,0.219828
440773,0.038332537
440792,0.1801241
440793,0.0194534
440798,0.45184845
440804,0.057926454
440819,0.040921833
440827,0.2664171
440851,0.12971994
440861,0.02001608
440862,0.024983479
440868,0.037918486
440874,0.026678639
440877,0.11010126
440883,0.011762379
440884,0.15968217
440886,0.007077688
440900,0.10959733
440902,0.013554082
440904,0.11582173
440910,0.10380538
440913,0.05327627
440915,0.23383904
440923,0.13293207
440924,0.015727075
440927,0.011782145
440936,0.03548545
440968,0.05599517
440973,0.034030158
440975,0.023779983
440979,0.071392216
440986,0.1599577
440987,0.014287768
440995,0.023351004
440998,0.05380495
441000,0.013021318
441004,0.06377365
441007,0.21562049
441014,0.12205975
441026,0.11826238
441032,0.20675398
441042,0.013985229
441051,0.22527233
441060,0.031005004
441061,0.0283463
441081,0.093994826
441082,0.02957277
441085,0.034353357
441087,0.03199761
441089,0.0146400565
441091,0.015588974
441095,0.042998247
441114,0.08545435
441128,0.1428685
441138,0.12902349
441154,0.021713264
441156,0.15835497
441157,0.28542846
441175,0.088751815
441183,0.1279671
441189,0.023168111
441207,0.032544967
441209,0.16984145
441217,0.080373205
441228,0.016399901
441229,0.023624927
441239,0.012827263
441244,0.018604808
441256,0.046903413
441275,0.06487984
441278,0.033248376
441284,0.013351543
441288,0.049973905
441293,0.19203287
441294,0.25897664
441297,0.497228
441298,0.013372733
441304,0.013374489
441316,0.008461683
441318,0.0224292
441351,0.10028327
441354,0.1462216
441363,0.053093083
441373,0.13339917
441375,0.011182222
441382,0.0361353
441385,0.021786008
441388,0.056379214
441392,0.18960774
441402,0.19014871
441413,0.0813946
441417,0.21626928
441427,0.047634676
441437,0.054391213
441453,0.17308934
441458,0.105528444
441459,0.018741462
441463,0.0054103937
441466,0.019759985
441475,0.011113321
441479,0.018200953
441497,0.05666537
441501,0.12505212
441509,0.020445528
441513,0.02770721
441546,0.099984266
441547,0.010864624
441563,0.28534856
441565,0.016001547
441567,0.07172582
441576,0.09450726
441577,0.05082869
441578,0.15140152
441597,0.023445286
441607,0.023605641
441609,0.017975088
441611,0.051319525
441613,0.027741978
441622,0.02382946
441637,0.11927805
441638,0.020350588
441652,0.044105787
441660,0.1385296
441667,0.10365677
441671,0.06370879
441672,0.013497972
441675,0.10109508
441679,0.017937267
441700,0.019894186
441701,0.04236463
441711,0.0055701863
441725,0.027430654
441732,0.05801815
441741,0.083785124
441743,0.0470673
441761,0.008190823
441763,0.013505237
441766,0.008245218
441778,0.069304824
441780,0.07781266
441782,0.07725064
441785,0.23128304
441796,0.011204182
441808,0.15351552
441809,0.080917224
441811,0.028965436
441825,0.026419234
441828,0.12992142
441835,0.08310138
441860,0.007897165
441865,0.062058132
441871,0.02481131
441874,0.024350425
441876,0.016657766
441885,0.028161082
441896,0.08310407
441908,0.01876261
441913,0.023380987
441921,0.09285536
441926,0.022585122
441936,0.038675085
441941,0.06183149
441947,0.02222775
441957,0.09597709
441961,0.010468968
441969,0.013589614
441979,0.20653962
441986,0.07339185
441987,0.009554449
441996,0.23292683
441997,0.01048221
441998,0.043215074
442001,0.054372087
442002,0.1329823
442003,0.08722582
442010,0.006553136
442013,0.04209015
442015,0.14354822
442026,0.029340962
442030,0.041837994
442032,0.2245804
442033,0.18565606
442039,0.1713602
442049,0.04520606
442054,0.027182745
442060,0.027693551
442065,0.25264296
442067,0.058145083
442074,0.02835998
442076,0.01709884
442080,0.118448764
442085,0.0155177675
442093,0.043698642
442100,0.10438958
442123,0.17862147
442124,0.10590299
442128,0.08360634
442149,0.104158014
442151,0.18873094
442157,0.0932286
442158,0.06782144
442159,0.03511937
442161,0.025430368
442179,0.032007463
442187,0.076287456
442190,0.017550668
442195,0.050559312
442199,0.08972498
442233,0.022739947
442234,0.08852178
442235,0.012643651
442250,0.008644112
442256,0.020494547
442258,0.1301644
442264,0.21542531
442280,0.04060376
442288,0.008965752
442290,0.020915592
442293,0.12814276
442299,0.17472398
442303,0.19369918
442306,0.010935037
442308,0.008127084
442312,0.033826835
442315,0.04157189
442320,0.059487194
442321,0.19306988
442328,0.058112156
442331,0.2689622
442359,0.0135113755
442361,0.009555129
442366,0.061512988
442368,0.074920155
442372,0.12689123
442378,0.038179204
442392,0.12551886
442393,0.017844519
442399,0.045086406
442401,0.24808551
442404,0.021802725
442405,0.17322402
442438,0.09829223
442442,0.08680081
442451,0.16508658
442452,0.010483387
442458,0.073050566
442461,0.12456568
442464,0.020254109
442468,0.060476046
442479,0.15956217
442484,0.21502164
442504,0.09874907
442505,0.026106564
442513,0.090027876
442520,0.0045343856
442527,0.033587407
442539,0.024337718
442540,0.1572719
442541,0.013111186
442555,0.032737926
442577,0.09760917
442586,0.058186874
442588,0.01812372
442613,0.22437602
442616,0.08996133
442622,0.08104036
442626,0.052972324
442627,0.11786483
442641,0.016351
442647,0.044149622
442653,0.1803891
442656,0.018578194
442662,0.028341237
442672,0.009415987
442682,0.024506537
442684,0.05346665
442685,0.046023853
442698,0.23092446
442709,0.033378236
442716,0.061923143
442718,0.032328956
442723,0.1402111
442724,0.07480431
442737,0.022150565
442742,0.17849599
442743,0.0063992753
442746,0.06827396
442766,0.020290162
442767,0.04838877
442769,0.01694894
442792,0.05750934
442797,0.094313286
442799,0.03975816
442804,0.05970945
442807,0.041025724
442816,0.06734355
442819,0.032152906
442826,0.1504036
442831,0.06107097
442846,0.016318599
442854,0.072020926
442861,0.012987062
442862,0.025129767
442870,0.09632056
442875,0.023421286
442890,0.00918291
442891,0.06981154
442896,0.100975916
442897,0.06888777
442902,0.03826792
442903,0.18077695
442905,0.017339172
442915,0.2673517
442937,0.02942322
442947,0.29413342
442949,0.047557853
442954,0.093417406
442972,0.028070476
443012,0.11793281
443018,0.15972508
443029,0.03311657
443031,0.024386527
443033,0.0050512007
443035,0.063760296
443039,0.007846128
443040,0.06091499
443051,0.09352094
443062,0.01958888
443069,0.15580122
443080,0.076574944
443081,0.16047029
443090,0.12032499
443092,0.02772939
443106,0.069517836
443119,0.15131696
443134,0.023494104
443161,0.062682845
443170,0.04274778
443177,0.02274817
443189,0.041793413
443193,0.024630746
443199,0.07240317
443212,0.09567065
443226,0.22094972
443230,0.019149788
443239,0.10881599
443241,0.013982126
443244,0.0123439105
443249,0.014894611
443253,0.02181934
443262,0.011707858
443264,0.3317518
443266,0.06305825
443274,0.02730913
443283,0.015956959
443295,0.008966782
443304,0.02454425
443313,0.058695357
443317,0.015514955
443324,0.028714364
443339,0.023737697
443344,0.15692024
443345,0.03087561
443352,0.03005633
443355,0.038014233
443356,0.16926813
443360,0.1026558
443364,0.37256837
443368,0.016771834
443375,0.11353536
443380,0.07897141
443391,0.11741397
443392,0.0031887752
443397,0.031088255
443403,0.038176734
443406,0.15996613
443420,0.14125507
443431,0.0334394
443441,0.07206856
443456,0.10921354
443457,0.20205583
443459,0.0480395
443460,0.08386241
443471,0.042262226
443474,0.1049093
443486,0.14061382
443487,0.046294935
443490,0.016161848
443492,0.17310488
443495,0.07113912
443505,0.009513055
443512,0.11940481
443555,0.05015147
443576,0.10343787
443582,0.008382788
443583,0.0093135275
443585,0.024954828
443588,0.016536046
443592,0.026572514
443596,0.043419864
443597,0.007324688
443606,0.053369448
443607,0.11506579
443608,0.03819866
443611,0.09340438
443612,0.029842526
443618,0.25015843
443623,0.022105845
443632,0.015615853
443633,0.1554664
443634,0.013842497
443637,0.026964994
443638,0.16956763
443669,0.038100317
443672,0.040621534
443685,0.02279963
443686,0.0035816536
443694,0.02242564
443695,0.15005124
443697,0.24287239
443700,0.07215135
443734,0.120656356
443738,0.03611131
443742,0.028337823
443759,0.13457346
443760,0.02687216
443770,0.028716201
443776,0.012899267
443788,0.019045347
443791,0.08209067
443792,0.020449977
443803,0.16239421
443808,0.039231405
443832,0.040626694
443842,0.03351519
443847,0.014669705
443853,0.017301643
443854,0.3607032
443868,0.028066028
443873,0.049397115
443879,0.021993931
443883,0.035833694
443891,0.053405125
443908,0.042830482
443910,0.21127474
443918,0.009055923
443927,0.014400029
443935,0.12358725
443965,0.31763008
443974,0.009386749
443984,0.018503783
443986,0.08306766
443991,0.011036916
443996,0.015261794
444008,0.0063821073
444014,0.028148845
444015,0.031806897
444016,0.08156597
444018,0.04156476
444053,0.16302851
444058,0.03553151
444065,0.07083315
444069,0.021641683
444082,0.034072943
444087,0.03335706
444089,0.034429397
444093,0.11719961
444104,0.011556391
444113,0.010428544
444118,0.10949523
444122,0.025533678
444123,0.05555144
444128,0.027808517
444136,0.036084764
444152,0.04246965
444155,0.04598613
444182,0.013125958
444183,0.071743146
444185,0.019447647
444213,0.03471085
444229,0.029407432
444231,0.027499069
444234,0.045373075
444240,0.023959424
444249,0.043414775
444265,0.06955278
444268,0.022819519
444271,0.021442559
444278,0.019720452
444279,0.11787363
444283,0.1735957
444285,0.010076916
444291,0.09384515
444297,0.011120728
444313,0.03249907
444318,0.033651546
444322,0.0070223412
444333,0.028478913
444334,0.012757344
444359,0.11304758
444367,0.0630939
444369,0.10228673
444370,0.11232296
444376,0.02213356
444384,0.01279073
444387,0.04561801
444406,0.011073315
444409,0.084972106
444412,0.014933458
444418,0.18627165
444420,0.08328567
444424,0.004598875
444429,0.019475993
444432,0.048694935
444434,0.025229845
444440,0.037763823
444444,0.044349518
444450,0.017204858
444456,0.033542406
444457,0.044440776
444461,0.23767479
444504,0.05683611
444515,0.116875
444516,0.03850774
444517,0.016202476
444519,0.1181316
444540,0.019022223
444573,0.07447286
444581,0.019544141
444582,0.030276166
444602,0.28520313
444605,0.026522797
444611,0.013661171
444614,0.022580612
444622,0.14081523
444624,0.15612923
444625,0.04726734
444639,0.06924447
444658,0.10764234
444673,0.035770193
444696,0.05967815
444719,0.018765518
444729,0.031561393
444737,0.03457805
444743,0.065144785
444758,0.047691144
444764,0.04074152
444780,0.027614372
444789,0.07324945
444795,0.09693147
444811,0.036194246
444814,0.009019422
444825,0.038259745
444831,0.018234715
444832,0.0074284356
444835,0.16840813
444840,0.059740085
444841,0.092946626
444842,0.103329666
444846,0.025946762
444849,0.07770561
444867,0.019726476
444876,0.06780892
444893,0.028844232
444896,0.115588464
444897,0.021120306
444907,0.036629323
444908,0.020116406
444932,0.03604314
444933,0.035267398
444936,0.020739462
444941,0.15771128
444942,0.09916298
444950,0.06528485
444956,0.022405641
444965,0.0514476
444966,0.079114445
444970,0.0039224545
444971,0.27667052
444978,0.014311677
444982,0.046313524
444984,0.026598372
444986,0.023782913
445001,0.022269076
445016,0.026389888
445027,0.06374373
445029,0.017737936
445032,0.030474618
445037,0.022877531
445043,0.024048517
445044,0.17639868
445047,0.090282425
445052,0.17730235
445073,0.11313181
445075,0.0045557613
445076,0.048001066
445092,0.048111685
445095,0.07729476
445106,0.026885599
445110,0.10667549
445123,0.024161518
445124,0.016654221
445141,0.09222478
445151,0.012657456
445160,0.040257737
445161,0.03663788
445164,0.11623155
445165,0.022571227
445169,0.0640756
445175,0.21761705
445178,0.0486126
445182,0.05505122
445183,0.0055865515
445192,0.005460779
445193,0.10323772
445200,0.008519298
445202,0.0227635
445203,0.007988935
445207,0.033792295
445245,0.05653807
445256,0.013721436
445282,0.058364075
445294,0.02820858
445300,0.28278553
445316,0.029070618
445331,0.047814984
445332,0.01478388
445343,0.04341137
445345,0.051489502
445346,0.04253862
445354,0.115344666
445355,0.24299642
445356,0.026625311
445366,0.35444707
445369,0.10765409
445390,0.027508799
445392,0.1204306
445398,0.014367007
445401,0.066679575
445417,0.029855132
445427,0.016282722
445465,0.16879745
445469,0.030531509
445472,0.014303109
445475,0.17013818
445483,0.02766215
445484,0.030537523
445493,0.2541928
445496,0.04803932
445504,0.008496078
445505,0.13973945
445507,0.031748366
445531,0.1875402
445536,0.04666488
445544,0.023634253
445559,0.007625279
445580,0.03209881
445589,0.01981245
445591,0.049125623
445595,0.020498743
445601,0.015656056
445612,0.04352813
445639,0.042714067
445656,0.13843267
445666,0.012495935
445682,0.34918332
445686,0.045245875
445700,0.051102813
445713,0.0504342
445716,0.030055009
445725,0.013176537
445728,0.03429135
445731,0.008749122
445742,0.09341914
445743,0.3679647
445755,0.011486585
445766,0.038946833
445781,0.29282355
445798,0.029090999
445799,0.0736689
445801,0.34506196
445810,0.01856732
445813,0.06572556
445822,0.018128239
445824,0.044103023
445826,0.10491544
445828,0.020396717
445829,0.026848497
445838,0.08896063
445840,0.022608263
445845,0.040651016
445847,0.0180045
445849,0.10990367
445852,0.10348351
445853,0.104706794
445856,0.03958831
445863,0.019729564
445864,0.09929335
445871,0.12458762
445907,0.06295315
445908,0.022891829
445917,0.09340806
445919,0.098937556
445925,0.03392452
445930,0.029466275
445938,0.025164135
445943,0.060801312
445946,0.012323192
445948,0.23179375
445970,0.047106616
445972,0.012753339
445974,0.29392183
445976,0.012685508
445979,0.07252082
445993,0.029774763
446001,0.10400332
446004,0.080385685
446025,0.026326718
446026,0.07907677
446046,0.12705018
446048,0.051645
446055,0.026609208
446064,0.20418577
446068,0.0184015
446078,0.0114039285
446094,0.0601732
446096,0.29737788
446120,0.13465756
446131,0.025831236
446139,0.201366
446157,0.13786773
446179,0.052843355
446180,0.07437982
446186,0.05705416
446189,0.35609835
446200,0.100073405
446208,0.16578022
446210,0.039105643
446214,0.09456126
446226,0.020212587
446229,0.021997005
446237,0.03668784
446247,0.03711045
446256,0.018023241
446273,0.082334325
446286,0.021420497
446296,0.0119962515
446302,0.15878735
446310,0.06453621
446315,0.0091224
446319,0.33454642
446320,0.06243768
446322,0.08387728
446356,0.19192982
446374,0.07213202
446375,0.09444177
446406,0.045168567
446407,0.0106034195
446426,0.19391802
446428,0.10519855
446431,0.168139
446433,0.015802957
446437,0.18392862
446441,0.043812796
446452,0.038005438
446464,0.1148899
446466,0.18442221
446468,0.088782884
446469,0.121201225
446472,0.45928052
446476,0.08402149
446478,0.014811596
446485,0.012925144
446499,0.045981403
446503,0.050928533
446504,0.0073767807
446509,0.048916932
446512,0.2048303
446525,0.036906768
446534,0.025991034
446535,0.053994723
446543,0.22093713
446546,0.008145616
446550,0.21501674
446555,0.08471547
446560,0.042394206
446564,0.027961332
446572,0.040590707
446593,0.066326775
446616,0.09321206
446617,0.042507023
446625,0.02292692
446626,0.14425418
446631,0.09544998
446643,0.10456194
446647,0.03612197
446652,0.041319024
446655,0.100241736
446657,0.3086433
446663,0.044292767
446665,0.09322739
446676,0.048648406
446684,0.12889422
446694,0.012723103
446699,0.021371165
446702,0.044861253
446713,0.025851684
446720,0.29654938
446724,0.04593385
446728,0.11961244
446730,0.0323488
446738,0.041619208
446742,0.016969243
446743,0.021826083
446744,0.032006916
446750,0.060588732
446759,0.031092787
446760,0.08874746
446772,0.008624256
446786,0.032464582
446799,0.023656242
446800,0.23054549
446803,0.15993465
446812,0.057743806
446813,0.0658299
446815,0.019172559
446816,0.022001468
446832,0.059024192
446845,0.056531727
446846,0.014095678
446847,0.03197334
446850,0.020735564
446851,0.08157611
446855,0.07317723
446856,0.056569062
446867,0.009209945
446877,0.30356196
446880,0.1193842
446885,0.008563584
446892,0.014270259
446905,0.06169924
446909,0.28245205
446924,0.010567432
446935,0.016201131
446944,0.046016317
446945,0.020995412
446949,0.0040997015
446952,0.038236022
446957,0.018777762
446961,0.07424176
446979,0.026123365
446980,0.108830884
446987,0.17170294
446991,0.037414603
447001,0.0140095195
447013,0.046884745
447014,0.036996424
447023,0.06881662
447062,0.0069113486
447072,0.032640386
447082,0.113287956
447084,0.015093943
447087,0.005593449
447092,0.021352226
447106,0.036373325
447107,0.07621991
447112,0.038843714
447147,0.034755055
447160,0.16274302
447176,0.01930992
447184,0.029677706
447188,0.012924159
447190,0.110588655
447191,0.045068838
447198,0.10350589
447199,0.041136205
447200,0.09597171
447202,0.018410401
447209,0.21455671
447210,0.060386147
447228,0.26913157
447230,0.019406196
447235,0.06351613
447246,0.102498956
447248,0.049925525
447263,0.07296477
447265,0.041586686
447272,0.026604157
447285,0.08372082
447293,0.15204766
447305,0.042668924
447312,0.013387753
447326,0.047802135
447327,0.06727152
447361,0.013128115
447367,0.20270643
447381,0.077375844
447387,0.24995857
447390,0.20184055
447391,0.047195423
447416,0.0664394
447419,0.12837319
447420,0.042941175
447422,0.013479354
447425,0.060355797
447444,0.0552165
447458,0.010143134
447460,0.013570598
447467,0.024280965
447479,0.1115359
447482,0.078580886
447496,0.030973218
447504,0.016629009
447507,0.043025274
447519,0.013999624
447522,0.014820408
447528,0.048756897
447529,0.018401157
447532,0.08459943
447540,0.12064093
447543,0.055720977
447546,0.01956632
447554,0.016474873
447571,0.019474564
447575,0.017018486
447591,0.029079076
447599,0.09627214
447600,0.041651625
447601,0.02655071
447606,0.0457189
447607,0.030907543
447618,0.081674784
447621,0.009261444
447633,0.014529829
447638,0.019222127
447642,0.030830294
447644,0.055795427
447654,0.1199334
447670,0.012268391
447671,0.031413805
447672,0.10116042
447674,0.05672849
447676,0.07284998
447692,0.29248628
447696,0.06879146
447698,0.05858511
447704,0.044803496
447705,0.09152053
447708,0.059761923
447709,0.35338977
447715,0.060351226
447727,0.03795088
447736,0.06501637
447742,0.01384902
447743,0.07630254
447745,0.07225092
447748,0.24795602
447751,0.25096726
447752,0.033747934
447796,0.028275287
447810,0.054518636
447812,0.026067004
447814,0.29718494
447815,0.03316664
447816,0.110392995
447817,0.25473815
447835,0.026825853
447842,0.16979644
447844,0.0040530367
447862,0.18597266
447865,0.07634328
447868,0.051073432
447873,0.017811988
447876,0.009405407
447881,0.030998131
447882,0.055487417
447883,0.032116555
447904,0.11143471
447907,0.16697681
447915,0.19921497
447931,0.031592846
447945,0.031305302
447947,0.091262564
447958,0.033999167
447967,0.008020127
447968,0.08824209
447972,0.4308338
447975,0.023654982
447976,0.07973509
447978,0.011842954
447983,0.024599258
447993,0.11150702
447998,0.06635655
448001,0.04419448
448005,0.053721864
448007,0.041180924
448011,0.11005782
448012,0.021728756
448016,0.045157753
448030,0.018872613
448039,0.060081363
448040,0.037220784
448045,0.111009136
448046,0.06566375
448051,0.048864607
448084,0.086829126
448091,0.1094208
448100,0.063952185
448125,0.12314315
448143,0.035852928
448146,0.03558492
448150,0.06910042
448160,0.15855992
448163,0.025517829
448165,0.1116672
448182,0.0136537915
448185,0.033466704
448188,0.024769763
448189,0.018870711
448209,0.084491186
448210,0.09103354
448218,0.021191182
448224,0.18001379
448241,0.045830507
448243,0.00724281
448244,0.012420148
448245,0.13327292
448254,0.049675472
448278,0.21040438
448279,0.08815602
448282,0.058354247
448284,0.036262468
448285,0.35412058
448301,0.12530324
448302,0.4633345
448305,0.030240133
448317,0.07817039
448330,0.09396927
448335,0.023969749
448338,0.036485694
448340,0.028693907
448341,0.05763487
448347,0.21889094
448350,0.10274858
448353,0.03497206
448361,0.051033214
448370,0.026324242
448380,0.15636607
448400,0.11968166
448411,0.11352888
448412,0.23741914
448417,0.08611935
448420,0.100211054
448422,0.025762461
448424,0.0066647283
448447,0.07318754
448459,0.06672913
448464,0.013767263
448470,0.08696761
448490,0.011984863
448494,0.05196372
448500,0.13191584
448515,0.003820471
448522,0.08349918
448526,0.027689457
448536,0.38894773
448548,0.014849279
448566,0.10047099
448573,0.013663054
448584,0.024047067
448585,0.046453267
448597,0.028267192
448599,0.052085053
448601,0.0071077934
448604,0.032281093
448606,0.022142762
448610,0.024891214
448642,0.039863616
448660,0.033649374
448669,0.012329631
448674,0.036672834
448675,0.066754125
448678,0.03046599
448690,0.024358159
448693,0.017524272
448695,0.12068067
448700,0.035670668
448703,0.025121516
448704,0.13603075
448707,0.01800469
448720,0.23855567
448727,0.23033558
448728,0.07103508
448734,0.3727292
448746,0.019673333
448755,0.034624543
448760,0.15041201
448770,0.0385016
448778,0.02417958
448788,0.08940927
448790,0.12439016
448801,0.02934856
448805,0.04264759
448806,0.009076778
448812,0.026796682
448817,0.12719102
448834,0.014129751
448837,0.29257408
448838,0.030923123
448853,0.12097139
448856,0.03899491
448868,0.115627006
448876,0.0092977015
448909,0.18143274
448917,0.04193882
448919,0.101224504
448922,0.08611173
448931,0.016250316
448935,0.02402156
448937,0.014111974
448940,0.021051606
448948,0.088784754
448958,0.055134155
448967,0.07114544
448968,0.037927173
448973,0.0979879
448993,0.034223758
449000,0.21747337
449011,0.10230823
449015,0.02242048
449030,0.09839878
449035,0.014731833
449040,0.006940344
449045,0.015581191
449060,0.03677831
449081,0.05657779
449082,0.0846938
449087,0.16076796
449095,0.035231445
449105,0.14062421
449110,0.06169524
449117,0.059504192
449126,0.053000774
449134,0.01835236
449141,0.046393223
449148,0.23153216
449155,0.017732618
449158,0.48198846
449160,0.020429295
449178,0.133225
449180,0.15367252
449183,0.07760346
449186,0.06639108
449193,0.0483031
449196,0.0259675
449203,0.0049610324
449213,0.049039222
449214,0.005811771
449215,0.044750713
449216,0.07031867
449224,0.047960095
449227,0.07150914
449230,0.0097443415
449233,0.15301663
449253,0.05906375
449254,0.061243746
449264,0.27939087
449289,0.07757556
449302,0.021148974
449308,0.120459154
449314,0.011809441
449322,0.062498294
449323,0.022875186
449364,0.040334743
449368,0.017572718
449391,0.028493823
449403,0.06343019
449408,0.0905673
449409,0.031617608
449412,0.020236582
449424,0.12504323
449427,0.037235994
449462,0.016601793
449465,0.02055522
449469,0.013207021
449475,0.0114578
449476,0.13613985
449483,0.019806763
449484,0.13822633
449487,0.02384784
449492,0.026771504
449499,0.11710546
449502,0.013227539
449506,0.0034677119
449508,0.041330025
449514,0.024199603
449517,0.060777247
449534,0.08391209
449540,0.018622834
449543,0.060028896
449545,0.036630735
449548,0.10300731
449555,0.04006671
449556,0.17289053
449558,0.012861792
449566,0.020040393
449574,0.1411004
449576,0.074244775
449578,0.0028409287
449581,0.025892219
449586,0.07530665
449591,0.043064155
449594,0.051770512
449599,0.10408524
449606,0.04058397
449615,0.009583656
449616,0.037366927
449625,0.024307529
449633,0.032319598
449636,0.15039915
449637,0.20771009
449642,0.021740563
449683,0.13986042
449684,0.013082576
449711,0.01858763
449713,0.019400371
449716,0.16721588
449741,0.06266798
449745,0.021533983
449747,0.026234865
449756,0.017642174
449759,0.015222051
449760,0.15835954
449768,0.018534321
449773,0.056394678
449775,0.04444034
449780,0.00461001
449788,0.052656688
449792,0.039475475
449802,0.053041965
449812,0.15407605
449815,0.06177676
449818,0.04623625
449820,0.054956738
449821,0.0116780475
449822,0.25717756
449831,0.028890084
449837,0.024470039
449855,0.21093984
449857,0.023712885
449865,0.06635793
449866,0.035182986
449871,0.055376228
449873,0.054481976
449874,0.05489038
449877,0.009538938
449881,0.012334253
449889,0.06726451
449893,0.019845895
449894,0.056265492
449897,0.08653011
449900,0.03786146
449910,0.03758311
449924,0.17046049
449928,0.1354902
449932,0.33650663
449942,0.04649254
449947,0.08425778
449955,0.08095104
449972,0.018277762
449984,0.2399876
450004,0.022572424
450027,0.07613367
450029,0.010943566
450035,0.06795087
450038,0.011948583
450042,0.5358821
450044,0.03213213
450060,0.0438898
450065,0.010562088
450076,0.039940313
450081,0.18130997
450083,0.10608274
450096,0.11312723
450102,0.021517858
450107,0.2257795
450109,0.06177848
450110,0.023444511
450111,0.04976459
450114,0.04989186
450117,0.057849776
450118,0.12738061
450124,0.17317441
450141,0.15101287
450145,0.02919216
450148,0.037320968
450169,0.042661365
450172,0.286165
450173,0.047553588
450180,0.048374385
450182,0.009987865
450190,0.033927504
450200,0.09294938
450216,0.021443114
450221,0.027119681
450227,0.3590756
450229,0.015291392
450233,0.041870397
450244,0.10017164
450251,0.5934129
450260,0.013248274
450266,0.096989825
450267,0.044610206
450272,0.0135354595
450280,0.060859468
450287,0.020870775
450290,0.03232806
450291,0.31674471
450303,0.014336498
450310,0.047499027
450311,0.057015497
450358,0.047441773
450373,0.105496086
450376,0.102199785
450383,0.0251736
450395,0.045872618
450398,0.09991111
450412,0.24928565
450415,0.0811775
450420,0.049638905
450421,0.1929362
450427,0.018146016
450428,0.0664841
450429,0.04821877
450433,0.027608627
450443,0.031075798
450453,0.014970054
450454,0.0120728
450458,0.09127508
450464,0.009740818
450469,0.14167774
450475,0.019846616
450478,0.19394962
450498,0.039529826
450501,0.13427454
450503,0.026427342
450513,0.2615406
450523,0.10674764
450530,0.17394258
450537,0.039737165
450543,0.014826801
450554,0.050476093
450555,0.05363551
450558,0.04340796
450568,0.009640042
450569,0.028584477
450580,0.028214749
450581,0.01877397
450588,0.016546449
450589,0.09272261
450602,0.054954935
450603,0.013274524
450621,0.015893633
450626,0.5263004
450640,0.017901862
450641,0.021778911
450644,0.21592337
450658,0.15160492
450672,0.24576332
450685,0.030427255
450687,0.14264071
450689,0.0794925
450690,0.06385958
450693,0.016294787
450699,0.0111563215
450706,0.31031495
450708,0.23280956
450710,0.030597072
450716,0.2677419
450722,0.09082105
450752,0.14973201
450759,0.10037833
450763,0.072515
450767,0.051121894
450768,0.12911445
450772,0.028563438
450778,0.071262345
450781,0.054015048
450788,0.017449163
450792,0.18246311
450817,0.010929784
450820,0.009085527
450835,0.1428826
450848,0.18420775
450853,0.22780117
450865,0.03186573
450878,0.005447696
450883,0.0080155
450885,0.033272598
450896,0.012826339
450897,0.05116165
450898,0.09556391
450904,0.10908189
450908,0.12815598
450917,0.011749755
450921,0.01028155
450923,0.22735196
450926,0.116480984
450929,0.07913579
450937,0.05126002
450963,0.080211826
450971,0.14741224
450973,0.11215868
450978,0.20882885
450982,0.009104074
450995,0.0717689
450997,0.025854098
451033,0.021520628
451035,0.013698952
451037,0.25384107
451039,0.01184051
451063,0.013860884
451079,0.023235323
451081,0.010126984
451083,0.035728075
451100,0.04378346
451101,0.009711875
451104,0.027466876
451109,0.020538067
451119,0.039071605
451124,0.02825921
451126,0.029835036
451146,0.05467155
451155,0.014787429
451156,0.024503168
451160,0.13895218
451163,0.010100575
451168,0.061976608
451175,0.03568637
451184,0.015661834
451189,0.08579831
451206,0.04960868
451208,0.0635284
451225,0.014972867
451226,0.023187138
451228,0.35255787
451230,0.13791774
451235,0.0314819
451239,0.015328723
451242,0.010154377
451247,0.04711539
451248,0.050380923
451255,0.0569002
451261,0.02950534
451270,0.07209331
451277,0.0112444805
451278,0.13834296
451282,0.10067361
451283,0.039085105
451302,0.034288965
451310,0.03302133
451315,0.0938036
451328,0.027998207
451330,0.0973319
451331,0.26620284
451338,0.0257643
451342,0.09705143
451347,0.012747205
451350,0.14532273
451351,0.027262164
451354,0.037189174
451358,0.03824337
451370,0.01937684
451379,0.26943985
451383,0.0399136
451390,0.094251886
451391,0.16611972
451392,0.16520026
451412,0.03772691
451422,0.019093513
451429,0.011789986
451432,0.036841903
451437,0.066220485
451442,0.06451222
451455,0.07119703
451457,0.063318774
451464,0.045870293
451472,0.062944844
451474,0.06730938
451488,0.08183998
451512,0.01777541
451516,0.11664523
451519,0.39599076
451528,0.019435331
451531,0.020078091
451551,0.09343261
451564,0.047941398
451570,0.19207315
451571,0.025595779
451575,0.10243735
451576,0.058232833
451582,0.16723746
451586,0.030153666
451587,0.12244703
451594,0.11501731
451596,0.0370613
451600,0.08406794
451615,0.01120536
451616,0.06081747
451646,0.22458266
451648,0.08125034
451650,0.019857883
451651,0.1231892
451662,0.106277175
451675,0.0074784392
451680,0.030862097
451682,0.0841968
451688,0.028351683
451691,0.025939934
451698,0.01973027
451703,0.035483744
451709,0.054027785
451714,0.08160093
451716,0.17393345
451719,0.05172019
451724,0.124429666
451726,0.044340905
451733,0.009119155
451743,0.046828512
451747,0.01620741
451756,0.01308052
451761,0.07581592
451762,0.11326746
451768,0.017247085
451785,0.014154091
451805,0.0042714374
451811,0.29118702
451817,0.0238174
451823,0.1200729
451831,0.020662738
451840,0.06258034
451845,0.023723844
451852,0.0898169
451855,0.033706162
451856,0.060426746
451871,0.008808182
451873,0.077588946
451897,0.054978196
451907,0.055247437
451908,0.049615256
451919,0.051168915
451932,0.055168286
451934,0.03234748
451935,0.040403984
451936,0.107041605
451938,0.026966184
451954,0.016990852
451958,0.08163234
451976,0.15925875
451977,0.06354946
451983,0.17824802
452000,0.042148415
452023,0.040437147
452024,0.0060001593
452028,0.016799582
452039,0.021329705
452043,0.06813629
452047,0.036323432
452067,0.12240236
452069,0.016368188
452071,0.030590674
452096,0.22541828
452101,0.19043513
452107,0.10626073
452108,0.04250343
452109,0.13999106
452123,0.02353467
452127,0.009185926
452131,0.080134414
452133,0.020366497
452136,0.12853722
452137,0.03747129
452142,0.06445082
452147,0.13873349
452158,0.048114214
452172,0.052430347
452190,0.10568253
452191,0.03451395
452192,0.006996351
452195,0.05782935
452209,0.0583759
452237,0.05530877
452239,0.010586794
452242,0.11882215
452246,0.010940392
452249,0.14505838
452263,0.024699505
452267,0.027403979
452273,0.10712087
452274,0.11699009
452291,0.12093973
452310,0.14847319
452319,0.035020087
452325,0.035969734
452328,0.08711846
452330,0.1529559
452332,0.033277016
452337,0.0118064815
452353,0.33377206
452356,0.31455886
452368,0.011936357
452379,0.20286539
452380,0.31025344
452396,0.07813494
452398,0.13846901
452401,0.02321676
452408,0.027737383
452409,0.101174906
452414,0.06913863
452418,0.13915882
452422,0.0730115
452430,0.09816634
452432,0.02594986
452451,0.095640436
452455,0.06450598
452495,0.026660133
452497,0.2983872
452511,0.09732088
452514,0.008351003
452522,0.1108005
452529,0.052904177
452530,0.18365785
452542,0.023114827
452545,0.014600446
452558,0.019872084
452592,0.08653443
452604,0.0112125315
452616,0.025096752
452619,0.062294483
452620,0.029401222
452630,0.05123174
452644,0.093869664
452658,0.011684427
452663,0.024988892
452668,0.02576865
452672,0.15749492
452679,0.03840886
452685,0.06698421
452690,0.09705291
452701,0.08129723
452702,0.09096469
452708,0.087333225
452714,0.029533857
452718,0.051190436
452731,0.02347997
452733,0.16686822
452741,0.07457491
452748,0.14039746
452750,0.006750295
452753,0.040924296
452759,0.0058137937
452767,0.35771996
452768,0.4414258
452788,0.01547935
452802,0.014108014
452807,0.05090207
452819,0.06915793
452820,0.012789092
452821,0.022887211
452840,0.2584825
452851,0.016572144
452861,0.037489053
452865,0.026940051
452871,0.12145705
452882,0.05992871
452903,0.024462255
452906,0.149964
452907,0.32030258
452914,0.05842358
452929,0.14335397
452931,0.15787028
452932,0.11206042
452948,0.0675537
452950,0.03809373
452963,0.031174181
452974,0.012505183
452982,0.13093182
452984,0.2793041
452994,0.012819735
452995,0.13764791
452998,0.017318208
453003,0.07814955
453021,0.059497103
453040,0.11690242
453042,0.041335627
453052,0.029112969
453056,0.014587356
453066,0.029177595
453067,0.009742216
453072,0.005432083
453085,0.025699984
453093,0.040887564
453094,0.039502397
453100,0.008440461
453101,0.043109577
453107,0.18061239
453110,0.12828088
453111,0.25153863
453113,0.0118589075
453114,0.012495146
453124,0.013730608
453129,0.025134118
453142,0.162561
453145,0.10131264
453152,0.07235935
453159,0.18546413
453168,0.08517697
453196,0.044368856
453212,0.08378209
453214,0.025443325
453215,0.08753272
453220,0.007423445
453230,0.31355426
453233,0.12698036
453235,0.03997654
453244,0.05067916
453248,0.122974135
453262,0.012036683
453268,0.05838632
453283,0.01931845
453284,0.02834915
453287,0.046321172
453299,0.06925126
453314,0.037982047
453322,0.03698259
453349,0.35596618
453354,0.043755848
453356,0.09815202
453359,0.118005104
453366,0.033877324
453367,0.075353906
453372,0.006554191
453378,0.2497254
453390,0.013907393
453397,0.09666336
453403,0.01741398
453406,0.23300064
453412,0.22135091
453415,0.2622561
453428,0.09277254
453431,0.019191852
453442,0.043479815
453449,0.014975652
453465,0.02055109
453473,0.22757679
453476,0.027611488
453479,0.025813544
453480,0.020931508
453481,0.03513273
453493,0.013355034
453494,0.04804568
453507,0.10333578
453509,0.041471474
453514,0.090501845
453524,0.10992085
453534,0.03872282
453538,0.04609818
453544,0.10187796
453549,0.0078054424
453550,0.26119813
453551,0.011576299
453556,0.030296193
453560,0.20116593
453566,0.03975208
453569,0.113959886
453579,0.03025437
453582,0.011656196
453586,0.06881156
453618,0.024903458
453620,0.06442799
453655,0.14275484
453659,0.020516532
453668,0.041201968
453681,0.025003953
453686,0.09187629
453687,0.055189528
453704,0.012933974
453707,0.06067026
453708,0.01230748
453709,0.07322167
453715,0.0266952
453721,0.06863298
453725,0.028566724
453727,0.026325483
453747,0.2295939
453753,0.1455419
453755,0.02618406
453761,0.04118596
453763,0.009780666
453766,0.011022398
453774,0.016009944
453781,0.34929544
453790,0.05542072
453797,0.2843952
453808,0.10724197
453814,0.09958908
453836,0.07539651
453837,0.0140884435
453843,0.036074787
453844,0.011879969
453871,0.0072161495
453881,0.14865382
453892,0.24383654
453893,0.053838357
453894,0.036459547
453895,0.01582226
453903,0.083997875
453906,0.1398756
453918,0.04279829
453924,0.08450151
453930,0.11804338
453940,0.012563837
453944,0.13679838
453947,0.3412492
453949,0.090825245
453952,0.08829127
453959,0.037832547
453971,0.065666676
453986,0.44129422
453988,0.04127547
453989,0.095807746
453999,0.12817849
454007,0.06191163
454021,0.011781545
454023,0.10910413
454036,0.029380083
454046,0.0112444805
454052,0.12832318
454066,0.045480493
454070,0.31041822
454071,0.040635213
454075,0.060341153
454080,0.010191463
454085,0.119162075
454097,0.20258024
454103,0.03565287
454105,0.0422004
454108,0.057511665
454109,0.069484875
454137,0.14239275
454150,0.014473138
454155,0.013471343
454164,0.07838114
454165,0.02597701
454170,0.09662408
454173,0.03383755
454181,0.012016897
454183,0.1547959
454188,0.24516506
454192,0.009209344
454198,0.22674166
454200,0.02221236
454209,0.004647002
454211,0.3648116
454212,0.0067017963
454218,0.3825734
454220,0.05784128
454231,0.01714867
454242,0.010431821
454245,0.013801918
454261,0.024070924
454269,0.078205705
454271,0.028721815
454287,0.10077379
454293,0.11644418
454296,0.05089242
454304,0.07177878
454313,0.21275787
454315,0.08775224
454321,0.03090377
454333,0.11163346
454334,0.04230774
454345,0.0119694015
454347,0.04694485
454361,0.0675921
454380,0.043996524
454382,0.1179313
454386,0.03339175
454390,0.0774623
454396,0.043362744
454398,0.19223294
454403,0.016375544
454405,0.02707721
454406,0.04811718
454412,0.08908006
454418,0.08205308
454436,0.021787858
454443,0.067531824
454449,0.05953032
454457,0.13577986
454466,0.01403762
454471,0.2828769
454476,0.42187393
454489,0.20091674
454493,0.11361638
454495,0.042213287
454497,0.006889723
454522,0.014347917
454554,0.11395185
454557,0.01889679
454560,0.019537486
454561,0.042017933
454563,0.02617218
454565,0.024906967
454566,0.055377737
454578,0.118121915
454605,0.07829432
454608,0.02651793
454612,0.010748169
454618,0.08512149
454622,0.023592219
454631,0.1403197
454638,0.031025719
454639,0.13152467
454640,0.07582825
454653,0.065703146
454663,0.037790775
454664,0.17002012
454674,0.46526775
454678,0.2573367
454680,0.01879286
454687,0.059605606
454690,0.018917302
454698,0.12072759
454700,0.0828328
454707,0.0066522257
454714,0.025336992
454722,0.07466241
454723,0.01603606
454739,0.076401174
454745,0.03623298
454763,0.11299421
454765,0.026211098
454774,0.018288363
454778,0.027147934
454780,0.06262212
454781,0.1380547
454789,0.018590512
454801,0.025964063
454802,0.055754542
454835,0.06656488
454837,0.08058487
454841,0.015604289
454872,0.08927277
454878,0.021222295
454884,0.0060777813
454891,0.073689796
454897,0.044313297
454908,0.051223047
454912,0.1037203
454922,0.027121127
454929,0.042326514
454935,0.04082406
454946,0.16085765
454959,0.034777354
454970,0.028870888
454991,0.028612968
455002,0.32825038
455005,0.21502194
455016,0.2559659
455021,0.013954463
455022,0.03824524
455024,0.10216426
455044,0.22964878
455050,0.013088728
455055,0.2127128
455056,0.13286488
455067,0.010083192
455069,0.009021418
455082,0.03385769
455087,0.015578594
455088,0.052859437
455112,0.07155642
455126,0.045157995
455132,0.018294724
455135,0.15074092
455148,0.030373469
455156,0.039227854
455161,0.18635072
455162,0.12522785
455164,0.18912473
455171,0.0628981
455174,0.0043219333
455175,0.049121074
455184,0.11304768
455188,0.033396352
455200,0.06499298
455209,0.13011958
455212,0.119701944
455217,0.038681325
455222,0.025907457
455223,0.08960094
455228,0.031015206
455243,0.012240254
455246,0.008670664
455255,0.1802066
455262,0.083538376
455268,0.06235594
455277,0.18690732
455281,0.063496366
455296,0.042132534
455297,0.014242664
455322,0.012854275
455326,0.25834835
455327,0.24018607
455328,0.037305772
455368,0.006757018
455374,0.14516382
455377,0.011917358
455378,0.0034335076
455379,0.06376358
455395,0.027460324
455424,0.08526526
455425,0.016941711
455429,0.010755249
455434,0.116322435
455436,0.026355451
455438,0.018734373
455439,0.16130815
455440,0.017396307
455441,0.011228668
455481,0.015753279
455482,0.013288766
455483,0.01603117
455484,0.23545651
455489,0.05919118
455490,0.080438375
455513,0.4079509
455515,0.1156954
455536,0.024089063
455537,0.03305626
455538,0.013658993
455539,0.07274236
455567,0.18147124
455583,0.039576262
455607,0.0478589
455636,0.15361789
455638,0.025005385
455640,0.27290174
455644,0.017527195
455645,0.013224981
455648,0.018192938
455650,0.027157104
455658,0.13590564
455694,0.017019516
455695,0.041032534
455696,0.020507757
455703,0.15270256
455742,0.017361708
455748,0.10480079
455749,0.22955273
455750,0.19284303
455751,0.022439541
455752,0.106809795
455787,0.06312776
455798,0.038095444
455802,0.13960868
455803,0.072462566
455804,0.07706842
455805,0.013559827
455829,0.009687164
455840,0.046575144
455849,0.03434232
455850,0.03451201
455852,0.06835834
455854,0.13728945
455863,0.035267428
455897,0.04470012
455902,0.014492645
455907,0.0184335
455908,0.057868242
455909,0.04190425
455940,0.03341359
455955,0.06128052
455958,0.032212596
455959,0.12287848
455960,0.007429037
455961,0.22331254
455962,0.05186039
455963,0.038760893
455965,0.022129102
456007,0.39333084
456008,0.018416252
456009,0.0511891
456010,0.061224107
456011,0.03138814
456013,0.18938571
456028,0.23916519
456058,0.11014578
456111,0.123588294
456114,0.049336094
456115,0.07126808
456116,0.011343176
456119,0.016280936
456120,0.057843994
456122,0.10203743
456123,0.01862331
456166,0.13736601
456167,0.0378078
456168,0.043782696
456169,0.07202553
456170,0.01581926
456189,0.14979875
456202,0.14581324
456221,0.029985819
456222,0.056810953
456223,0.019111983
456224,0.037569355
456250,0.27472466
